t_s,Fx_N,Fy_N,Fz_N,Tx_Nm,Ty_Nm,Tz_Nm,F_norm_N,T_norm_Nm
0.047556161880493164,1.765678745516691,1.6926618612665103,-0.8071005697579086,-0.10695080744810653,-0.008057694713288715,-0.1231568331161451,2.5756818395638743,0.1633126057629739
0.09754800796508789,2.223033550840312,1.9188735293424002,-1.0137701329473545,-0.12581710241594823,-0.009666459584217328,-0.11701375242529594,3.1067158982161116,0.17209184163663008
0.14753222465515137,1.6321199346082604,1.6662209391091247,-0.7059091290529876,-0.11446334548309794,-0.017458872870710893,-0.12830466628599208,2.4368864145363265,0.17282579984440538
0.19753217697143555,2.5422710380622675,1.8063958726269833,-0.7508770576481302,-0.1212456807539041,0.0035272298444238436,-0.12635595792345025,3.2078067951976648,0.17515360274514982
0.2475740909576416,2.0494928858766834,1.8315505133990277,-0.673023023068705,-0.12411560290105071,-0.0025147628715622783,-0.11265823451499524,2.8298336279668312,0.16763915031945
0.2974262237548828,2.0338154175282654,1.7305959468695908,-0.850229590072506,-0.1196391181274062,-0.00797864735259874,-0.12135573520375173,2.802544886301019,0.17060009339599932
0.34743404388427734,2.1092729032196544,1.5046852202812306,-0.8090163231310524,-0.1089306217514943,-0.0034058344127592343,-0.13081591856190214,2.714335499432952,0.17026533590959866
0.3974151611328125,2.3587493350322286,1.8286823131905088,-1.0447424588596028,-0.1257275657384296,0.0063285604886695575,-0.11223434993314604,3.1621613231198022,0.16865355249530253
0.4474191665649414,1.9797378797670442,1.656627799934094,-0.7212925014993727,-0.11681883164132062,-0.01586532724446416,-0.13000752119359169,2.680306067003955,0.17550015271081487
0.4974100589752197,2.3809344693085706,1.849679111093524,-0.7361852471193621,-0.12028828898691792,0.003012389708016022,-0.1207602932663076,3.1035673795220897,0.17047403142096998
0.5474240779876709,2.5258103884120677,1.9440755170755952,-0.5978083039657358,-0.12724576325048803,0.006043790144577555,-0.12277167834893064,3.2429188245457907,0.1769205942481661
0.5974030494689941,1.989831371396024,1.963237576200715,-0.5248572420876814,-0.12711794132046075,0.00031848252157533124,-0.12424913542983614,2.84415291286705,0.17775522521639248
0.6474511623382568,2.082537402963413,1.8594800346631217,-0.6056675802065996,-0.12049124950259038,-0.006638415121913655,-0.126112108851337,2.856827130185808,0.1745464802307907
0.6973671913146973,2.408096085030751,1.5397124748867863,-0.9773517374617111,-0.11149040318778482,-0.009853338103428606,-0.11894624607941834,3.0207379361311446,0.16332607792738071
0.7474350929260254,2.110260277834473,2.0028870271221346,-0.8609845982513794,-0.1165356556184315,-0.008541889959794862,-0.1211272171738517,3.0341472215511,0.1683012942754284
0.7974281311035156,2.013190901858925,1.4956343538052554,-0.6408857385750295,-0.11043057946752807,-0.012535838377065922,-0.11104044520666319,2.5885506094181117,0.15710518959297276
0.8474400043487549,1.9085579489267457,2.1187073216209984,-0.8961863102662586,-0.12659624020137972,-0.01622508366184593,-0.12430445224582606,2.989090842013762,0.17816132639014054
0.8973691463470459,2.3702256679415705,2.307733915040788,-0.7027933997438047,-0.12898687392277064,-0.00495855942567278,-0.12821011479249475,3.381940878005114,0.18193414877655964
0.947458028793335,2.332231469495397,2.289339657108998,-0.7315185070854575,-0.12606040930836462,0.0018039910207033976,-0.12409234249530672,3.3489549144658755,0.1768993800005181
0.9973790645599365,2.2667386832691827,1.889628908594252,-0.7596757150085748,-0.12135639073419832,0.0043903507454240275,-0.1253241296759424,3.0472789275676426,0.1745072669854516
1.0474610328674316,2.461391711393145,2.06384144302131,-0.720265533171552,-0.1258651160883316,-0.004454686703235952,-0.1306667642246103,3.2919102504658384,0.18148188602304935
1.0974071025848389,2.4339847842144615,1.4866194687277103,-0.9792149899882823,-0.1066044321884186,0.009434230680892115,-0.12771062783175513,3.0154902372923598,0.166623870234539
1.14742112159729,2.3612447347534484,1.61675057383734,-0.6379952329055789,-0.10884351007337129,0.0005134805161965124,-0.12363061462509617,2.9319612945287146,0.16471703682349204
1.197404146194458,2.5435399934218355,2.104096112836217,-0.61074716955932,-0.13181605420161088,0.001337205016103256,-0.12788839272797678,3.3570564867624064,0.1836646434594376
1.247427225112915,2.160506041486111,2.1863980461199257,-0.7752558379058245,-0.13089237538679502,5.964234906585158e-05,-0.1223789594665575,3.1700385463874214,0.17919103552277604
1.2973952293395996,1.4661938931486562,1.7221082813074664,-0.666520360837214,-0.11377517674841567,-0.02048988790183275,-0.12129441541722474,2.3578869473036104,0.16756181415158164
1.3474040031433105,2.0021065004991976,1.5293879113876434,-0.660960181965847,-0.11673328444874148,-0.007640101229994425,-0.12741143658389542,2.60467391144921,0.17297024315577336
1.3974051475524902,2.5745963775917846,1.7373009195625395,-0.7639933513455738,-0.11980815470753453,0.009435743573617938,-0.12462341330003371,3.198506969434618,0.17313007345277312
1.4474411010742188,2.0722124467100485,1.770634808926533,-1.0270549853534507,-0.11907236218670911,0.00028268960787514673,-0.11791192111188342,2.9127399461369223,0.16757544119122064
1.4974050521850586,1.8930434504639253,2.1861763035376875,-0.8130386969058524,-0.1290734570023302,-0.012404878749527656,-0.12230470656515022,3.003999377190421,0.17824780382184338
1.5474271774291992,2.203476170361686,1.4192294758630855,-0.8588700686761263,-0.11229336506429172,0.0012046321926375424,-0.11262199284138737,2.758111189451604,0.15904390666651563
1.5973901748657227,1.752839064882845,2.1784658596069364,-0.7325656307418231,-0.12911651941917607,-0.00530937668627915,-0.12173850548141281,2.8904689398428967,0.17753740108655203
1.6474390029907227,2.0083755763256756,1.7912669676042567,-0.46921249572422963,-0.12188144225081446,-0.00676589349073305,-0.1261164401318251,2.731733912912347,0.17551700701467876
1.6973791122436523,1.8933766462905999,1.548497183398508,-0.93357980834478,-0.11194127489933614,-0.010090316409375244,-0.12925671660186358,2.6180698826159756,0.17128911902985702
1.7474100589752197,1.938536983367367,1.668050563923958,-0.8782871379584797,-0.11111999654654552,-0.0009806982809697675,-0.1210816907419026,2.704016755937985,0.16434534138374693
1.7973930835723877,2.847468261142381,1.6687226722337756,-0.9034545916290619,-0.11178285452992379,0.010278802058173794,-0.12313595905934438,3.4218329962427863,0.1666239021031309
1.847433090209961,2.342358521244753,1.8310233333598356,-1.1861551125663328,-0.11852125132414566,0.003117658217527887,-0.12238528617923708,3.200977013416891,0.1703970806128332
1.8974130153656006,2.1238028981341412,1.9939414179683006,-1.0852214015568475,-0.1222932401192544,-0.011927249773534416,-0.1303366422137092,3.1087049745528157,0.17912435950916986
1.947416067123413,2.3811081340736138,1.3955172145298482,-0.9645288072638608,-0.10954811355948424,0.00273968604206724,-0.1164441401589188,2.923603950989689,0.15989850793988253
1.997387170791626,1.9359250111057786,1.6297859506646026,-0.8824362984148143,-0.10228210574006201,-0.014000555792497303,-0.10986010612734058,2.6800562894030175,0.1507543950783213
2.047430992126465,1.7986338061433131,1.463333936443408,-0.786432439798924,-0.1070630937016224,-0.013750013024222525,-0.11942465450885727,2.4484496646891944,0.16097769098756692
2.097405195236206,2.5808388409006593,2.000341328539963,-0.6431565665376597,-0.11651621672317519,9.237241951238118e-05,-0.11990858896827614,3.32802417696251,0.16719481750493587
2.1474192142486572,2.323398640260204,1.8348293165724312,-0.8409171874233528,-0.11094281294184373,-0.0020583849261588847,-0.1121556140115048,3.077648709424229,0.1577701696970971
2.197411060333252,2.3833356695722117,1.9595444171474046,-0.571286260889494,-0.12098731757919066,-0.012611761619127205,-0.1097401888933224,3.1379087348917407,0.16382886377097203
2.24743914604187,1.9567718428427803,1.9193384263183697,-0.8062365056221564,-0.11518282946418804,-0.009171314753934852,-0.1216859205536447,2.857067262540809,0.16780542446142763
2.297410011291504,2.3165737251916245,1.575988666679456,-0.8706946031257646,-0.10762707405547531,-0.001319482693282004,-0.12483605243737778,2.9340012259136197,0.16483133225351415
2.3474090099334717,2.151529332856585,1.6392692872332844,-0.7249708708874792,-0.10685753751126713,-0.0015418277688433726,-0.12109380703394809,2.8003330212394335,0.16150733933111427
2.397397994995117,2.2791592766078854,2.03101824475223,-0.7538148500146744,-0.12017382874839658,-0.005243693589335377,-0.12765652268363462,3.144493432457262,0.17540077885284633
2.447439193725586,2.1509228205111883,1.8101339523977578,-0.6071854506055026,-0.1215495074653281,0.003670920276061356,-0.11177061012680319,2.876061208814225,0.16516787735166572
2.4974160194396973,2.2572788631723033,2.010694426164613,-0.6965982661930809,-0.12445758060265556,-0.0005370452669944428,-0.12326701991306124,3.1021684490041954,0.17517059109717117
2.5474350452423096,2.0251593866534163,1.9496277453005326,-0.7197772050818136,-0.12212906989717492,-0.011034418118138477,-0.11687028589814205,2.901792224049039,0.16939873619088308
2.597407102584839,2.1415818941323903,2.2412899867041363,-0.9653414775209623,-0.13119258665003591,-0.005904213988526089,-0.127183006062021,3.2467888724089002,0.18281649697366362
2.647433042526245,2.5821111605508866,1.7843747323055952,-0.8700673580860302,-0.11937121259717731,0.0032366499588754346,-0.1295946241188221,3.2570398275641206,0.17622351971395755
2.6973891258239746,2.2699523929099765,1.7432004352137354,-0.9599627048002328,-0.11007658082369677,-0.0006946346616439087,-0.12224624883041454,3.01876796359284,0.16450374316791894
2.747415065765381,1.9577951028452485,1.8372669707761249,-0.8595714623065975,-0.12244901933116648,-0.0027928802508511603,-0.12276679058166129,2.819108845972716,0.17341639883523546
2.7974090576171875,1.8945686708750549,1.916183801184606,-1.0409970619651787,-0.1161424508719776,-0.008129412647357684,-0.12798576749919519,2.8887411949850565,0.17301882246420125
2.847440004348755,2.157693164312196,1.6262796816923089,-1.1596577203479121,-0.11654104631945861,-0.00426600129847945,-0.12571914495071437,2.9402774397609712,0.1714797878802384
2.897383213043213,1.9964519258320634,1.8107277357689069,-0.9699835835539141,-0.11686592872100626,-0.010015188824486303,-0.12503315039155735,2.864511018935944,0.1714387295795534
2.947392225265503,2.613800130740066,2.097136110016214,-0.9862970396383376,-0.12338280862622007,0.002409244181348596,-0.11708987035758706,3.493238159328687,0.1701151364881337
2.9973690509796143,1.6756606377000545,1.8406041621529787,-1.0503099820649382,-0.12209413011854146,-0.01154271732173497,-0.12267506355739834,2.7016316019948894,0.17346291289893795
3.0474162101745605,1.953323117106766,1.8528530533567398,-0.962105076954219,-0.11700345050701699,-0.010096758394302017,-0.12616363908519918,2.8590526081655385,0.1723630348649074
3.097391128540039,2.7304602263331184,1.967173045512039,-1.0143432306953868,-0.12288759772657032,0.006254408762648887,-0.11726123095354948,3.51483641557239,0.16997257304847552
3.147383213043213,2.427516231770391,1.8672735302925234,-0.9973142030777292,-0.11762307419723382,0.0009771932432542133,-0.12152846853609797,3.2208975631181422,0.169131047282786
3.197395086288452,2.150018229725673,2.044095861984105,-1.0174668075149373,-0.12436238473187963,-0.0056528314845089205,-0.11670640176177452,3.136262901213464,0.1706409723723263
3.2474071979522705,1.9635590246031653,2.250889391402425,-1.0277947816239745,-0.12759918350883448,-0.01791237001471977,-0.1255923646245221,3.158865177332199,0.17993289494598913
3.2973601818084717,1.9723045733267388,2.1074986843352703,-0.6739196994461885,-0.12300934370115518,-0.005947413663318632,-0.11790740518861229,2.9640687906561993,0.17049582565383573
3.347407102584839,2.425600393200594,1.9657477361883564,-0.7527889682039204,-0.12138069544146983,-0.001028989422619628,-0.1138133131980264,3.211602817982642,0.16639652131639882
3.397414207458496,2.0123611113775617,2.092927400196158,-1.246642020810061,-0.12256606039978338,-0.009253783941027618,-0.11742462703244193,3.159756109753722,0.16999004298151896
3.4474501609802246,2.1978241750796466,1.7494723845077857,-0.806901767947138,-0.11793873151108303,-0.009495319967375316,-0.11963938644044488,2.9226999832066416,0.16826552908891432
3.4973762035369873,1.9084081983053844,1.894805751322103,-1.1457488709872488,-0.127187174890415,-0.006521107752866856,-0.11819968521158428,2.9231919475072243,0.17375346870507974
3.5474071502685547,1.948461929327795,2.365898838822478,-0.9646391655507546,-0.12509580658901598,-0.011771474549032547,-0.12366225160683972,3.21317754338222,0.17629486921543788
3.597382068634033,2.226469118609184,1.9152990852794498,-1.00283967246581,-0.11458918700120072,-0.005882837022621233,-0.11854255666001769,3.103421133340428,0.16497765693730884
3.64743709564209,1.7534738436281692,1.4765339879579602,-0.6972093029152627,-0.1027905295722068,-0.01413424364766451,-0.12658510824443261,2.3960225270132103,0.1636748589199972
3.6974000930786133,2.1650450853339054,2.2973370498023775,-1.2464438309256927,-0.12372749053469627,-0.021108223145763095,-0.12298567194152107,3.3939357633249196,0.1757257081399649
3.7473881244659424,2.148723741690973,1.9193000335407013,-0.8915227246153032,-0.11515498575166332,-0.0075010434968310995,-0.11866151824071125,3.015881149077544,0.1655218786390421
3.797375202178955,2.500667407015365,1.7565825651673195,-1.2617613472387523,-0.1233347634203359,0.0029724753842180754,-0.1224178642113659,3.3062004606715094,0.1737999797351324
3.847405195236206,1.7749656305048729,1.991210894000091,-1.036235019764013,-0.12091247492682126,-0.01930793728908699,-0.12178157125209149,2.8616790228891023,0.17269445310118312
3.897381067276001,2.396265375372458,1.8698844780123176,-0.9483910590354833,-0.11657614924848332,0.0023600401144653694,-0.11954428598037989,3.184022818884744,0.1669922293806074
3.9474081993103027,1.6368048186414266,1.7890763828898375,-1.0421383659844625,-0.1187414815845664,-0.017255987968673604,-0.12186765663180513,2.6393136782123383,0.1710234904994062
3.99737811088562,2.258553052661963,1.895980496593006,-0.8425061090467622,-0.12206834699727294,-0.003487539810258701,-0.10787655291278293,3.0668584054257946,0.16294230555911265
4.047396183013916,2.0337346376557557,2.1748355964404515,-0.7264157072256855,-0.1271329744919921,-0.012321633704888934,-0.11566557084516257,3.0649088449168396,0.17231697577219807
4.097381114959717,2.1745074454019404,2.020508328117761,-1.0237989149038884,-0.12349981623514353,-0.006487117420840486,-0.1213107445730401,3.1399205009458573,0.17323563158718638
4.147416114807129,2.0872636613010442,1.572530538299504,-0.7209771796417026,-0.10927876025422062,-0.00035540736498027655,-0.1208465318809005,2.710964769088022,0.1629289968812673
4.197365999221802,1.8881256570277947,1.9545131129824607,-0.8971095399447027,-0.1195347404864235,-0.01501125454456564,-0.11663559233605598,2.861808087941403,0.16768349157189266
4.247411012649536,2.3173618958865307,1.9094448277162086,-0.7195565656997978,-0.11731718330422831,-0.008927966226923089,-0.11688654092277138,3.087702601909822,0.1658478023016214
4.297370195388794,1.8642919232602715,1.9689512678410468,-1.2709112893614147,-0.1277974866633969,-0.005173523160983253,-0.11364199255963137,2.9945899511773963,0.17109490177179928
4.3473851680755615,2.1872186072006756,2.1349295212186172,-1.191203119197151,-0.13332941706006968,-0.0010575220811544165,-0.11353222216454102,3.280367992686284,0.1751211502821656
4.397375106811523,2.137038725292788,1.7227736154657103,-1.0923911859952062,-0.11876786376224754,-0.01309690363597478,-0.12083970933366535,2.9543530504639812,0.16993990025695124
4.447395086288452,1.6089501396175263,2.186911235449868,-0.9684139240057204,-0.12329347953004922,-0.02069288844399991,-0.11427381997617558,2.882555607741207,0.16937527463809432
4.497381210327148,1.9416918139026127,1.7414436025113715,-1.1031327913357392,-0.11665607167078708,-0.012095703190811767,-0.11425108698425882,2.831906579713459,0.16373226917875627
4.5474090576171875,1.9095813939450115,2.177477561461395,-0.8986510796466181,-0.12982334447479582,-0.011566513815587388,-0.11049490292635798,3.0324055457208994,0.17087132171658573
4.5973920822143555,1.7642408254066215,2.1923032045297695,-0.9751513172282449,-0.1296061782695069,-0.013696897058651016,-0.11196383286145607,2.9781972940211525,0.17181753782338563
4.647433042526245,2.085252528440539,1.5898730362119722,-1.1868731165480044,-0.10840422612038364,-0.011651692193140556,-0.12324527973690141,2.878305434352982,0.16454980142543485
4.697374105453491,1.5074372051056262,1.8658380240381447,-1.2413513533190728,-0.11794255409145392,-0.022774172215670258,-0.12192973977010212,2.700864980273972,0.17116065677055975
4.747388124465942,1.7907228068901992,1.9712263634933218,-1.346497742010765,-0.12720944297955195,-0.013261009406885616,-0.12292839378509049,2.9842047041863444,0.1773964113285262
4.797359228134155,2.570871974916011,2.094319055799061,-1.2787929020507403,-0.1285525461152903,0.010559510934025974,-0.13082334876154653,3.553993008606935,0.1837171983377574
4.847394227981567,1.608667833100656,2.0010585131462855,-1.1381875955406717,-0.12210149174276651,-0.021826252962723284,-0.12307623151351266,2.808472604981334,0.17473671156276643
4.897364139556885,2.66124872365622,1.8629667997314083,-1.2755447346402444,-0.1257663575621556,0.003520236304724344,-0.11232645881060489,3.4899719821413746,0.16866179800720607
4.947374105453491,2.132250688057151,1.895923098650326,-0.9963180356997735,-0.12217059636337657,0.003007187265900193,-0.11727485862999822,3.022195728435983,0.16937558932066138
4.997363090515137,2.4882396514074014,1.7228538786277054,-1.1512044347176533,-0.11604300957268103,-0.00310164844741634,-0.12045899958910432,3.2380292927106367,0.16729008002802956
5.047399044036865,2.0576364569508296,1.871508750726162,-0.7450649374857431,-0.1137904657075077,-0.002824410625290814,-0.12439757041299582,2.8795024837788206,0.16861495457392855
5.097372055053711,1.8119876315901076,1.9672091662523397,-1.2391631417872913,-0.12217034995670505,-0.016213361823309857,-0.12286938993480162,2.9476662587183955,0.17402687865128097
5.1473870277404785,2.477755120258625,1.5740855993635816,-1.077505256639827,-0.11065195518072563,0.005821242294673617,-0.11593697124621526,3.1269847278453566,0.16037182841420858
5.197368144989014,1.7753777686468062,1.8042304026158076,-1.1006870415061156,-0.1173269869401052,-0.009539907028923789,-0.11704662733355495,2.760203892915883,0.16600164053624356
5.247404098510742,1.827819151396783,1.9437411142582395,-0.8605715081764087,-0.1233506152985897,-0.009436199081279096,-0.12315155570554864,2.8035041805133334,0.17455864865522722
5.297331094741821,2.203794237081607,1.9879088325954324,-1.1103586704158552,-0.11841211375630105,0.006067863175747446,-0.12270436872005026,3.168814753669375,0.1706300376567409
5.3473961353302,2.095502000012119,1.6400983066896366,-1.0960933023880175,-0.1168097534765706,-0.008988650402080835,-0.12786386337490355,2.8779283547720356,0.17341995819531275
5.397339105606079,1.9063933652598326,1.9714304339407134,-0.7467143948072946,-0.11747486746524054,-0.015408714925484727,-0.11227056745914223,2.8422624802060072,0.16322516135457943
5.447341203689575,2.1531153101115046,2.266261668183626,-1.1723526509730704,-0.13614000283466485,-0.009069412813612695,-0.12160338991571987,3.33860123787771,0.18276689815062483
5.497341156005859,2.133772642545133,1.6105171083549368,-0.8861067918408013,-0.11220921628863945,-0.010356426485760087,-0.11842265363501675,2.8163693459708696,0.16346892268448082
5.547375202178955,2.0302050228229627,1.7798554316098458,-0.9401165054229345,-0.12206780036602276,0.004966498922361368,-0.11114095713421765,2.8589223207172467,0.165159094059198
5.597358226776123,2.103991040203918,1.893558217060693,-0.7052130496375497,-0.11577780385173098,-0.0015479646664893387,-0.12413068673312387,2.917133261274762,0.16975076862322458
5.647396087646484,1.9450642438769024,1.9775335962489624,-1.0461332254426479,-0.11614167280376654,-0.012030467889263407,-0.11996440077330359,2.9645081822246366,0.16740692271286026
5.697328090667725,2.1189911829802095,1.80472216647033,-0.7331154587868339,-0.11193711188196226,-0.00774937645998343,-0.12547870032622743,2.8782988044345674,0.1683296589658301
5.74738621711731,2.429789108041235,1.9710897810004746,-0.9430595717850397,-0.1198823161711215,-0.0029170960881896952,-0.12617169010656523,3.2677869254674032,0.17406772981942287
5.797332048416138,2.4127103524002766,1.728232611236892,-0.9966827346132688,-0.11298927367062224,0.0011981063856629113,-0.12007429964164626,3.130708494350494,0.1648813174921828
5.847362995147705,2.7510284416264863,2.112452692763136,-0.9886105797158986,-0.1333968934343736,0.01572995736547096,-0.12480298514529092,3.6066556176222706,0.1833519780036116
5.897330045700073,2.268642604948905,1.870238882607161,-0.9951139845551146,-0.12173051668425693,0.006757255577905276,-0.12347169069186693,3.103994940276513,0.17352013600003127
5.947345018386841,2.032370324750611,2.0024327444282384,-1.1162991040816506,-0.12359526530951781,-0.01268583821365973,-0.12167508042594918,3.06372154783342,0.17390096404210775
5.997385025024414,2.016920078139239,1.7560541997758103,-0.6063984464239508,-0.11334200321829577,-0.016589652671885762,-0.11851184284332646,2.74215463276177,0.1648231875781781
6.047408103942871,1.9713054095897111,2.02020841539644,-0.5461014379152995,-0.12693031395948057,-0.009780238242090752,-0.11678295967681936,2.8749806677627263,0.17275768386037704
6.097355127334595,1.7325398799628724,1.9166982152789342,-0.9310500202755625,-0.11349429557674494,-0.01130959916930576,-0.12858347954464258,2.7463212893560613,0.17187953157266697
6.147384166717529,2.7710733852103364,2.0635595479709097,-0.8781636180691665,-0.12927379467131445,0.0031794657422094513,-0.11431081627836581,3.5648698509683783,0.17259428063917226
6.197359085083008,2.24160241671572,1.9548238488359606,-0.6315772482740339,-0.11416150055563215,-0.002338900702599193,-0.11663739076711428,3.0405603916286545,0.16322560948138848
6.247416019439697,2.434393509118446,2.130463809413944,-0.8450157085350415,-0.1284393212177326,0.010410639761174137,-0.11609132218784911,3.343530970117007,0.17344231243393818
6.297366142272949,1.9310743388433604,1.9053415076608773,-0.9379035781473499,-0.11429437122638432,-0.012470733852161821,-0.1247503585525035,2.870372359965924,0.16965074257374824
6.347386121749878,1.9253225065161985,1.6443113279804353,-0.7234871537747444,-0.1154434659212809,-0.02033819152502409,-0.11813530723833279,2.6332603667506334,0.1664235159907451
6.397356033325195,2.582568278518991,1.7846428001373564,-0.73221285720079,-0.11525587655612982,0.003916784120711249,-0.115191847557259,3.2234677764086297,0.16299822091736121
6.447395086288452,1.9506869886060445,1.7836878280950905,-0.7890699757987366,-0.11464346496582431,0.0011037735822178338,-0.11028584564450808,2.7585056502241425,0.15908271472732433
6.497370004653931,2.6364451039611705,1.8223521290429183,-0.6510473773040281,-0.11601368204049364,0.0032580786625899943,-0.11414061224389667,3.270423941314419,0.16278166008668163
6.547382116317749,1.5805243231639128,2.1535844747516326,-1.009786727109386,-0.1253308429021071,-0.0190309887413065,-0.13528318293294678,2.8558102983654736,0.18539562643032745
6.597377061843872,2.2013038487282874,2.1872581771195523,-0.8279142505472162,-0.13203283034926555,-0.0026750778986578635,-0.11707294123877925,3.211740801195121,0.17648200447099552
6.647365093231201,2.0912461841157066,2.160612006385405,-1.1086249252047677,-0.12547258574361186,-0.01198950423462057,-0.11625509213119518,3.204778318308545,0.17147117667821812
6.697383165359497,2.0898414429075736,1.9695931173098469,-1.0111605476384198,-0.11975930597482654,-0.004941555102470886,-0.11710035965440241,3.0445327978770007,0.16756850708171053
6.747403144836426,2.3229352004131307,1.8003459502614187,-0.8795916047170264,-0.11730077814843828,-0.0025393326891683756,-0.11556389041966822,3.067727966595108,0.16468434513840258
6.797361135482788,1.9614368929819344,2.232478058185954,-0.6463086552767566,-0.1326218715313619,-0.012066884148094332,-0.12224519126694607,3.0412017103964017,0.18077073128528529
6.847381114959717,2.3132189689143523,2.2409934101418725,-0.8707857134589214,-0.12770074643581647,-0.0005108199897092513,-0.116084401507548,3.336360475309681,0.17257847447086844
6.897355079650879,2.088559371956509,1.8489400906495088,-0.6486762410540192,-0.11761946330590242,-0.009631436538590804,-0.11699045626195329,2.8638157368633816,0.16617421452964787
6.947380065917969,2.3166098588825594,1.875082238703078,-0.9158351232010611,-0.12123673117820467,-0.006031074743522711,-0.1264206988756901,3.117910937320103,0.17526240884330027
6.997356176376343,1.593861250806217,2.014679229749857,-0.9248302263214958,-0.11975206566946543,-0.027843262670232353,-0.11378580689908298,2.730318119400174,0.16752019090218026
7.047385215759277,2.1814780120607034,1.820761405810464,-0.9855162218468033,-0.11311305592250472,-0.006771084310205838,-0.11827387312945872,3.0075339794450224,0.1637959708537023
7.097354173660278,2.422155212862063,1.5859839509851597,-0.9217075455099732,-0.11191668817283258,-0.0032515504286693905,-0.10993268079355768,3.038375514551712,0.15691115950825
7.147367000579834,2.0229935666632946,1.8196287591544276,-0.7914098280060511,-0.12236414260562543,-0.006951981666992127,-0.11610427331817032,2.833704520193933,0.16882391929892052
7.197376012802124,2.239921224443166,2.035574876290092,-1.201091206022035,-0.11707487351928739,-0.008562685497311203,-0.11985905608336808,3.256291180757314,0.16776781251980066
7.2474000453948975,2.010395659273911,1.9603459229287303,-0.7660740632343193,-0.11934654876281012,-0.0052537795164374745,-0.12454516077561147,2.91058693646677,0.17257664376567317
7.297359228134155,2.383939089408952,1.780009685153372,-0.6906399713877529,-0.11739763518016118,0.00486434885881982,-0.11657484941810849,3.054273011917937,0.1655160480212393
7.347368001937866,2.436824402770204,1.7873857781663882,-1.2406422453671118,-0.12039814167261115,0.010288877715342495,-0.11005905278565438,3.2668110246718243,0.16344591956648802
7.397378206253052,1.4911904064439694,1.887682062434944,-0.9920874948664611,-0.12251699889796865,-0.023131638257466825,-0.11646960737034577,2.6021587181760424,0.1706184548882144
7.447420120239258,2.105015249927783,1.5446552841087229,-1.2846136581494778,-0.11100880038789189,-0.007227488835449393,-0.11782968733227872,2.909859343655241,0.16204636859630003
7.497377157211304,2.5210863802075854,1.8356349778260077,-1.1656962728286766,-0.12058091511832716,0.0036804790412595387,-0.12136255286150965,3.3293062503730626,0.17112034435977827
7.547339200973511,1.7757084422806355,1.922852486223144,-0.7288705020651777,-0.12428892311850583,-0.013074208742920498,-0.12610381331651013,2.7169384175100455,0.17754110250073515
7.597388029098511,1.723554526792981,1.8680837768483092,-1.093745199065937,-0.11935639974952848,-0.011532052064666738,-0.11369762150303879,2.7670662739862606,0.16524553706965794
7.647397041320801,2.1997807875785282,1.799312268578454,-0.8684608720737813,-0.12017479705120018,-0.008508696846114175,-0.11679775267628546,2.9716635811578174,0.1677977794803822
7.697390079498291,1.9929893264112608,1.8770649904178156,-0.8270255915184046,-0.12100144396195787,-0.010923643002988101,-0.11614430645480911,2.8599564266729334,0.16807788474158097
7.747387170791626,2.2680807002294237,1.275289783202032,-1.139827410225253,-0.10583665196849869,-0.008735357522037298,-0.11559888175731402,2.8407324089032895,0.1569738985770577
7.797382116317749,2.1719963588372964,1.87477702376053,-1.0701243314661695,-0.1214333324272062,-0.0036105921450670085,-0.11900864156644798,3.0622741804774405,0.17006512684117717
7.8473801612854,2.4350137703553347,1.686026053909386,-1.3695785820232498,-0.11304824468885358,-0.003778631431812649,-0.1123094844210642,3.263084646253936,0.15939762850699396
7.897319078445435,2.1798312294448694,1.9428037793413475,-1.1650825171617596,-0.12053340513063499,-0.009625872528357069,-0.11819343379683342,3.143814241599229,0.1690876901699364
7.947354078292847,2.0523241392431424,2.080965865540365,-0.9768330422683753,-0.12435811704468282,-0.01858677702521202,-0.11264695923928439,3.081664501293344,0.1688186807818998
7.99731707572937,2.187184404832812,1.7427222998375875,-1.1454095659419294,-0.11413093095662066,-0.009243179209050453,-0.11906663989748442,3.0220555436401813,0.16519131484249638
8.047363996505737,1.7890267145924525,1.8343050993165937,-0.9533467189641813,-0.12443596390322866,-0.009640247674930078,-0.12393861257312251,2.733891319980385,0.17589207820226066
8.097366094589233,2.1516866466182774,2.00272142064399,-0.6143821023504633,-0.12536629177429132,-0.0013944622365599018,-0.11390049590212514,3.0030174627581276,0.16938705560023162
8.147350072860718,2.3085180381916244,1.8731483500584425,-1.0230129108570611,-0.11153380785798608,-0.0031362284048535175,-0.12104865294788837,3.143961782490844,0.16462807356100567
8.19734001159668,1.8717669264362062,1.79334136112261,-1.0420092489983515,-0.11983690066557458,-0.016676043320898188,-0.11128875485178384,2.7938088587825125,0.16439026777285723
8.247347116470337,2.2151933146825367,1.795352954186729,-0.9741959544616884,-0.11460075471877862,0.0026906632559661535,-0.12077531695037144,3.0132094864464265,0.16651501384359713
8.297345161437988,1.4532576260125152,1.6413892610055087,-0.9073066869218517,-0.10504223199117464,-0.011901356502151322,-0.12171517850983547,2.3726191978151165,0.16121444559331577
8.347340106964111,1.9903195746849187,1.825869511551048,-1.058925964505182,-0.11554719114929134,-0.006439214468660832,-0.11595433220471055,2.9011197288096966,0.16382314861613623
8.39734411239624,1.975905007145436,1.977185871476767,-1.080426127963599,-0.11988615603589535,-0.008836254163177936,-0.11213207753829109,2.996795819807576,0.16439091401215777
8.447351217269897,1.8345127253209468,2.1605845268290267,-1.021023723919278,-0.12238309057670255,-0.01377184319465924,-0.11621485308673406,3.012648648904065,0.16933155819886275
8.497352123260498,2.2862672469500764,1.8201527174813747,-1.1226275025707289,-0.11479294410961371,-0.01673525157996299,-0.1147631195593088,3.130537709237777,0.1631810720450805
8.547357082366943,1.8014166375663065,1.6899323532172894,-1.2291325011627623,-0.11397176163895491,-0.017820469241729434,-0.11758249453002191,2.7589381953871044,0.1647202919952026
8.597346067428589,1.6773584082907689,1.9842351011826185,-0.7464816962860432,-0.11563061685028077,-0.0263097572105684,-0.1331606942576149,2.7033229717366414,0.17830988018846708
8.647372007369995,1.929630324420503,2.210403201342138,-1.0013893955693245,-0.1270532675700521,-0.015157261144415332,-0.11849642832344329,3.100344532948789,0.17439518024028125
8.697350025177002,1.986490621850854,1.9810213870246378,-1.0243349000452329,-0.12046633946511175,-0.012298391891993882,-0.12573067397307203,2.9866122470118364,0.17456114047798707
8.74734616279602,1.8196576587209377,1.84495614667333,-1.388049378818022,-0.10944471337496856,-0.011001059648038578,-0.11539566533187468,2.9396765563793856,0.1594218560188494
8.797336101531982,2.0649788225979635,1.7933376623674824,-1.0354016186638049,-0.1111221535423268,-0.01368682528962199,-0.12243241478564901,2.924423707497832,0.16590707756041723
8.847361087799072,1.9396123966181884,1.6839386345167582,-1.1606731943472257,-0.10465763305209656,-0.010328094589343927,-0.1269278859367747,2.8186712894570216,0.16483500211512306
8.897340059280396,2.1252902021373847,1.6720566218919581,-0.9580036611522671,-0.11228070436963904,-0.0007105608236272644,-0.12310229651910003,2.868867861177133,0.16661823693312441
8.94733214378357,2.2372753094280378,2.1888437313006537,-1.0535193606874,-0.12783738969135613,-0.009621747608185328,-0.12407887822168107,3.302474940642802,0.17841116627298312
8.99733304977417,1.6558314858149594,1.6917139675955577,-1.288615109032494,-0.11033165332882393,-0.014027504451192174,-0.11389709663788089,2.6952185360005423,0.1591929434049725
9.047344207763672,2.1148496458258648,1.6212448808287339,-1.0350085447889112,-0.11158855213357312,-0.016979364244689488,-0.11297110965278875,2.8587176628427686,0.1596958840847297
9.097325086593628,1.6098770885774787,1.586677540152501,-1.107260924284777,-0.11822321046488718,-0.016872859810960903,-0.11771873245100829,2.516997538973582,0.16768756918954195
9.147343158721924,1.734253424146823,1.889556130020239,-1.1810893438749208,-0.11561159750363141,-0.014672291596316498,-0.11647954505438787,2.8236553164076055,0.16476893528243175
9.197334051132202,2.503191432690704,2.0641718744168625,-1.1130018808899513,-0.12212154849531025,0.0027174246745962313,-0.11696806416488652,3.430094176942425,0.16912298790594826
9.247355222702026,2.4903967463505126,2.0239803595729415,-0.9552282370747066,-0.12729158858194495,0.009055672420123855,-0.11632249277872435,3.3482881350139335,0.1726733217754037
9.297338008880615,2.1336718123304874,1.6392332582745883,-1.0182800953074604,-0.11023862982590815,0.0016603857139684923,-0.11664893924900735,2.8768968403935795,0.16050634696027247
9.347346067428589,1.98138180143565,1.919096900236589,-1.0194960208009087,-0.1273692715971422,-0.004458271727885521,-0.1292211532300741,2.9407786200234374,0.18149631945606093
9.397340059280396,1.7495878819424393,1.5280600447560588,-1.035280466693934,-0.10744395760061648,-0.008658620273847131,-0.12188563390220092,2.5431930523925486,0.16271227206843097
9.44734811782837,1.9838812019661145,1.8765266461789887,-1.1238677188113038,-0.11893418361285862,-0.0032808453633165475,-0.12077968884696778,2.9530011050997595,0.16954007554535747
9.497336149215698,1.8835156778433475,2.0002589594484235,-0.9090560264252682,-0.11481721229711128,-0.004472555130515848,-0.12286144704052775,2.8939678769322015,0.1682198893055391
9.547337055206299,2.10091553311673,1.7155870169087453,-0.9280964573472826,-0.10696241499254545,-0.001940953354136881,-0.11786056357692949,2.8667835502558576,0.15917235302536645
9.59734320640564,1.7786391362984395,1.7232747804340536,-0.8173589090807325,-0.11053172697177009,-0.009664905614018919,-0.12441404156383833,2.607931887972947,0.16670191002546525
9.647351026535034,2.3780248835776954,2.001504603710207,-0.977196561495624,-0.12536734132866006,0.011447751754533785,-0.11399293614793687,3.258210574132178,0.1698305354866368
9.697343111038208,1.8120205963458234,1.936723221484329,-1.3810434904725815,-0.12459606426185145,-0.00996414556617914,-0.12589510393715328,2.990250257218416,0.17740642779153762
9.747335195541382,2.1819672326082733,1.8479743116668124,-1.2816939684984012,-0.12013663144468897,-0.009882406168194994,-0.12186685386875742,3.133485198567534,0.1714117914217668
9.797336101531982,1.9071011454935054,2.0060258900318977,-1.2799973687081558,-0.11527174976935288,-0.0168055643630706,-0.11656642492429149,3.0495192923673575,0.16479603972207615
9.847366094589233,2.1088715430060443,1.6866155807389356,-1.0379744065468033,-0.11390986150457132,-0.009838096493404601,-0.11382952037439724,2.892991906441879,0.16133630837250948
9.89733099937439,2.2739470928001437,2.072534212965512,-0.8098587996435291,-0.12201922026422636,-0.00440833797966205,-0.12896950586305597,3.1815255334708312,0.17759858389129557
9.94733715057373,1.7161884449207467,1.997543520255579,-1.2198447096458829,-0.12328926308274826,-0.0186483236182927,-0.11604618737183105,2.9023273436064354,0.17033707749282834
9.997343063354492,2.097315323042807,1.7834180739688432,-0.901230314741047,-0.11608531615245544,0.0013897415029230542,-0.12554119485311674,2.8968133648954915,0.17099217412738135
10.047349214553833,2.4908933715501034,2.0457362376537143,-1.129881162344669,-0.11779107589474964,0.00445823303760814,-0.12952774386908217,3.4155845741985598,0.17513437650579866
10.097352027893066,2.1696136419164103,1.8545591739161003,-1.1063061760088748,-0.12178247454542136,-0.006002956643040149,-0.12103490956028695,3.061131561991666,0.17180353875031582
10.147346019744873,2.0534271071147203,2.0580617204233005,-1.0963356551697383,-0.12641324971465293,-0.006142393815057654,-0.11684159637199652,3.1071100395868996,0.17224981087930114
10.197331190109253,2.236493288164344,1.5161412469199869,-1.3437243998869115,-0.11055657091815757,-0.001734937129322712,-0.12157676638223179,3.017645070492501,0.16433707890790827
10.247363090515137,1.9730793245453953,2.005561760823595,-1.3483297374743215,-0.1220536188098534,-0.0012567512073043377,-0.11268855282824382,3.1198258089809956,0.16612457743122164
10.29735016822815,2.6742666305325526,1.8485838784747917,-1.0324554986106038,-0.11689908668539761,0.0013169321168855705,-0.12049184734174992,3.411001132152862,0.16788512755425405
10.347361087799072,1.9540975999730448,1.881219691354646,-1.288778795762064,-0.11601931182343349,-0.01652043544349106,-0.12461945337865653,3.0030710517346737,0.17106552447416398
10.397330045700073,2.3503403797574967,2.411224151401267,-1.0354675001718157,-0.13057034856592847,-0.008546769960403556,-0.12098224433772886,3.5228248257515506,0.1782087726414669
10.447380065917969,2.1646076935264458,2.0086717941503975,-1.3011411928498955,-0.12425598100715475,-0.0041072873676528225,-0.11608927449475646,3.226957893623669,0.17009743760059937
10.497331142425537,2.102504003333029,1.7478169811939013,-1.3954467817733136,-0.10935479985414888,-0.0043144199415905485,-0.12051512154128467,3.0696349953280557,0.16279121902204668
10.547361135482788,1.984085895340508,1.913224504994663,-1.2360550909706167,-0.12378441719416215,-0.009002666111448744,-0.11509026694038474,3.020737829490603,0.16926133486895828
10.597341060638428,1.6244994102082815,1.6930572144805538,-1.4664295682865458,-0.11119582458721952,-0.01857765418877781,-0.11732726257291297,2.7669218897570587,0.1627124063605562
10.647361993789673,1.7624061068711596,1.827048745274358,-0.9505518098116591,-0.11354741231547485,-0.0046700517791246066,-0.11836677732054925,2.710669870397645,0.1640899698348825
10.697329044342041,1.8410281368986403,2.0494342209568646,-1.0701789898740384,-0.12257688837653347,-0.009642515244028425,-0.11389475224612196,2.9554776766623303,0.16760097330716778
10.747338056564331,2.2520581116555465,1.882603187841011,-1.1507987591100606,-0.11488362430894924,-0.0038838676918567317,-0.12154444093401069,3.1528238588782496,0.16729131084598764
10.797323226928711,2.4067334246859353,1.8040865283927623,-1.2459321009110425,-0.11858085753369847,0.00014382647274565794,-0.1157384798026382,3.2556782364830443,0.1657010445546655
10.847350120544434,2.379206568418077,1.8520856638233953,-1.1607898475148626,-0.11887240917066116,0.0038065481904468925,-0.1026393810754125,3.230832442488692,0.1570986378639453
10.897337198257446,1.9388395257692654,1.914650647347695,-1.239332170837563,-0.1113821466463198,-0.010660042429324156,-0.11559744051034694,2.9934812572900946,0.16088004024328337
10.947356224060059,2.2776514740386045,2.055764315227912,-1.200097716467451,-0.11580116628271123,0.004443647464303193,-0.12057764015007591,3.294555764594842,0.16723822355964063
10.997367143630981,2.4482641233300706,1.8746372496493815,-1.2620091895251913,-0.11392892099645759,0.003705500661422968,-0.11989680777866756,3.3318057010882534,0.16543510597839758
11.04735016822815,1.4592897953439956,2.0092791829103653,-0.856689575107824,-0.12177653820399069,-0.02456876545878394,-0.12738058825250168,2.626908176882186,0.17792965957554718
11.097329139709473,1.6635453262957642,1.5137232471390814,-1.2316447378101762,-0.10730716799519589,-0.01722609085935964,-0.12313876448330699,2.564310800535938,0.16423983021155208
11.147359132766724,2.1825117334637723,2.142729305298741,-1.0150616740516163,-0.12331476499366748,-0.010778343536422276,-0.1247931025369754,3.2225760727439057,0.17577264404803333
11.197341203689575,2.274877733332615,2.0207864792483483,-0.7360631564179722,-0.12085654538874549,-0.005352161840372306,-0.11179923485628858,3.1305647520154345,0.164724069625902
11.247380018234253,2.2625344217954315,1.8590893404889721,-1.2733940668720434,-0.11870528454981683,-0.00729507271565873,-0.11740627885609023,3.1932440613385364,0.16711791340491824
11.297331094741821,1.961158757332112,1.7476208748354816,-0.9368393969122069,-0.10891799107321831,-0.008407368886835258,-0.12350943539385979,2.7889048835031995,0.16488903317787698
11.347323179244995,1.5186745936161286,1.3690142721738905,-0.8731493813438718,-0.0992239311368867,-0.021415139374089672,-0.11749433302419332,2.2232774097831576,0.15527045758118113
11.397288084030151,1.8463316469560367,1.5834741245039423,-1.1362318613525773,-0.11163806764096255,-0.010903519006090216,-0.1185849132681226,2.6846515036923617,0.16323089942817953
11.447326183319092,1.9431848338814113,1.8268907492528772,-1.01463091394302,-0.10863295623252371,-0.005841454486421882,-0.1113125416254689,2.853589493928886,0.15564614898369986
11.497282028198242,1.9500776317836672,1.8583955462705908,-1.1522076120128766,-0.11495280651665801,-0.016002982696018,-0.11973330564011317,2.929849681734846,0.16675223435005007
11.547301054000854,1.98825948064342,1.714560801300894,-0.9974715384010503,-0.10665652899910082,-0.008399341842666027,-0.121648141147539,2.8085305719621716,0.16200134063080332
11.597294092178345,1.9918727539657712,1.8367592325916962,-1.1869994550714293,-0.11602371897547706,-0.019320200308440377,-0.11845551853905467,2.9580752615242725,0.16693257134907813
11.647321224212646,1.8217321244526155,1.7429154832273575,-0.9769357516057383,-0.11881489184520036,-0.009012646366322567,-0.11720854943984707,2.7038612719038975,0.167140810039033
11.697333097457886,2.041542313530022,1.577254229980587,-1.1748866410578627,-0.10297286590636845,-0.0124414433312902,-0.11041034854887881,2.8347812161190493,0.1514881041264348
11.747344017028809,1.6275733813712883,1.8329400175884805,-1.6245899573385738,-0.1141948105962793,-0.013509604514006042,-0.1119070311291942,2.9407408504169448,0.16045606189046083
11.797302007675171,1.5747221793321042,1.598915183233018,-1.1071946790703453,-0.10678695519877095,-0.01779495258792551,-0.11955515033555215,2.5024307707937123,0.16128716040028515
11.847357034683228,1.578772680176459,1.6001648566257882,-0.8583210970634418,-0.11374021694070655,-0.00782796837072417,-0.12380525067505055,2.406193227842681,0.16830286430493138
11.897287130355835,1.5076249861167212,1.9554057732874564,-0.9893207970885128,-0.11569429110966899,-0.025215028586070602,-0.12370752938592669,2.6599436979983637,0.17124403489971587
11.947293996810913,1.847677785503902,1.8953148464553993,-1.777761251082852,-0.11973200627044361,-0.01054572559439854,-0.1204295184779549,3.188505391573068,0.17014768459984986
11.997327089309692,1.9251369802232234,1.9999567147835884,-0.8913622420528957,-0.12081884462105545,-0.007068848379134837,-0.11379946898932625,2.9155627072982875,0.16612489571171013
12.047357082366943,1.9216846467019357,1.8895141193107208,-1.0492658043755307,-0.11611114993887676,-0.0020774017996734806,-0.12631641274470548,2.8920743795200603,0.17158656959988564
12.097289085388184,2.1687608712972595,1.852280491955729,-0.9172749299998061,-0.11492715625934342,-0.005354254076028541,-0.1133640054555028,2.9959739710077513,0.16151878223750166
12.147338151931763,2.2099900183516814,2.0172683207282254,-1.3987704197263338,-0.12192931708033201,-0.007724653498463932,-0.12332025580079581,3.303026800697978,0.17359237922824028
12.197286128997803,2.0873539525310343,1.848413807666647,-1.1387095240628213,-0.11115068134253188,-0.01352771896590634,-0.11564367879243298,3.0117004345902365,0.16096873481510943
12.24730920791626,1.5105745852931494,1.539785268562779,-1.3462833111776886,-0.11540244727201712,-0.010576332310767702,-0.10883641525267883,2.5426861790185753,0.15898097032843905
12.297280073165894,2.1125824866641634,1.790835366144473,-1.1764360021268814,-0.11289115161475631,-0.00034081600145940754,-0.11718013865207517,3.0090027814367715,0.16271359243459751
12.347318172454834,1.7290538582553632,1.6244196654813823,-0.9057683722312647,-0.10921564823985419,-0.01724415575079878,-0.11868813153821968,2.539445380094811,0.16221063866480245
12.39728307723999,1.8493655301498857,1.926532268096854,-1.0814305710781156,-0.11898154556213039,-0.016082370716680398,-0.12017876227913073,2.8811753719944426,0.169876972351069
12.447311162948608,1.7395224160488976,1.6721694446519677,-1.1056502984450984,-0.11421886165554446,-0.0096642952923196,-0.1061744465906898,2.654157393602723,0.1562445521297456
12.497328042984009,2.0844099228287547,1.3497868154738841,-1.4515686802384387,-0.09148675028081149,-0.010014581040899069,-0.11686113704365213,2.8764110984112246,0.14875026945018802
12.547333002090454,2.122381966682372,1.8647683037998912,-1.252499320023752,-0.11859038593209557,-0.005000825439927877,-0.1305747923475487,3.090407834900633,0.17646094266780246
12.597295999526978,2.010445936886784,1.795019251788734,-1.0763415808123,-0.11642439247539224,-0.005449506038299755,-0.11489103136880563,2.9021540582853773,0.16365905220400584
12.647345066070557,1.7895342241165049,1.688861784037845,-1.064009128614016,-0.10750812532904203,-0.020097700687959446,-0.10708640944863937,2.680821197066621,0.15306669681321752
12.69734001159668,1.8167333124918856,1.9530952093974037,-1.0176989711722753,-0.11363171045019055,-0.01548449990706462,-0.1113420618252844,2.8549627005643936,0.1598405145409426
12.74735403060913,2.144546676760549,1.878285786263722,-0.9903678312598639,-0.12392238656357206,-0.002591754275761763,-0.12022199751607487,3.017924184746762,0.1726754289660009
12.797324180603027,1.8954362725611371,1.60435840230046,-1.1738927679816291,-0.10387379630477722,-0.016778702039725934,-0.11482410566670503,2.746756046155558,0.15574294733008906
12.847377061843872,2.4095464376790168,2.127044363680003,-1.1359768225984317,-0.12513424912556914,0.0037946672631040453,-0.12467943184946684,3.408911131413569,0.17668599415393266
12.897290229797363,1.6910046021200853,1.6174144901827516,-0.7655634752128732,-0.1078377141354679,-0.023265694094060718,-0.1162178144014215,2.462034449804561,0.16023996223128786
12.947435140609741,2.074911435075426,1.2702130870915394,-0.9673447542810006,-0.09864079696735378,-0.0074167033138188105,-0.11720485973429946,2.618101339455819,0.15336881514746317
12.99735713005066,1.7265781091368302,1.787584919900955,-1.1627474181450992,-0.11624532524501692,-0.02193301863465493,-0.12004889799623619,2.7438136546075627,0.16854011646447445
13.047386169433594,2.368618685432066,1.7167542331102594,-1.27225790987227,-0.11351931854227702,-0.0020298611325831432,-0.12293119096586487,3.1900219063687447,0.1673404724829187
13.09729814529419,1.5924766814708422,1.5521676299551905,-1.1558426176759014,-0.10044826044130972,-0.02818381951601806,-0.11591181361339974,2.506227940420619,0.1559478414193162
13.147355079650879,2.202891560845508,2.1961634527381144,-1.0904535768859802,-0.11825996999363064,-0.0019328040581428976,-0.12477575337513166,3.2962029887933753,0.17192482329423311
13.197298049926758,1.7056595131860026,2.1158041254159694,-1.228194442810471,-0.13214019254587625,-0.010751688489566511,-0.11857013615366459,2.9823418753388533,0.17786373008271383
13.247351169586182,1.4573962151038673,1.730027902147562,-1.320725447227889,-0.11653821224912808,-0.021473382923701004,-0.12910850193552764,2.6194113798644687,0.175246301987936
13.29729700088501,1.6300888704805296,1.968798784162872,-1.2623406353050077,-0.11201184422593345,-0.026275547904270728,-0.10764849233200606,2.8507652056470634,0.15756032357772806
13.347358226776123,2.1271542352296167,1.8519399864398982,-1.10721769555379,-0.11718256770736538,-0.010644096906060036,-0.11604930413743739,3.029917140645557,0.16526491449857197
13.397294998168945,1.9663819495785089,1.728952727062983,-1.3672056553618324,-0.11123295296436327,-0.008618120045440075,-0.11374692542870046,2.9538427189171874,0.15932797890757358
13.44739818572998,1.9538366422305256,1.9316124102889514,-1.1101361255776092,-0.11102760377278634,-0.020470104751703883,-0.10936982489056032,2.9632762857042896,0.1571875077245784
13.497322082519531,2.352321714194462,1.7031112325490048,-1.3963765445438192,-0.12320025745567538,0.0006203506316870878,-0.11722605281150118,3.2224017086107533,0.17006068249250264
13.547392129898071,2.665724554613225,1.8142760512633496,-1.2876632118685583,-0.11518552909233613,-0.0011319482855200996,-0.12173651976843436,3.4721407716933457,0.16759703954584912
13.59732699394226,2.2701752707960434,2.3715156201012237,-1.234394232415689,-0.13950643607039653,-0.002757463134207966,-0.11379889961780416,3.5073510257085903,0.18005509951740667
13.647369146347046,2.308809999919396,1.9764830530922817,-1.5133694727739329,-0.11393077594530568,-0.0021484233213857487,-0.1206858909339332,3.395198968545561,0.16598169086012027
13.697318077087402,2.1149776928388535,1.848981786472989,-1.5271702650168792,-0.12074292087112685,-0.009235137810086076,-0.11644877879098962,3.197516740576432,0.1680013654491395
13.747338056564331,1.9405138914322546,1.9031504014482603,-1.001512226665206,-0.12119964568878883,-0.014354198412133338,-0.10553222603228463,2.896653647492935,0.16134574013116074
13.797332048416138,2.4289348114567058,2.0413202839990072,-1.255039126436437,-0.1228734909841959,-0.003108541986925003,-0.11772393605447856,3.4120134860604443,0.17019542573197055
13.847341060638428,1.730994516833571,1.7278113449518298,-1.356237832340416,-0.113350816618658,-0.015416391870757525,-0.11506552556290413,2.7966149393371214,0.16225334492544904
13.897327184677124,1.8848950969658824,1.8362441173330808,-1.3053571888321633,-0.11655779015479843,-0.00992236771696492,-0.1074085576457659,2.937444361250469,0.15881048480004245
13.947339057922363,1.7560934875099163,1.871720928458517,-1.0135157190773676,-0.1238204660694509,-0.0192096288795156,-0.11981272521844655,2.759423433205072,0.17336552939848146
13.997324228286743,2.542909386230778,1.72741364199805,-1.025182642235687,-0.10817366461699454,0.008168723312023958,-0.11780011704864674,3.2405779557176064,0.16014099204729965
14.047329187393188,1.7017776945424932,1.9009900936113773,-1.2299604182230208,-0.12217132846733053,-0.013940990004126772,-0.12094767260461449,2.8324218061662894,0.1724776049527606
14.097312211990356,2.2504866893365563,1.8126747191629866,-1.3607065346799045,-0.11414387679781501,-0.005454078682358208,-0.108804429555553,3.194057333532731,0.15778775451731805
14.147339105606079,2.328090073521415,2.1004140789974945,-1.3032748728118102,-0.12973776597258863,-0.0007780915983732397,-0.1175613503994209,3.3956248449707283,0.17508045137544356
14.197323083877563,2.135814112392661,1.7992977821908844,-1.4278999394926755,-0.11759116350630033,-0.0051434229581263525,-0.11036500672328274,3.136570207869716,0.1613523202297441
14.247340202331543,2.0704692798948408,2.1373901163175173,-1.4184143941805454,-0.12411344226087874,-0.01882161420097102,-0.1166464140204529,3.2965404505236444,0.17136156399497987
14.2973051071167,2.5922839237234663,2.1088365040358195,-1.6593827363089144,-0.12176100054450907,0.0018336671535621883,-0.11868389919606565,3.7310425362771205,0.17004402817274078
14.347336053848267,2.623632940351047,1.6593681005949994,-1.3712608940153999,-0.10745213467492098,0.0017755613812527888,-0.12033170433712562,3.393716066264715,0.16133453732258746
14.397329092025757,2.0783713020062278,1.9348877561026496,-1.2058862314219365,-0.12107827656781663,0.0023764973909311997,-0.11614206931564029,3.0850574550325653,0.1677932569008683
14.447347164154053,1.9807819569366993,1.9472345052750664,-1.0297337901319752,-0.11700624236921797,-0.0036922847023655066,-0.11716925111774809,2.962359035971058,0.16562827997410773
14.497310161590576,2.263819412205412,1.7823966110893281,-1.180779165684403,-0.1142584586166979,-0.0006680681296902851,-0.11517867300718322,3.1138489764943853,0.16223923198839796
14.547329187393188,2.3366240076180627,1.867532304076115,-1.312822371217443,-0.12079875474879184,0.003970726022561518,-0.11479716163537644,3.2666483187074067,0.1666928136829652
14.597326040267944,1.9693811362530977,2.021789729065863,-1.6361189204088733,-0.1263736159567824,-0.015909752421203148,-0.12215624323426895,3.2623581793092025,0.1764810437219992
14.647337198257446,2.143591468346558,2.142789999144981,-1.499805920283715,-0.11954917006779041,-0.0043676831318538775,-0.11295927345591861,3.381708320083502,0.16453230132568727
14.697322130203247,2.275759170090752,1.8052186783557382,-1.3013646136159986,-0.11675900379452918,-5.161968609060223e-05,-0.12835464442998787,3.1829929523183846,0.17351536640433748
14.747332096099854,1.8499127251424232,2.0059250650043428,-1.3357998211646405,-0.12326007061961927,-0.01487107718835639,-0.11639062115789442,3.03813653730046,0.17017923092850104
14.797322034835815,1.9333676047546644,1.9994063653338456,-1.0736299555511453,-0.11628357278782753,-0.01609638374284195,-0.12111145346998507,2.981311354137478,0.1686681565426953
14.847356081008911,2.074855248561308,2.3285189744653163,-1.396126896558269,-0.13102157681555862,-0.006432224186640675,-0.11686643004577946,3.4170448092205112,0.17568662319843134
14.897305011749268,1.8346005966145904,2.0485872604393007,-1.354735161697212,-0.12171218032819534,-0.01329523523393632,-0.11215700593179413,3.065579304319427,0.16604159749819727
14.94734001159668,2.053224080441543,2.1382812391484594,-1.1661243010913085,-0.12279398334936717,-0.008771487038431081,-0.11322376643028381,3.185564575988844,0.16725705550537917
14.99731707572937,2.4931219079933675,2.0807070265045575,-1.3513875267362587,-0.12659652509143335,-0.002855240063879267,-0.1135168502222327,3.5172783264450755,0.170061482545064
15.04735803604126,2.4431737174693704,2.529901410822177,-1.537339460296734,-0.13496198844935114,-0.005129660640643595,-0.12920270750352408,3.838347506206101,0.18690744065106707
15.097328186035156,2.357567522879527,2.0852244486253055,-1.406977741691405,-0.11966386319019702,0.001552025032350135,-0.12193084414728819,3.4475893014824237,0.17084782611954275
15.147335052490234,1.8331742815073442,1.7965262924207748,-1.405842302219349,-0.11754784579992308,-0.010667863907905405,-0.10966544187556694,2.926504270362253,0.1611142716034909
15.19728422164917,2.520215365950621,2.3868884570623004,-1.110726307390622,-0.1305107424587221,0.0047904643135870265,-0.1194448910690068,3.6445075013176305,0.17698328861209903
15.247352123260498,2.210131987137398,1.9242379787737534,-1.3832652248103305,-0.11870265895376005,-0.004549366279771139,-0.11517650057269739,3.2404934626832347,0.1654588899407123
15.297304153442383,1.950828171895864,1.6238991580155815,-1.156796706566605,-0.11147016221172842,-0.012291057981874179,-0.11917500781113907,2.789436798350093,0.16364397225870528
15.347338199615479,2.1461825951802864,1.8410841755533436,-1.5520478930621653,-0.11577164604863317,-0.005376566641174047,-0.1172246054898139,3.2256074366987733,0.16484413738407408
15.397316217422485,2.6754271155600593,2.364200347919606,-1.2608206977427427,-0.1311124090669955,-0.0012416921469912464,-0.12086686757628334,3.786426067894856,0.17832780290364675
15.447349071502686,1.9663957844419553,1.824113519162193,-1.5087942657176716,-0.12074773194174503,-0.007611245508702905,-0.10711594618748942,3.0774279273646528,0.1615913727737666
15.497307062149048,1.9880864333313317,1.8598962093350595,-1.2198808696428016,-0.11620931191421471,-0.009154632685327981,-0.1126828198765457,2.983255086648726,0.16212905159319402
15.547351121902466,1.9619928039706918,1.8783572431363509,-0.9483308824464105,-0.11434669866130683,-0.013742748858105103,-0.11556289380873322,2.876972915805284,0.1631527292642241
15.597332000732422,1.9175533441351333,2.292126268091298,-1.6313144800927997,-0.128730507194172,-0.008844539929457438,-0.11199362710732332,3.4047085909719814,0.1708576655631427
15.647377014160156,2.6966000592816006,2.022199596907573,-1.4334643093837685,-0.12088738677428748,0.014341216443218549,-0.11120736809868624,3.6627534746045582,0.16488332083514123
15.697343111038208,2.0767369918968286,2.018785327547398,-1.4494816315148633,-0.12089832485067492,-0.008631322135976017,-0.1161988451218735,3.2387231638922667,0.16790793989913477
15.747375011444092,1.9537941939012338,2.1551954534471993,-1.3376284817300494,-0.12255340085212074,-0.013527286576343663,-0.12182933367498969,3.2017853066402013,0.17333409960602414
15.797319173812866,2.0101297433546508,1.9648131075894015,-1.2601586893572871,-0.12074468746462202,0.00014088096715579373,-0.11147709351702859,3.080440237244805,0.16433636778686722
15.84735918045044,2.531245030914765,2.0051184053725457,-1.632162029345456,-0.12218774854503926,-0.005098754781280022,-0.11292779883367665,3.618239090515096,0.1664587965360939
15.897329092025757,1.9291775278529675,2.2327968863368017,-1.1600155047836151,-0.12293080521409099,-0.013825659431343442,-0.12120760355142159,3.1706062260940873,0.17318895717676364
15.94736099243164,2.031031303518246,2.143361961274244,-1.4754300852870659,-0.12532680626727963,-0.016864448045796333,-0.11400203085658027,3.3009063284920095,0.1702576900362221
15.997347116470337,1.8007504809107402,1.8001999221390717,-1.1921476924810939,-0.11544662134842418,-0.010637271607569325,-0.11268926786352215,2.8115188377205973,0.16167852368090288
16.047362089157104,1.6268850716741219,2.026761638021624,-1.27465897145901,-0.11694902951029856,-0.016679561074672136,-0.11028269735054794,2.8946974396840077,0.16160927137994577
16.097297191619873,1.9833442340855922,1.9574431351968682,-1.6328606610344394,-0.11470846136543952,-0.01558402132975884,-0.11376165400291754,3.229778926918023,0.16230405648384896
16.147346019744873,1.9145286711145153,2.1048907059340625,-1.3452895262261189,-0.11899152409586412,-0.011810413883790642,-0.10919501668278764,3.1473463148850973,0.16193214736770867
16.197317123413086,2.0854238540502847,2.110119937465839,-1.3519787687534273,-0.1281180195219062,-0.005792489633657388,-0.12071770525092929,3.2602830234034608,0.1761265006278777
16.247385025024414,2.381045518502334,2.0193974214973145,-1.3498120424521975,-0.12450549098717724,-0.006655806225923575,-0.12392991900947545,3.401372701877732,0.17579687673041935
16.2973370552063,2.034595033435642,1.8615830646919023,-1.1175266774643777,-0.11481554199932352,-0.006944419609782898,-0.11429331611510027,2.97555613821572,0.1621536177730901
16.34728217124939,2.206847048407482,2.3465392038524975,-1.5208999885121393,-0.13138955284523188,0.0031827270323089964,-0.11230404214938887,3.562240433398306,0.17287435388548492
16.39732813835144,2.124347650684459,1.5977495518484657,-1.6889448876671072,-0.1079664260269404,-0.011681071376016774,-0.11925021395308642,3.1493160217700304,0.16128797259987887
16.44735813140869,1.5924899040681426,2.3155716181779846,-1.7795364544477879,-0.1298209349606961,-0.02682002625220891,-0.10815639212196293,3.3263562656725414,0.171086510628624
16.497326135635376,2.079026250551249,1.7945098872243155,-1.594094378384987,-0.11139977602720662,-0.006569361742025513,-0.11327110903161625,3.1754925244795693,0.15900758080626748
16.547303199768066,2.239194321044249,1.9004464731670725,-1.8090297496183687,-0.12085404522275386,-0.002448008384666242,-0.11758219972486503,3.4493878645020883,0.1686335277573617
16.59733819961548,2.240283238194944,2.1342064650787487,-1.3944658563396195,-0.13033925641084437,-0.008493144333291222,-0.11470661481673683,3.393853451081549,0.17383343391049141
16.647353172302246,2.022950285308053,2.0360800804920753,-1.4791549943605489,-0.12281943465420328,-0.013649849843136093,-0.12259834268328737,3.228908398878219,0.17407264448559123
16.697293996810913,2.83889211040993,1.6655807323010576,-1.4759707618717253,-0.11842883520910756,-0.0009946152124409066,-0.1204427819820048,3.6072090707720945,0.168916671764428
16.74735713005066,2.0121059809572213,1.947938036921013,-1.4975168860251344,-0.11209759949221561,-0.0042032063288323825,-0.11796494610636,3.1757817774869115,0.16278595536850327
16.797325134277344,1.9294155901940877,2.1013273120878853,-1.487946150004898,-0.12174356212404787,-0.007675533736894219,-0.11242181513031828,3.2174842249069213,0.16588873757429573
16.847332000732422,1.964741994621181,1.8226240369177675,-1.2429242064750892,-0.11278626936344181,-0.013431134972643808,-0.12009453621680585,2.9541547130135495,0.1652992304056674
16.897298097610474,1.940276113633806,1.7408689028472748,-1.0337055278884495,-0.11255951386711052,-0.01559159783139527,-0.11656381116740072,2.8042544557200437,0.16278778872755065
16.947346210479736,1.715409288681046,2.207726729204667,-1.6884182928893126,-0.1305871275933878,-0.010893979450839607,-0.11505615316496805,3.2661051223592312,0.17438347129956913
16.99730920791626,2.3206856138895158,2.0672358498401993,-1.3556399782509694,-0.12540573852679304,-0.0031556709557063124,-0.12222303346769423,3.390693959650528,0.17514287717368404
17.04735517501831,2.3008698904703317,2.1962454832247307,-1.4272173045965884,-0.12475063369484396,-0.0038061158866448154,-0.11892575134058672,3.4863226629211956,0.17239646590731136
17.097316026687622,1.9574348274000695,1.8012226667775442,-1.4547963892661475,-0.11079358608638892,-0.0013021287227940469,-0.122972034534486,3.0318949079830864,0.1655265402726814
17.14733910560608,1.9256898269532625,1.661932196002633,-1.5899332400773556,-0.11127832535730482,-0.011257464080662206,-0.11436823354196327,2.999697925065839,0.15996777499034812
17.197310209274292,2.1261822607078,2.178719456354973,-1.5166555792735728,-0.12871397971642956,-0.002648248874997222,-0.11771060989794267,3.401134166919896,0.17444222389975142
17.247323036193848,2.0580070185335004,1.7879154615947797,-1.6821900851630698,-0.11838113702603205,-0.007185276148172012,-0.11504626946424512,3.203404137595467,0.1652312498123202
17.297267198562622,2.4723029282552056,1.8180124750964053,-1.0806661540922862,-0.11504251060510552,0.0015146648033748423,-0.12162829534249298,3.25350433613758,0.16742316352199627
17.347350120544434,1.9499451975167308,1.658926215108978,-1.068642699022095,-0.1090086771032277,-0.008921057018277688,-0.12428560602902013,2.774224157970583,0.1655578110755271
17.397314071655273,1.8147138239102165,2.077669828875395,-1.1237297208953014,-0.12139554273402564,-0.013254650061722535,-0.12326499329951088,2.978702178152993,0.17351317562962135
17.44734501838684,2.5658171908336653,2.0574880508655644,-1.40744583582618,-0.1249966192181196,0.0010135899979381428,-0.11507626454897063,3.577370363411733,0.16990505832137012
17.497303009033203,2.194973335540477,1.9754323676291,-1.3915090615561958,-0.12708723050540946,-0.005249217178507932,-0.11445603382939344,3.2644353954709233,0.17111078901833596
17.547336101531982,2.461904280306858,2.140937045341905,-1.3883172014473548,-0.12605137195311994,-0.009133349721132462,-0.11211784947707575,3.545702859708519,0.16894608198995476
17.597309112548828,2.629080587787544,1.9966124939346515,-1.4369003692070375,-0.12346379360358413,0.007914045902573077,-0.1141928406011649,3.600445647283759,0.168362541255766
17.64734721183777,1.6491286933841254,1.8351818931883315,-1.4203852023124344,-0.11561471350251662,-0.024150549152136613,-0.11970402099784812,2.8469303032173574,0.16816380004528927
17.697312116622925,1.6056154329353438,1.723934171788191,-1.2674462495293737,-0.11390119630580725,-0.026387293543002267,-0.11623407294906166,2.6751392379809436,0.16486397876657713
17.747316122055054,1.773747600229753,1.8757647824549408,-0.8839588822558998,-0.11994390893151075,-0.019097122807185073,-0.11414489566935802,2.728746483999226,0.1666742289517245
17.797304153442383,1.9865391852739414,1.8977136761929956,-1.2694347213945458,-0.11787850401820817,-0.01020009832868739,-0.11263159813202589,3.026403747572494,0.1633562383665215
17.84731912612915,2.0534613823252386,1.5971331925275902,-1.3919450288057893,-0.10872770681874863,-0.008690986406588871,-0.1165772535224032,2.9504320101625123,0.15964806141513257
17.897281169891357,2.2305940696597477,2.4891843419371096,-1.2672511374227722,-0.12680734432170604,-0.010002796833974016,-0.11294451377390936,3.574564873805681,0.17010767681104305
17.947334051132202,2.13518020507732,1.8804006545176868,-1.566789843705247,-0.11616387017997393,-0.005296340703608007,-0.11268545885036256,3.2480350281366244,0.1619262443100416
17.997313022613525,2.205934253942966,1.5602083204267452,-1.6572738178525683,-0.09849704258468148,-0.005791378000115186,-0.11455628898990679,3.169692799497671,0.15118978406032535
18.047324180603027,1.807807633022545,1.892008710181728,-1.569759699051719,-0.12320071536832292,-0.015726273675174592,-0.1244825116638422,3.051558767283541,0.17584546528446965
18.097326040267944,1.902477506961374,1.7790629378997584,-1.4278545868034096,-0.11330764760472356,-0.011854127041455066,-0.11441119585263414,2.9703963241557547,0.1614591746233734
18.147297143936157,2.085552426442708,2.0276679945916993,-1.2263364381177813,-0.11719284186884647,-0.008483849537455401,-0.11347883943783284,3.1567178333180173,0.16335110923537705
18.19730806350708,1.9741319817000869,1.8870906348081955,-1.2134454322359087,-0.12042840741038277,-0.006605307978942463,-0.11458159264739014,2.9884373779897246,0.16635976911053424
18.24734616279602,2.294805868033387,1.9860529752731473,-1.3525120235523658,-0.11544456019091369,-0.012128426634750384,-0.1194231781473186,3.322623837632768,0.16654260922993314
18.29730200767517,2.230753865876603,2.0204729950623266,-1.3084205067389938,-0.11751048474141747,-0.00758556631101165,-0.12453365580542794,3.2818498070988356,0.1713910332213633
18.347355127334595,2.3502899099684793,2.1184372421331052,-1.4432809154732607,-0.11938934958899163,-0.0005791491711021619,-0.1226110176627371,3.477743350324387,0.17113624356440946
18.397319078445435,2.0403179170438177,2.037309951889223,-1.207817572680687,-0.12181114851660532,-0.004463900912874514,-0.12179877411689165,3.126076187739697,0.17231605755318347
18.447346210479736,2.058500570968331,2.0912621664518674,-1.54979265556789,-0.12957874766502608,-0.006596255277843391,-0.10806184027386229,3.3185327065982153,0.16885355712421551
18.497297048568726,2.2108334380474908,1.7375055781824555,-1.4533662465779642,-0.11823015535355029,0.0007492238654485035,-0.11680961610071469,3.1652778032419455,0.16620294036184058
18.54731512069702,2.6489016347412764,2.0797781559785546,-1.8503480176938203,-0.11961683742007842,0.00016718218396281675,-0.10958400724781435,3.842648153969345,0.16222475270054548
18.597295999526978,2.4553682996777733,2.1359526190223996,-1.2811567977464733,-0.11790419965974613,0.005953973669667299,-0.10949594922811134,3.4974976509188918,0.16101618861850356
18.647337198257446,1.985705490895191,2.2189426587788748,-1.4939384362077417,-0.12406170961140137,-0.018056928093078482,-0.10750110716993934,3.3314538674126655,0.16514795937772003
18.69730019569397,1.869666985430424,2.0116572779742894,-1.6328585984433126,-0.11979274675798199,-0.021860602365506927,-0.11097999225648728,3.1950973135329814,0.1647566289800043
18.7473042011261,1.9919057469724277,2.1089835724336643,-1.459998612825691,-0.12131300318800316,-0.005442280453719789,-0.11670259997614495,3.2476293142952426,0.16842197006394835
18.797283172607422,1.957136009106494,2.0060599902814547,-1.0265894998836056,-0.12030498541350436,-0.010002754420496515,-0.11648803434026847,2.9847184195532743,0.16775817940058788
18.847329139709473,2.434222856973552,2.250507832679305,-1.3813461472020312,-0.13124570472252103,0.004045728239533846,-0.10303382307573158,3.591426401968065,0.16690647567635145
18.897298097610474,2.525496019205238,2.1293936193939027,-1.3739164601997251,-0.13021410280221798,-0.003620397093330882,-0.11309109398907453,3.5777218685840726,0.17250627635928403
18.947317123413086,2.46969784956274,1.750263384036652,-1.3132165396785869,-0.12310489589925988,0.01033962209206263,-0.09943727214876466,3.299601045841703,0.15858592078668826
18.997283220291138,2.0890767559789927,2.0401972977757903,-1.2696621606310559,-0.12614179410355233,-0.009295103316944291,-0.11170876792837195,3.184130761818941,0.16875129628364494
19.047325134277344,2.394119247521357,1.8819971999520055,-1.4341915501904356,-0.12140141121534016,0.0001851434698569278,-0.10484534920900976,3.366099498621076,0.16040849158925394
19.097299098968506,2.333107615486542,1.6738135449851401,-1.2298204041534755,-0.12143566237161958,-0.0029141997817863276,-0.10441827017372231,3.123699914410672,0.16018204581685994
19.147313117980957,2.055466528049833,1.834596448479965,-1.4934812968678886,-0.11270318348690445,-0.0028937498305232484,-0.11490135032422231,3.133875102936096,0.1609742267025817
19.19729208946228,2.0863250163536833,1.943663891333025,-1.3283051603645317,-0.11935120420306677,-0.01036461283940557,-0.11457553545976394,3.145628076455651,0.1657699866378849
19.247326135635376,2.057464732045319,2.043955411625506,-1.0479532030010246,-0.11963075779046235,-0.006643618266551963,-0.1075240598439812,3.083686229823588,0.16098782351011515
19.297303199768066,2.199735355261438,1.8651613940840366,-1.1267022156166093,-0.1208312016591784,0.0020441170174903683,-0.11261211250339713,3.09630756576992,0.1651842776757522
19.34730815887451,2.43030868450609,1.954370556999942,-1.5672697275201248,-0.12155213259550823,0.004103053022006827,-0.11112711752514634,3.490315025159619,0.16474523432277216
19.397271156311035,1.9442412237099216,2.0202203631952025,-1.287154811920226,-0.12345632959064726,-0.010595880359286559,-0.11713691159044315,3.0851469594965817,0.17051332514947368
19.44731116294861,1.9220086270394288,2.1719678342429045,-1.4538153129181992,-0.13303889722319517,-0.0015352934241313252,-0.10930657227135392,3.244247277794226,0.17219068511965097
19.497299194335938,2.0705421073550094,2.028861373257344,-1.4447450071852368,-0.12574252353706414,-0.01053384174647057,-0.116736308991051,3.2389367431323,0.1718997087963297
19.54730200767517,1.917427747470968,1.9724319172641989,-1.6357961466527098,-0.11749508887993254,-0.01707407681401243,-0.11570139199575273,3.2004446360494923,0.16578127795293676
19.59728217124939,2.0865276196629496,1.907360628065028,-1.2916786625028418,-0.11283122996292076,-0.008103801365044055,-0.1165611683941692,3.1080630367278723,0.16242864288333958
19.64731502532959,2.350383693123345,1.8821862161632505,-1.3348337189537849,-0.11409566291261114,-0.00421495283391272,-0.11625314744484881,3.293737924375748,0.16294287469445867
19.697293043136597,1.9662654604501086,1.6394959043385378,-1.070556206155998,-0.09899699170678154,-0.009610634132407165,-0.11518643949609253,2.774930138191057,0.15218634793964453
19.747273206710815,1.9925463658906746,1.677048329999072,-1.1643404020697645,-0.10970081719396978,-0.00919905886071806,-0.10743913175898814,2.8527917367499493,0.15382476721930363
19.797288179397583,2.3534394197987063,1.76218364975393,-1.1355202648035208,-0.11455426329582045,0.004791718203851706,-0.11611672627884657,3.151725652702343,0.16318313002363283
19.8472900390625,1.692984097808976,1.879651252756647,-0.980060617759813,-0.11496688166527474,-0.011517977788641245,-0.10828642628552791,2.712895648916016,0.15835402681923813
19.897289037704468,2.363151165907754,1.5098469376596655,-1.3195146843727925,-0.11106366933265206,0.002692008064796368,-0.11982260159372557,3.099232196910531,0.16340086109241375
19.947306156158447,2.499499068334151,1.6974606122366067,-1.6502685895204254,-0.1148686474585465,0.004729071458649675,-0.11189744903588716,3.442710348004272,0.16043132295956367
19.997294187545776,1.7719246178859314,1.8808257632485093,-1.5195487039057778,-0.121308494012909,-0.011729558139319427,-0.10489086048669978,2.997707568578241,0.16079622466794416
20.047322034835815,1.8926599526686358,1.9922117090485958,-1.6562118668585262,-0.12274256629538129,-0.016123886239689123,-0.11585917371089616,3.2084430707165392,0.16955549363325897
20.097278118133545,1.9519770004752501,1.86070897724716,-1.4033301282085386,-0.11267883314357992,-0.007354171567387294,-0.10679259237074555,3.04003084805571,0.15541962895112543
20.147294998168945,2.3349604629967877,1.844024603047486,-1.4657231059409004,-0.11747841541466686,-0.006433016422982144,-0.11212423905893243,3.316747099748736,0.16252509582579555
20.197278022766113,1.9646309283090941,1.889636413028827,-1.4388858670588842,-0.11963256363992658,-0.008619690459238495,-0.1223333590458014,3.0823518612148906,0.1713233786793359
20.24732804298401,2.5938561608145387,1.6231583664071603,-1.5818132877252442,-0.11450318073691594,0.0026957047572813246,-0.10965814129445538,3.4445414996276713,0.1585659269047547
20.297287225723267,1.8914531298892425,2.083011917190226,-1.1959277646408737,-0.12300865117769891,-0.009733814476435463,-0.11217077530193524,3.0572498765987755,0.1667577831486606
20.34729313850403,2.2487516597337356,1.962452300710632,-1.4116203776237628,-0.12314805740423707,-0.0013328614161053098,-0.1070158030014205,3.3016321948760945,0.16315514902702472
20.39728307723999,1.8214673210873018,1.9637097935858092,-1.246956008486727,-0.120350433607562,-0.015607113930849627,-0.10847423465903426,2.9544540345578105,0.16277121508314035
20.447317123413086,2.5603809813777145,2.034693542837329,-1.2232509108450107,-0.13110759713679543,0.0017791540669531314,-0.10917519125907169,3.4916860359928954,0.1706211880237419
20.497281074523926,1.9966166181311908,2.044538142689637,-1.4604926230320416,-0.12680261668443385,-0.00557605195694652,-0.10683872000839127,3.2093072209811013,0.16590511760183124
20.547293186187744,2.200407765150121,1.720193523861094,-1.407573826546794,-0.10612369576871586,-0.012909797344004527,-0.11849798449156185,3.1276387530605545,0.15959534454249177
20.597307205200195,2.2001040705307697,1.7878048189657587,-1.3228348481360435,-0.11630118634083622,-0.0019248467498076353,-0.11352520643353517,3.1283535649485597,0.16253505306570928
20.6473331451416,1.7024340882308564,2.1889886177421087,-1.2313689054494388,-0.13377999951053654,-0.01849762157735908,-0.12561546910298577,3.03417573233369,0.18444103760015423
20.697288036346436,2.6047245063488127,2.052349466752956,-1.5172998891585463,-0.12039740531862864,0.0008236701081703284,-0.10978230560669061,3.646769397877489,0.1629367001759458
20.747319221496582,1.5370198391865348,2.0001526846856397,-1.8192314169576445,-0.12945200144576804,-0.03510905236837616,-0.10777545476107404,3.1100874097931546,0.1720639848587636
20.797301054000854,2.278314515208087,1.9987709392268678,-1.3116495681171736,-0.12854443222764833,-0.005184212127038956,-0.11950244042397354,3.3024577040815655,0.17558866814060628
20.847310066223145,1.634417260348747,2.0842496428386283,-1.5140704958865665,-0.13023846987091656,-0.023204294121131532,-0.11337314045939761,3.050872960500494,0.1742238998461575
20.897301197052002,2.2170770736821743,2.088992697105135,-1.5080403545741365,-0.12406658930156048,-0.019442844675878593,-0.11850688642254831,3.3990450056199295,0.17266854061924305
20.947262048721313,1.73151899994101,1.807445066869027,-1.469754357670305,-0.11004481617298024,-0.012604885617361861,-0.1127269609560617,2.9026184022011483,0.1580383258401621
20.99726700782776,1.8885094169337158,2.160566326392929,-1.4247434797467309,-0.1251106455428032,-0.019427289081112825,-0.11185001333897131,3.2038115817992767,0.16893939349099762
21.0472891330719,2.1412653728803477,2.2195333056017805,-1.7276604632887511,-0.12976744747219682,-0.014449291613018868,-0.11920450243168951,3.5349902642274817,0.17679956405928746
21.097259998321533,1.853524001403568,2.239939762346959,-1.6132214201538226,-0.1310406272303636,-0.020550042877525033,-0.10342618277197284,3.324960858892201,0.1681990651875829
21.147273063659668,2.2438110033054763,1.8722085535723407,-1.3759759574106272,-0.12156474667591013,-0.007665091441599098,-0.10088432230939373,3.230040637824276,0.1581593745214362
21.19726800918579,2.3451789617567864,1.899352949450203,-1.4423175352346678,-0.1232151603064703,-0.006502845739806076,-0.10702371944260529,3.3447998238605,0.16333505213332003
21.247270107269287,2.3548038069505943,2.250235717467833,-1.6177667922533014,-0.13092382242555897,0.002691168779978122,-0.11789590403623285,3.636733582146831,0.17620367151805394
21.297267198562622,1.9787045460220065,2.062532315206906,-1.8187745523377636,-0.12640692697882577,-0.006725006678385531,-0.10875094519081882,3.387809337012983,0.16688530487418898
21.3472740650177,1.89471086682026,2.0172816086744167,-1.988424296823891,-0.1239546545908629,-0.016349223055456556,-0.12383687991120318,3.4078124276054877,0.17597620951537443
21.397271156311035,2.46057202562635,2.1369349978746377,-1.9027222145210327,-0.12205532584147336,-0.002391215646392156,-0.1207734358955295,3.7737590945989465,0.17172490587141795
21.44729518890381,1.9824267957595931,2.0046428075952,-1.6799407062517158,-0.10841330076886026,-0.012953902506591465,-0.11761824661264272,3.281891156499607,0.16048457654859571
21.49726104736328,2.051558243913006,1.9808109788594548,-1.6326159065673251,-0.12107793690357255,-0.004784102497142863,-0.12210544309129619,3.2860216159535858,0.17202468914097893
21.547277212142944,2.5583559287428286,2.0411519380596053,-1.559827995671298,-0.12955576644439223,0.010723716834266253,-0.1270919942990261,3.6255412931668562,0.18180228198963597
21.59726119041443,1.964689897225212,1.9358388080384548,-1.6184898015552724,-0.11028281508533008,-0.008323715454926184,-0.12195034810536863,3.1979661537772697,0.16463131823908922
21.64730405807495,2.344528433772868,1.8500571783692301,-1.6947998646200404,-0.1203481266116611,0.00020318999973172513,-0.12085584472359402,3.4339294869174415,0.17055746265984925
21.697254180908203,2.0182243208149027,1.8493284285107618,-1.793600652676014,-0.11638805212730984,-0.009536532036145075,-0.11272328334705306,3.2726515773767733,0.16230730953905256
21.747274160385132,1.6917636726375354,1.797995587066198,-1.9737109553146068,-0.10975450527560947,-0.023464191167772156,-0.11513278459259108,3.160757407694311,0.16078612435000578
21.79726004600525,2.3672076596685594,1.9141665229256002,-1.8620478980727566,-0.11763990161811132,0.0019591917057447663,-0.11961886251679928,3.568603081907506,0.16778455576921164
21.847294092178345,2.689604613110328,1.6069084518675656,-1.6912470108812414,-0.11633249494995927,0.0008830753588449748,-0.11706222413242853,3.5603994437931408,0.16503815777632344
21.897255182266235,2.4655398274011344,1.9091961885754487,-1.5664620818611086,-0.11368496147717443,0.003433987665464295,-0.1249954023864693,3.4896590350463863,0.168996785043706
21.94728422164917,2.095413366733834,1.7744819294901581,-1.4335375084181514,-0.11516755311259429,-0.010654382912174394,-0.11338279403260895,3.097510788296896,0.16196524055433154
21.997255086898804,2.6239663204907457,2.075444879047704,-1.6520363363802082,-0.12755808254451279,-0.005106979823442837,-0.10553032847405265,3.7312055362517387,0.16563150634221507
22.0472731590271,1.7124078842385,2.1042569220716003,-1.7648860071068104,-0.11787528972603777,-0.0232655791073782,-0.12240528655545668,3.2365198244672997,0.17151946034174223
22.09725308418274,2.0951391401558332,1.9848044653323837,-1.675655428852022,-0.11672444277040252,-0.0098633207030974,-0.12574467259662692,3.3371961132749672,0.1718534355833075
22.147273063659668,2.0930964239022365,1.678859300457065,-1.7183623086454096,-0.11141136487974453,-0.0024656569934726376,-0.11324486885267064,3.186281565439046,0.15888037012241507
22.197282075881958,1.7940768349385852,1.9890521785590396,-1.0386520055503463,-0.11978873465113031,-0.01758366226721851,-0.12110349238660746,2.8729493986715933,0.17124421740975548
22.247300148010254,1.934844216369832,2.158514538522223,-1.8424885107701316,-0.12645378210442593,-0.009118720743033168,-0.12063620256607398,3.434759244394217,0.1750051526271895
22.297272205352783,2.0171752414453716,1.9889627560859084,-1.4159606223760393,-0.12205994404552407,-0.020431762260822064,-0.11402313756700577,3.16700383389673,0.1682776359178591
22.34727907180786,1.9359526431078604,1.84332454116702,-1.8868743124056038,-0.11336946849186848,-0.01248349723228885,-0.11971717701102892,3.2720104937547245,0.16535016347366382
22.397245168685913,1.9828410675287977,2.12885914795171,-1.4294419917476262,-0.12099930648499926,-0.017271733747495313,-0.10737341190485378,3.2414509681110157,0.16269048693941682
22.447261095046997,2.482636298099012,1.9836116374390151,-1.5884845242055534,-0.1146859466071406,0.003991060667053306,-0.11491702105396247,3.5526724026375973,0.162402945300696
22.49723505973816,2.386132962803171,2.1194259592198,-1.2167269886822418,-0.12295273373494417,0.00167756355941717,-0.11573822902820044,3.4155558080315953,0.1688654097527855
22.54726219177246,2.106509391668683,2.0468471220852598,-1.8790824638277108,-0.12679054182231767,-0.0038811683479721025,-0.11906128295884709,3.48682030856795,0.17397268194503654
22.597257137298584,2.07194695144741,1.711749461765021,-1.5118123289417962,-0.11259482829023991,-0.01598154213312531,-0.11145909308426155,3.0836061530950207,0.15923609665470814
22.647277116775513,2.1361781593057545,2.2816524759254486,-1.6928507304466223,-0.13649662015062156,-0.02230134258228901,-0.11193664082112545,3.554565901030014,0.17792832475981257
22.697241067886353,1.884086836417267,1.9738175398213522,-1.4810078281526786,-0.11764499303997904,-0.014528272500291017,-0.10838358355072687,3.104693716732257,0.16061885403811352
22.747266054153442,2.307942720056683,1.7034051246640793,-1.426155178100815,-0.11556245928538943,0.00838922730787073,-0.113812936966234,3.203452389191738,0.1624144259349839
22.797243118286133,2.0421886337873003,1.7944023615128901,-1.49356967682538,-0.12284700315632727,-0.01008898172324908,-0.11496865629548839,3.1018002241448994,0.16855552695504492
22.84729504585266,1.6780933525746635,2.0770362698562894,-1.520822058989642,-0.12859474692558698,-0.016176152972177418,-0.11525526314486387,3.0729426778518496,0.17344178430939547
22.89725112915039,2.5846162220540023,1.8772344357565245,-1.2186071791810318,-0.12099123787909716,0.0045205262697548656,-0.11614810019981692,3.4189550449291333,0.16777871134711497
22.947273015975952,2.195699381693481,2.022349878979448,-1.5315392026470322,-0.12265898493635079,-0.010401329685721005,-0.11071965429522347,3.355086755513489,0.16556647031358973
22.997276067733765,2.113578154192408,1.358984499591777,-1.8392828742977427,-0.1052566231670669,-0.012194322925553574,-0.11776262028505484,3.1140027257045015,0.1584162017236514
23.047330141067505,2.2441410942833624,2.122988921096014,-1.6596853106229656,-0.12081477619693343,-0.008252443640986396,-0.11019646335967533,3.506822855583868,0.16373018509286255
23.09725022315979,2.697135090299583,1.7520718885421684,-1.7760672995380202,-0.11967921449653385,0.01666194678739516,-0.11088797369898391,3.6740588795545093,0.16400267547915154
23.147260189056396,2.1606459871665535,1.7362124373561696,-1.946301033171493,-0.11286052752737837,-0.0035090996019020966,-0.11834991264484099,3.3868735466818958,0.1635741858509945
23.197301149368286,2.004122777724358,1.8643092859126882,-1.8524946433074219,-0.11587254025752888,-0.007960816702020292,-0.1163306475204616,3.305131408161643,0.1643856433537482
23.247310161590576,2.0216798218219383,1.9987557150694948,-1.789588772717147,-0.12062721607848138,-0.007420746692745825,-0.11428816411150483,3.3592918429216914,0.1663363375703
23.29728102684021,2.5064444181503807,1.9955086861518856,-1.5038675088319564,-0.11702586889481417,0.0030279805210972257,-0.11092034550698437,3.539199912678748,0.16126855150341982
23.347239017486572,2.5910013548883732,1.9153781817535638,-1.911860132450994,-0.12183728047277823,0.0069330390768111115,-0.11143682971594027,3.7466212467003532,0.16525906014794614
23.397282123565674,2.2677386323167563,2.0761302430228756,-1.7272976397286695,-0.12038517347979825,-0.0009296689795015593,-0.11333272352054571,3.526543977707967,0.16534134540022657
23.44730520248413,2.027952477112786,1.9652252231320302,-1.8221088488904245,-0.11755025651548444,-0.02590163083889545,-0.1186229011684826,3.3607710550210066,0.16899807681922951
23.49723219871521,1.6502800112866187,2.0006390932720604,-1.552153475889953,-0.11413631163801828,-0.020540682725480416,-0.111994881737762,3.022442937409717,0.16121994546772112
23.54725408554077,1.9937792081848698,1.9158241006219778,-1.4822826324136777,-0.12177845179690759,-0.011290455974174567,-0.11654110422397045,3.137307654322336,0.16893577090687117
23.597212076187134,2.318463400998605,1.9644851159516146,-1.8684733981634793,-0.12481898696575688,-0.011010904505144966,-0.1195522532273445,3.567305306840168,0.17318706873469022
23.64727020263672,2.3685590172662074,1.7266912268059602,-1.445134583003753,-0.1142848484906254,-0.004300389774333094,-0.11065102876682069,3.2680190290136264,0.1591325551667294
23.697214126586914,1.8797950760824793,2.109240799017575,-1.6383455092366492,-0.12271557196481182,-0.018605065614091552,-0.11850360356331617,3.2659917764654782,0.17160525669875956
23.74727702140808,2.1817890804506295,2.0489627164342257,-1.485486878166215,-0.12643634901850515,-0.008268428925642864,-0.1109695571852722,3.3414253051826748,0.16843028199205465
23.79725217819214,1.8031577527643035,1.7221440832324326,-1.520702380570474,-0.11381605694781337,-0.019503536234720686,-0.11674213029191574,2.920563961812717,0.16420477377318113
23.8472900390625,1.8144831636081047,1.996267974328475,-1.4508859736457878,-0.11776351203113239,-0.016976040614671107,-0.11574094765904218,3.0630875085228753,0.16598914930160577
23.89725613594055,1.9996409255280734,1.830265311593376,-1.7269441319770278,-0.11250203095811785,-0.013139234003022957,-0.12311356931915847,3.2141516729673256,0.16729105591869142
23.947286128997803,1.9604496897118155,1.876291904344398,-1.4933956728939775,-0.11382994991553223,-0.011613866403047155,-0.12182936425528201,3.0974287614112996,0.1671362719024407
23.99726700782776,2.1300926428200606,1.9158046269363889,-1.6596357361479415,-0.11661057918873688,-0.004136722074923482,-0.11831319796829827,3.310890033251836,0.1661720568018088
24.047275066375732,2.1045160845640623,1.7923833486308716,-1.7765004758624183,-0.1168523385519054,-0.003708684579171999,-0.10565665688070722,3.285967126947174,0.15758030495453548
24.0972580909729,2.2863805490535123,1.9193019229814199,-1.649811553091489,-0.11643404162528824,-0.0017964533413994334,-0.10685674958959865,3.410738050241409,0.1580458105318245
24.147264003753662,1.6052160254125278,1.8666768183147386,-1.6722185821291904,-0.11095122605903358,-0.017354098358415303,-0.11910302828780209,2.9761578954573276,0.16369749735766065
24.197265148162842,1.8864697483253356,2.258299210793789,-1.4913169505849402,-0.12543674471031713,-0.01584384615087877,-0.11907149232564031,3.2988952217250658,0.17367620639865727
24.24729013442993,1.8688685455661598,2.279706400765184,-1.744081493138343,-0.13513817936599531,-0.011871256149275183,-0.11161673138930843,3.425135204485218,0.1756745541361943
24.297258138656616,2.442024652292757,2.1415123988434623,-1.605495035308185,-0.12424606572602212,-0.006526032461590832,-0.1095348289482927,3.623144223627466,0.1657635445470942
24.347275018692017,2.038593379366598,1.8565187328984971,-1.7711924420535405,-0.1128302075043846,-0.010638583178904525,-0.12098917445693579,3.277140131088073,0.16577760860052182
24.39729619026184,1.9095517028156226,2.228714382914768,-1.605884734882572,-0.12306898935407784,-0.009234400146424147,-0.11128825418247186,3.3455076278594955,0.1661816048956107
24.447310209274292,2.10862592445339,1.8690229078052525,-1.704107025636389,-0.11607819219158222,-0.006605524404039652,-0.11676552389894759,3.292951665907202,0.16477853994532773
24.497291088104248,2.4164842991670774,1.8748700421534634,-1.2745063050592687,-0.1199561157891102,0.002267264429364361,-0.12019159871501925,3.3134423738344023,0.1698252943612208
24.547304153442383,1.8496562279094573,2.0157803844904203,-1.5114004256891544,-0.11741961030178162,-0.011352689194831738,-0.11510380309870143,3.1255287499419913,0.16481848780753128
24.597305059432983,2.5182717583051515,2.2314187136186723,-1.1835600997783688,-0.1308451304586347,0.0009150087599205664,-0.10301678253650555,3.5667543557066432,0.16653450960669244
24.647293090820312,2.5595954476746816,1.6632685607118325,-1.335099005930793,-0.10869770220167946,0.009983667614194985,-0.1106635514476609,3.331738362543907,0.1554390095888571
24.697251081466675,1.9184006892171388,1.8179543590314238,-1.6682752882095797,-0.10832395968760405,-0.009206016709821001,-0.11336921570832763,3.1254378402330936,0.15707135339196798
24.747284173965454,2.5163288823233154,1.83941836692791,-1.2533098503323916,-0.11337608526080414,0.002217395094073067,-0.11164009460104879,3.359487543293835,0.15913065158101838
24.797288179397583,2.047551221143506,2.1150442410863506,-1.6752064113066403,-0.1267386887876367,-0.010114726728802698,-0.11246723445317433,3.38706283753958,0.1697465220791079
24.84729313850403,2.6313062897973216,1.7903838973156223,-1.1888749752021142,-0.11440797889898473,0.008497838990509644,-0.11778551508237689,3.3974506614748434,0.16442270666328296
24.897255182266235,2.178950058988404,1.7399828332484377,-1.5442354251027428,-0.12034518781410801,-0.0126173785682305,-0.1159935651858792,3.1874796733010045,0.16762061220648783
24.947296142578125,2.479915873032957,1.8821820613263207,-1.69337923571084,-0.11631378839485335,0.005261102697751526,-0.11716960156249895,3.544026704927044,0.16518260230022339
24.997291088104248,2.3989377448417577,1.9250811591343697,-1.565816868839805,-0.11594072145173624,0.001807334373573524,-0.11231208449579905,3.4514666794891524,0.16142961832352357
25.047288179397583,1.8373052169685018,1.89114646950793,-1.695512834690238,-0.12009818100512397,-0.016908388047204473,-0.11590795367138608,3.134786946832481,0.16776209462027633
25.097259998321533,2.4747999463407075,2.0133290882008845,-1.8649413312238283,-0.13316259395503385,0.0041072220182473826,-0.12154712511521583,3.6954208096928123,0.18034092526466178
25.14728808403015,1.538782647658229,2.2144866000545553,-1.6280266679086965,-0.1316072965878871,-0.014854784411525991,-0.11781405094451808,3.1499640902678787,0.1772605306746048
25.19722318649292,2.3479098184645695,1.7399158659602016,-1.4330095722981706,-0.11604539745931372,-0.0019788524135791992,-0.11725534192259678,3.2547663772628215,0.16498262132039818
25.247250080108643,2.3427200977931677,2.224089629317241,-1.6862345689037723,-0.12515449309813134,-0.0021126396259844643,-0.12326477046696936,3.6439400594969484,0.1756767316041431
25.297282218933105,1.879061098823679,1.60452377488874,-1.746532960969752,-0.1115169378468208,-0.01688748532876138,-0.10997006029761182,3.0258460868076935,0.15752659695848573
25.34729313850403,2.1564428563947873,2.0165438954929917,-1.7693987497585202,-0.12410313917935141,-0.008585100811745341,-0.11419784197456717,3.4420149637956508,0.16886811487597508
25.39728307723999,2.1953572172337488,2.1238194309570875,-1.5084372988502635,-0.12621859774751915,-0.0068795142096092,-0.11641892417214345,3.406697135222601,0.1718482703972011
25.447285175323486,2.167779246461538,2.1089835888055446,-1.725221936741015,-0.12663447374221143,-0.011340327901743604,-0.1148820954121373,3.4818772767363426,0.17135573764297862
25.497268199920654,2.0867654830540086,2.0474197564409677,-1.592960727779833,-0.1157276823972957,-0.00935724193492607,-0.12056320220213732,3.3292704486988254,0.16737962891257566
25.5472571849823,2.345897742807873,2.140778412732787,-1.7051021470097365,-0.12974179725312376,0.004496553757867205,-0.11928042909965944,3.604655567994118,0.17629796855428295
25.597281217575073,1.849914688248985,2.120981821752018,-1.7227779610684142,-0.12285519701128184,-0.013241583839398994,-0.1224880869459872,3.2998048647071374,0.17398870773399183
25.64728808403015,2.3206376343421344,1.7117389117309663,-1.6600358303822804,-0.11536486932022116,-0.002375246373095572,-0.11175709645271939,3.327330475022275,0.16063730412375277
25.69724702835083,1.9809810472702558,2.2152560478778875,-1.3237567051438364,-0.12596201595190468,-0.007582133398231797,-0.11065424698088316,3.253302488505608,0.1678340864796027
25.74726414680481,1.8986866164982905,2.103735304265261,-1.5843144605461796,-0.1298971717746093,-0.01285010141445764,-0.11421450262883216,3.246654494703357,0.17344553309945954
25.797260999679565,2.225624507379863,1.6694118447607318,-1.349351474108056,-0.10875066151569841,-0.0013987871136093397,-0.11162929547509375,3.092101187858326,0.15585173272619396
25.847248077392578,2.473669482891338,1.7245212306332185,-1.7327680055803298,-0.11304796263263112,-0.007078278675537228,-0.10768957856589718,3.4778584138310524,0.15629136001742985
25.897269010543823,2.452292855779277,2.1235928355132287,-1.5292023017704028,-0.126818016558431,-0.0038646537779735493,-0.11127258228708316,3.5863416542891025,0.1687582070344248
25.947301149368286,1.7645326078796757,1.6021126778489394,-1.512572853154653,-0.11722789511227456,-0.011991380649342416,-0.10985763804326222,2.822803038275139,0.16110516204881917
25.997241020202637,1.5906923900870733,1.9192390515596567,-1.893256083035885,-0.12506548612195606,-0.018145365502043497,-0.10870631658239042,3.1302075670576412,0.1666964107982977
26.047283172607422,2.4383807579322907,2.231578576321314,-2.0351835984293367,-0.12410155113587526,-0.007969466219048309,-0.10361099128650596,3.881702711731863,0.16186397036252145
26.09719204902649,1.7101479047771662,2.079625292786792,-1.347977916171007,-0.12798446470735214,-0.01497036360392666,-0.11411994752837956,3.011061553189674,0.1721263995345901
26.14725422859192,2.0068881856561362,1.9680551774520354,-1.6220841674029003,-0.12540872602331551,-0.011655064290960472,-0.11446751210062482,3.245304056226643,0.17019400815811386
26.197237014770508,2.162685224470056,1.8237586775464516,-1.8093391117018547,-0.12264942250330846,-0.01331976812388086,-0.12141181867893071,3.358126131520544,0.17309282705587362
26.247252225875854,2.2241232109766296,1.700488716740514,-1.7190489956655297,-0.1111768432055819,-0.009025870813360553,-0.11381120181870528,3.285348593812453,0.15935729185862843
26.29725408554077,2.0559321503735983,1.7007028211954365,-1.9613621238804524,-0.11491400794553534,-0.01152054700628866,-0.11221473750649269,3.311523588011229,0.1610282569584659
26.34725022315979,2.411117068733564,1.7153798821533015,-1.8512933521587247,-0.11584516285388359,0.004523841348332719,-0.12496092946273356,3.4904585278988343,0.17045762168168946
26.397273063659668,1.8201308603968642,2.0514794054692898,-1.7788299566808474,-0.12459021638735449,-0.01500242516667055,-0.10994790793181289,3.2688958556091756,0.16684225255885204
26.447280168533325,2.329319074751352,1.863975770135512,-1.7662820003359845,-0.11684533758597217,-0.008549810975931634,-0.10854981633697287,3.466970598139485,0.1597153555864135
26.49725103378296,2.15437978558062,1.803224265253092,-1.6176111398669297,-0.12407359223105581,-0.01026751589187818,-0.10853747596531145,3.2418568461820674,0.16516676984378198
26.54726505279541,1.8392891142684535,2.3245926069836433,-1.803048313055314,-0.133546345181631,-0.012247623914239902,-0.10489340914153673,3.4695386513945996,0.170256447408754
26.597315073013306,1.9176190282480334,2.6742571032494737,-1.5907524146368341,-0.13760644407168757,-0.009267182338650398,-0.12030008795174237,3.655052261794914,0.1830123637346647
26.64728617668152,2.2450678221783904,2.024399275997932,-2.075418379595964,-0.12458847850580923,-0.007405349767380474,-0.1161030429605188,3.6668628833386325,0.17046127057564076
26.69727921485901,1.9420222601614667,2.024575199070429,-2.0055359461095823,-0.120470153468961,-0.01689498079016082,-0.11590390969675317,3.448554715644131,0.16802444624437252
26.747258186340332,2.3143566264030913,1.8986293161653218,-1.784665242990364,-0.12138331372659478,-0.006886932311921785,-0.10776387082540785,3.4851212179659043,0.162463505265623
26.797266006469727,2.0818159384258017,2.002149061425303,-1.6309159638189197,-0.12271982173650106,-0.020048219141498343,-0.10716592596572129,3.316993419753696,0.16415426106523887
26.84729504585266,2.4922363905896905,2.1802434032596723,-1.529648863414677,-0.13336387616997825,0.0036895769594966314,-0.1079229783787716,3.64753741164949,0.17160100730288894
26.8972430229187,1.915553657598353,1.9524638265139806,-1.837515428027305,-0.12382906593101173,-0.0188072880173732,-0.11162588702978715,3.295136379153739,0.16777273409914403
26.94725012779236,2.060845878616663,1.8759710157611964,-1.795037657222651,-0.12349594750407898,-0.010811472316181781,-0.11324971678089168,3.314892634495839,0.16790960465240212
26.997276067733765,1.7363885006475075,1.8856563476438517,-1.8005048417519762,-0.12016203880872052,-0.02331026559793237,-0.1124497227142598,3.1325010090601344,0.16621439225117818
27.047280073165894,2.3833802250146436,2.248324437480011,-1.8781799091143194,-0.13183320816695168,0.005083199620177234,-0.11080492692869441,3.776641873961752,0.17228919155200276
27.09729313850403,1.6967128997180743,2.053880338102734,-1.5973491774101898,-0.11932642661236502,-0.012944471194450122,-0.11373439023773599,3.1062491049314973,0.16535376302137697
27.147308111190796,1.9626567569555171,2.1387674445961937,-1.6738729589068437,-0.12409416488265827,-0.019232985034456248,-0.11636481070121253,3.3508504010545193,0.17120174835786292
27.197298049926758,1.8689621156919833,2.041518002842447,-1.838631509162249,-0.12428958002394756,-0.017325325460923247,-0.11655379033498009,3.322857350580358,0.1712683644060008
27.24730610847473,2.340021088004719,2.0376265422786175,-1.6380900023998386,-0.12393956408170313,-0.008347387580656448,-0.11358535376073112,3.508697689181473,0.16832209306307572
27.29729700088501,1.8536218418382842,1.9810227392453277,-1.6855919241902735,-0.11851621209591086,-0.023348758078400696,-0.11665861785365765,3.193992041449459,0.16793001564012414
27.34728717803955,2.370278352657927,1.6184568407550246,-1.6029331509621567,-0.11801429701581115,0.009943865835684297,-0.10485449842739214,3.28740272873875,0.15817939375390894
27.397282123565674,2.365924629010791,1.9288894040885163,-1.6658038563473938,-0.11648345432287457,-0.008722019296852047,-0.1108185661983089,3.477515804591929,0.16101311550880829
27.447302103042603,1.843237448520886,1.4418381738893824,-1.5596772792344633,-0.09630233295653623,-0.014626561908344566,-0.11159725599849935,2.8122970729769414,0.14812840103276886
27.497265100479126,2.495625155865756,1.763364153056567,-1.8504219878900516,-0.11454010905595949,0.0022730045386776918,-0.1194805003114612,3.5723465100885514,0.16553003681163433
27.547288179397583,1.79059693868757,1.91048473965326,-1.6954136990738211,-0.11410363099874724,-0.010486176524736168,-0.11480539561767618,3.119393682799986,0.1622031977740801
27.597252130508423,2.3440538835471494,2.0844464376828467,-1.9847489590141816,-0.11557656637599426,-0.01172179855195835,-0.10760059204110933,3.711971712021666,0.15834528936521775
27.647281169891357,1.8960821461630815,1.9657424833906207,-1.8224610180466538,-0.11560150350347427,-0.022389556635384212,-0.1138982482537892,3.2833877593584293,0.16382249788681238
27.69725203514099,1.79883124668873,1.6738121066573122,-1.9635831254579843,-0.11159480751268118,-0.013522525879719962,-0.10995872020537677,3.145329794002477,0.15724878352204952
27.747271060943604,1.8831449830629394,1.8078754876371477,-1.5145229809655063,-0.112720489783817,-0.011884615756046789,-0.11747001078048573,3.018017340226364,0.1632371169236332
27.797227144241333,2.3166216003533595,1.987246432422496,-1.8478121694133411,-0.12423578927214468,-0.008908232751230228,-0.10597611829497879,3.567953732299753,0.16353845295738298
27.847300052642822,2.156983186296462,2.077137255378442,-1.382787986048027,-0.11812567808830396,-0.009685602184396451,-0.11608477359077994,3.298359934574376,0.1659010589873333
27.89725613594055,2.1256514118801775,2.002118384891832,-1.7908640567915264,-0.12380135460623307,0.0010713412816141664,-0.10889589288905621,3.4255023021241535,0.16488249956434053
27.94728708267212,2.0273061978318148,2.348862181328253,-1.555958579298135,-0.1340641918861465,-0.004847386637359622,-0.11454844120585267,3.4710417841237344,0.17640308978583183
27.997266054153442,1.8906943404429888,1.4989394900968944,-1.5253236800000423,-0.10403102535331081,-0.007289608743202814,-0.11288791582357446,2.8544976813309826,0.1536856342365174
28.04728412628174,1.679574496226758,1.8724349174594805,-1.7131480170070341,-0.11866651700866228,-0.019084896563611394,-0.10916104983960971,3.0433302707185748,0.16236412885208554
28.09723711013794,2.232406726461052,2.0433500013237693,-1.6950489652913798,-0.12169085126009127,0.004036620938955341,-0.11373135388335788,3.4687332003187814,0.166612659918603
28.14726710319519,1.640912839245143,2.1017985949385607,-1.8239481411508192,-0.12642953528651768,-0.01732822561988638,-0.11268125748005071,3.2306251873736134,0.1702403024644399
28.197251081466675,2.5457108260578822,2.0005469891402123,-2.0529014786943165,-0.12402552655031822,-0.0017485725963026662,-0.10978661713298438,3.8336974772263375,0.16564567619987167
28.247287034988403,2.3704874887720133,2.3619229150737584,-1.9243093011535088,-0.13156329394901972,0.0008468562132491997,-0.10919308185135775,3.860162830462087,0.17097586556107677
28.29720902442932,2.6397482152086624,1.7784687484464468,-1.6114578715356078,-0.1149399573447922,0.004135736511520947,-0.12426809220886935,3.5676348188445606,0.1693247083332714
28.347259998321533,2.248303908716116,2.5584429409741203,-2.0470080935808537,-0.13607280927055618,-0.008906566241371486,-0.11067640021214001,3.9737567720425457,0.17562574386721008
28.397248029708862,2.0518577166468863,1.4933653175726658,-1.740232293115111,-0.1074075832387989,-0.0041176238330261385,-0.10580178751514967,3.0771201626021956,0.15082228616696772
28.447278022766113,2.432782947529763,1.9509013312773693,-1.885346241399231,-0.11783486047259185,-0.008760839469648524,-0.11120805466049635,3.64403338680227,0.16226225091554747
28.49721121788025,2.1560906812201095,1.8721826641761394,-1.6458324470730348,-0.11800713538605147,0.0025275096661851806,-0.11063582174609549,3.295839710532701,0.16177872962960352
28.547253131866455,2.2993192311296515,1.7538961902589518,-1.6253526482302054,-0.11308154805952009,0.003657408832552838,-0.10168877233959255,3.3173471334722358,0.15212304089400616
28.597240209579468,2.0722881435824623,2.0327459837352575,-2.072212225387983,-0.11696195085939279,-0.009954190670015801,-0.11263026829459605,3.566580700260641,0.16267993483168947
28.64724111557007,2.1274488295529137,1.958552262208349,-1.8697293225637075,-0.12250705371774794,-0.008232888550730934,-0.11336941066098394,3.443523373787674,0.16711786839865675
28.69755506515503,2.183206215241793,2.1428734576006088,-1.9609838513210711,-0.13091496402767663,-0.007346234376252692,-0.11549467810016843,3.6336969739786507,0.174733269972665
28.74726700782776,1.6789403180316147,1.8401232042224782,-1.697770330152614,-0.11419867712999048,-0.014008449304909765,-0.1140927323877966,3.014517887188035,0.16203310184613948
28.79724621772766,2.0068771236181995,2.0187921412786296,-1.906729894609083,-0.11642879064731136,-0.012521802125135153,-0.11565411803316523,3.426178102490642,0.16458533907394612
28.847305059432983,1.8084343978484834,1.7650394204830884,-1.6466625023657717,-0.1100041862213063,-0.008512798602786281,-0.11192588858507312,3.016172495710149,0.1571648601368055
28.89723014831543,1.8300666844289042,2.485163013974191,-1.67714554251413,-0.13892815602155123,-0.012853008745694228,-0.11186127481775213,3.5125484261796167,0.1788272271585567
28.947265148162842,2.1230028300096673,1.5205715800881299,-1.9960130833677248,-0.10819057015742446,-0.005366555645652997,-0.11174831910983835,3.2868445620953692,0.15563317838546104
28.997246026992798,2.1708824630902694,2.046275253766598,-2.082856083633977,-0.11472992345937962,-0.01652699497914612,-0.10632113990245831,3.6384423243829906,0.1572904373768283
29.04729199409485,1.8422966336286648,2.0588491546055727,-1.9710136255792279,-0.12805107715995245,-0.010645706448319706,-0.10571556489297063,3.3937901290325194,0.16639167673969685
29.09724521636963,1.8091504223594264,1.650670064766555,-2.062797110166058,-0.10866233625493256,-0.0204897862213213,-0.10913597820146798,3.2020101235238396,0.15536407692181217
29.147229194641113,2.236499260955673,1.80124430911369,-1.8233014818271585,-0.11823408558786203,0.00021160205274548764,-0.11954291359365336,3.4015934940852115,0.16813640878966782
29.197240114212036,1.527068764543501,2.4878524174818897,-2.2192352799547974,-0.13385423078929776,-0.027095742062206746,-0.10818494207454253,3.6669270364449504,0.17422719658471333
29.247283220291138,1.3038696677100066,1.7943488242788257,-1.3510880053422714,-0.11212141930326716,-0.019384783968256013,-0.11870859570220593,2.5971527894493933,0.16443452560111818
29.29722809791565,2.241333437305814,2.3639097088868053,-1.715018303086653,-0.13617361617034687,-0.008062844383989565,-0.10613039213628296,3.6814307638303645,0.17283495981852334
29.34725308418274,2.0691111014009667,1.9971310513312084,-1.691378754482356,-0.12956812104027227,-0.011066653289340747,-0.10262576079125521,3.3362426886014007,0.16565752498126085
29.397224187850952,1.5418795276738952,1.9645131917973933,-1.9988677403544053,-0.12027139731611204,-0.0200889936709337,-0.11183867118276544,3.1987773917600744,0.16545895276777145
29.447304010391235,2.1145804075196115,2.0574050750504913,-1.7262619789943736,-0.12006963481718877,-0.0036188773756094974,-0.10803819313258758,3.4182373180969887,0.1615613340312188
29.497246026992798,1.9335708680143826,1.827933851227264,-1.6654400168249015,-0.11598463563640181,-0.008698848865856866,-0.10886346004352722,3.139064974755725,0.15930900353698957
29.54726505279541,1.9304930202636077,1.6587545828974117,-1.7977179404890882,-0.10769165615905539,-0.00840665655364692,-0.11131133957766683,3.1160968953365367,0.15510763681800407
29.597230195999146,2.263813204550431,1.9606697968421034,-1.3647102447666979,-0.11745161542301748,-0.007045211148182772,-0.11008122952126073,3.2911259972108216,0.16112850169511092
29.647248029708862,2.328494545167923,1.8193343138902074,-2.0608324796153803,-0.11833800481163073,-0.009919001843675345,-0.09746202922519011,3.602623308314762,0.15362655083371554
29.697224140167236,1.701763753984765,1.825675366067044,-1.9587280775684628,-0.10619271739932153,-0.020623560928187654,-0.11586385397522499,3.172649696782707,0.1585139020780294
29.74725914001465,1.9707614617791651,1.8569224579022812,-1.6894177215342616,-0.1166074476799494,-0.013470660298384193,-0.11068546247819525,3.191581738218499,0.16133823832966124
29.7972412109375,1.9271410941281129,2.3253946562995065,-1.7448249478270028,-0.13562853790145646,-0.008334909438710614,-0.10399709432447694,3.4879431192012156,0.171113899600741
29.847273111343384,2.0528682962445863,2.3317899166431517,-2.0160498574826393,-0.12246875034838357,-0.00874120099329137,-0.1076194940973825,3.7035077271339123,0.1632695896867398
29.89722204208374,1.8091438687001902,2.0753487466289915,-2.0784905058932512,-0.1171751542430909,-0.016344074583463045,-0.10994951113339807,3.449666178179912,0.16151173500509236
29.94725513458252,2.2570981179166485,2.0724435234781895,-2.3033343188363586,-0.12452388197311214,-0.00853170823358141,-0.11362743342271718,3.83338793448288,0.16879034585328198
29.99727511405945,1.7510103278866547,1.7779738742584286,-1.6674097220512547,-0.11381363653293133,-0.017389024661686885,-0.10253692162032138,3.001246982023022,0.1541743893612259
30.047280073165894,2.079963983078544,1.9700096833599894,-1.8702288478152544,-0.11819977564374055,-0.0011213574573297638,-0.10997006867583208,3.4212489337428313,0.16144925025946988
