t_s,Fx_N,Fy_N,Fz_N,Tx_Nm,Ty_Nm,Tz_Nm,F_norm_N,T_norm_Nm
0.005797147750854492,0.005113035012929278,1.1044458993310735,-2.1611241884520913,-0.03393167057301041,-0.006291668812862309,-0.033434399740199856,2.426990862279662,0.048049999482971076
0.006713151931762695,-0.23786913830708958,1.2600466559470156,-2.2111771449407818,-0.04057131510452856,-0.007213006238642302,-0.03963728122108185,2.5560914827976484,0.05717668345496063
0.008735179901123047,0.2819283889547185,1.0142137738671542,-2.225133820196995,-0.03952694091373813,-0.002609175700399571,-0.029556751473218058,2.461571391080285,0.04942457297218944
0.010729074478149414,0.5688658923656201,1.6490530847536538,-2.0861479008267083,-0.05680182132996833,0.01189147703325321,-0.03198011565130062,2.719374476594968,0.06626146640019821
0.012800216674804688,0.34355536850211665,1.5514932705211804,-1.9128105645299627,-0.04963805874887261,-0.0016527843985065184,-0.030645151148175356,2.4867661561708148,0.05835917975365134
0.014761209487915039,-0.014434419707493214,1.3376736519766446,-2.1320014337208977,-0.039701237658501184,-0.003577200058125441,-0.034749381122652065,2.516944430267142,0.05288198294580086
0.016756057739257812,0.24404503716098686,1.1125688321845248,-2.3275087316479266,-0.03402920215451396,-0.0009180894724564084,-0.04355837740964354,2.591266926121021,0.055282562622522825
0.018758058547973633,-0.18821006517857886,0.8509476207213628,-1.987954939495638,-0.027629037922750337,-0.01886007148435446,-0.04108705927037586,2.1705989319335295,0.05298313384860427
0.02073502540588379,0.20331191138002275,1.2528958289619765,-2.4430203367169425,-0.03789195704765587,0.0038023062504365266,-0.029564953285773368,2.7530768345892347,0.04821145511715517
0.022716045379638672,0.0199260733561387,0.7856501012051266,-2.182694071652682,-0.02468991535713207,-0.005757390336347684,-0.03352166967499916,2.3198699403955354,0.042029059014295975
0.024731159210205078,0.1057703625006095,1.257773649222862,-2.0976466334561454,-0.03649062076519413,-0.003039021025070218,-0.036564914667926614,2.448122407297643,0.05174740609240999
0.026717185974121094,0.40672294239342205,1.2770142682364225,-2.045449682283494,-0.032749054451238074,0.007114257521429207,-0.04604938126780776,2.44541476970722,0.0569531275934807
0.028724193572998047,-0.22864115208852653,0.9929230239424239,-2.2450937354321368,-0.032103901023369436,-0.0011582984837480456,-0.03477214710814115,2.46548550772053,0.04734030345071695
0.030717134475708008,-0.1698015477197721,1.2597399591451761,-1.8201411437598458,-0.04049015075923109,-0.013404903612704681,-0.037245387938528184,2.2200655651314714,0.056624753174407974
0.03273320198059082,0.021392505155381287,1.2302995417076232,-2.000165696180181,-0.03836034378509739,-0.01578508896089212,-0.03857409680492524,2.348352063422084,0.05664491109649552
0.034716129302978516,0.3711516011950121,1.0231596079718805,-1.7988157678104344,-0.03652947335877039,0.008498651427689243,-0.03772609885264188,2.1024621901423663,0.053196691951641006
0.0367281436920166,0.22870271507786208,1.5842340888718562,-2.016353038162776,-0.04535370691162708,-0.006740329376892253,-0.038274115221346966,2.5744479320304543,0.05972686720992246
0.03873920440673828,0.1652341228277404,1.2418041559565773,-2.0483355291994587,-0.040212684945061035,-0.009145062196820208,-0.043864573363858364,2.4010535848411436,0.06020625374051902
0.04071211814880371,0.05423883888054937,1.0851252048127884,-1.876703332751753,-0.033900025086659596,0.00702063567965942,-0.03408131443811681,2.168514228896053,0.048580212227330236
0.04271817207336426,0.29427443214891624,1.0953231899539624,-2.2390420935693296,-0.034828141674483566,-0.0009025465773428089,-0.04259324607245834,2.509908330725012,0.055027253736772655
0.04473614692687988,0.08902326064465105,1.153816940390227,-2.188458641654929,-0.04214284215638908,-0.010680110441568913,-0.032332810751506146,2.4755948576254165,0.05418020445841032
0.0467071533203125,0.1628141796628258,1.026839846041484,-2.1483986106446986,-0.04035795933276479,-0.006506598969745785,-0.030300401885404483,2.3867394320993336,0.0508843302606531
0.0487370491027832,-0.11103300001518383,1.2140215963293293,-2.1903213848029885,-0.03756443713651354,-0.00792587805147995,-0.03808889361244026,2.506727853631436,0.054080220939728064
0.05072617530822754,0.414703346068195,0.8801203200842613,-2.282129973993218,-0.03331770657682843,-0.0018199836632796834,-0.038921705783717,2.4808683683870987,0.051266764021034826
0.052752017974853516,0.536369588440191,1.1278096396303319,-2.153064740637915,-0.03453249781504489,0.005367710603618195,-0.03443675058570962,2.489042927718365,0.049063178794006485
0.05471515655517578,0.0403616901389703,1.069236367457504,-2.2244092166758134,-0.02864534141075946,-0.01494845286796955,-0.042870248127348506,2.4683783824115983,0.053683051349427836
0.05673503875732422,-0.24988998992863437,1.2450005647517202,-2.269634145966361,-0.03597826623792146,-0.01336111068918462,-0.03825264240549638,2.6007134732290464,0.054186894830191026
0.058712005615234375,-0.1510924773088943,0.8266565955153543,-1.8819666567363007,-0.02109608228352144,-0.012471101872101738,-0.039813049084838265,2.061064909379514,0.04675095664314462
0.06074404716491699,0.1521359007888628,1.4336202989814295,-2.185572456893551,-0.047760351603354026,-0.008266891509462866,-0.038295922162258,2.6182321246009024,0.061773540733577464
0.06281709671020508,-0.0404924930666259,1.1614284296982889,-2.0676892962003235,-0.033516025966570245,-0.017787724008130876,-0.03290532370178637,2.3718968495547132,0.050224371075211986
0.06476521492004395,0.1446219934013078,1.2729675023570397,-2.380190174472318,-0.03906249674112493,-0.003340089503818173,-0.036580751445783696,2.7030847285438635,0.05362076301100272
0.0667421817779541,-0.21161575204672986,1.1900975949233195,-2.116667790260852,-0.03691779184421757,-0.012451123824949823,-0.035672932607615185,2.43749790692922,0.05282529659154471
0.06873202323913574,-0.2369546328023427,0.8738913899608989,-2.3415815969569933,-0.028987481964826232,-0.012471601045386183,-0.032630816300643274,2.510545365983644,0.04539366823404703
0.07072305679321289,-0.15216840125819378,0.836366734200524,-2.1834869332211264,-0.03282182403425756,-0.004715140828590065,-0.029724428105130263,2.3431345936514454,0.0445314081536421
0.07273101806640625,0.03955157355454078,1.4361183834748652,-2.049356741264258,-0.050773269507273434,-0.01017887364654117,-0.04037841781597462,2.5027711424120183,0.06566544746281631
0.07473015785217285,0.5134544924244808,0.8017267797011657,-1.8729095134946314,-0.020977989742458653,-0.003002091605864231,-0.03893648676108261,2.100997713187613,0.044329883926541726
0.0767371654510498,0.05996997921609293,1.0307643135032627,-2.1914441282634183,-0.029527528537488933,-0.004344430779351971,-0.03497398194024967,2.422498469700083,0.04597747745457241
0.07872319221496582,0.26127661182942635,0.7527440574087977,-2.051508462087892,-0.027652183650767197,-0.007393914952332666,-0.029865696506937663,2.2008125894477137,0.041367536388121955
0.08074021339416504,0.878501387337649,0.9826692734762965,-2.4307858659735793,-0.027274113043615874,0.006452432250489089,-0.03789048237597473,2.7651624752996935,0.04712960618281401
0.08272218704223633,0.04485236182399584,1.0489848410756684,-2.1200580444177466,-0.03505327373151172,-0.010082762755470188,-0.03865524319793387,2.3658036780063,0.05314717236853527
0.08477210998535156,0.10357352597173801,1.1174358073927486,-2.216457479617261,-0.04030878489958181,-0.010135025915019635,-0.041887178053044,2.4843659186756293,0.05900891945821653
0.08675408363342285,-0.09244599188651516,0.8772050525758311,-2.2650978598422347,-0.03357885240880583,-0.00879563948541115,-0.03428142965496595,2.4307824420014064,0.0487864635143609
0.08875322341918945,0.21532015870140625,1.3779977422426726,-2.361124741417392,-0.04086917690351742,0.0021666966886489595,-0.04324567833728231,2.7422892978134983,0.05954135445355012
0.09071612358093262,-0.12053925894443998,1.4059701790857138,-2.3837831211996354,-0.04123163969675818,-0.0169784440173967,-0.03056021400871072,2.7701450912075822,0.054057768670130645
0.09273719787597656,0.18294281833868656,0.6550833485947178,-2.568308763668561,-0.02705725585947294,-0.005473013550343167,-0.034731907401589934,2.6568425195943592,0.04436613983343424
0.09473609924316406,0.0961094711027595,1.037903706002194,-2.5090674034426392,-0.02964193764744345,-0.000918573818572745,-0.03374271657381787,2.7169652865627727,0.044922813437451754
0.09672999382019043,0.5613145385750891,1.3237862838621586,-2.3655492047806885,-0.03862038132636858,0.009791908873330837,-0.03715914144367341,2.768267901919158,0.05448134658769606
0.09872817993164062,0.3165568395272714,1.3168139324523296,-2.1818836473586525,-0.03760372511242178,0.0019305620651115748,-0.03730835414160399,2.5680388268021104,0.05300641943173645
0.1007540225982666,0.32432545638757176,1.2812562436460062,-2.2445829343784265,-0.04553612421277449,1.2315903661929621e-05,-0.03511666032580906,2.6047950231919876,0.057504074572511485
0.1027212142944336,0.006036060264951036,1.0241203141536852,-2.0610184195758796,-0.03570151077464264,-0.00676358385320608,-0.02842766693226932,2.301446453367278,0.046135411403208634
0.10474109649658203,-0.22220033457560634,0.8407777763157844,-2.169720831217265,-0.026451609157189155,-0.011024633977926811,-0.034096102019485125,2.33751336750192,0.044539581882580455
0.10671210289001465,-0.3369876129628383,1.4345463023303775,-2.3213590667240345,-0.04472076679402587,-0.015170762253914718,-0.03800737432885089,2.7495802700561467,0.06061896991358269
0.10873818397521973,0.05367007978482671,0.9855082050073697,-2.0679125334681325,-0.029575284739605388,-0.008358179976148792,-0.029555687129315587,2.2913684002524666,0.042639128528013104
0.11072111129760742,-0.006254093844340249,0.9031642097247696,-2.1091993878535837,-0.03147454342097062,-0.008541965331998481,-0.024534900167098018,2.29444258179182,0.04081143689581507
0.11279511451721191,0.16975007783301033,1.2669035071270658,-2.539069481089691,-0.04075140793145337,0.003777086889319848,-0.03383859065668939,2.842663085048287,0.05310361429692125
0.11475610733032227,0.3523376261138039,1.325645798705551,-2.535339703986076,-0.040772858414161485,-0.006626082541314378,-0.039888528894580444,2.8826075003387808,0.05742321560553144
0.11674809455871582,-0.626065698252306,1.050351540094022,-2.360325165371743,-0.028574126177587755,-0.02949205733800586,-0.03714207853763709,2.6582572303283927,0.0553696318475835
0.11875700950622559,-0.008329865769501198,1.4144484075138046,-2.465203470012521,-0.040920959113267166,-0.011706728720135312,-0.03178875860684127,2.8421755457296882,0.05312341824318677
0.12073612213134766,-0.18709482429135704,1.1190001085127665,-2.6600731555893162,-0.027741365873111136,-0.020258170693620986,-0.030761478858247995,2.89191198158158,0.04611122902183521
0.12272000312805176,-0.38307071035153345,0.8789425604434036,-2.4940107388240387,-0.03304098510190953,-0.011994734198646318,-0.03860771544059612,2.67196047108816,0.05221241266732296
0.12474608421325684,-0.3084469825042535,1.3324270032089867,-2.245821299390841,-0.04058979261221015,-0.017140257130515212,-0.03798999854196269,2.6294894121661767,0.0581769685358453
0.12671303749084473,-0.22045822776310814,1.030013035442784,-2.321825468471532,-0.028708365776098147,-0.019279360408617986,-0.035370487221146156,2.5495886314096943,0.049466507553706414
0.12873601913452148,0.2012039432200892,1.0618096546094817,-2.2115868077241596,-0.03789908570859949,0.003768917500264922,-0.029119947528369453,2.4615115229242295,0.04794284910939862
0.13071608543395996,0.2586088797119802,1.1392103933795452,-2.0974828364878655,-0.03475281236663772,0.00282811473858453,-0.0305979121931099,2.4008567475822136,0.046389529324434735
0.13272714614868164,-0.45827722309301366,0.9049327579478489,-2.214545290440173,-0.028536442944418323,-0.01953417681362852,-0.035273632127655684,2.4358021580218074,0.049397791075951235
0.1347200870513916,-0.00612427315825648,0.8549311683094706,-2.1092287744713274,-0.02604043711616004,-0.0023011528498730043,-0.034162382167638033,2.2759153833845693,0.04301706667134472
0.13672518730163574,0.1080000446960574,0.5716059655196548,-2.246924238717972,-0.01814710197493505,-0.0003949166244992702,-0.03435227433285693,2.321005369233416,0.038852953826818096
0.13872718811035156,0.20182025760534192,1.3471218096017652,-2.2239999131265242,-0.04221664404425103,0.00018121321617083774,-0.031074909093383146,2.607996203960314,0.052420681488804945
0.14073801040649414,0.37004852296737545,1.0522616074190925,-2.126421854617091,-0.03467754076281268,-0.003660951145200153,-0.04227917092017002,2.401220586200222,0.0548038565279947
0.14272403717041016,0.2891731026421602,1.2244638840513777,-2.3043423605500686,-0.03190335070201247,-0.0005578904831169501,-0.04204493785185107,2.6254383636382213,0.052781737625553514
0.1447291374206543,0.6287561960766738,1.333316652131378,-2.20597755354175,-0.03313642188203724,0.013995786426436856,-0.0374501506843269,2.65318763295883,0.05192704766417576
0.1467130184173584,-0.0026920975506196654,1.151665792809316,-2.123308839797392,-0.03017484452783432,-0.0073431009695552035,-0.04210818890274243,2.4155292949741014,0.05232152469870403
0.14873003959655762,0.3666535564678577,1.148177000710064,-2.345641200225908,-0.030948444933019056,-0.007381289474889641,-0.04245459565276706,2.6371912891611267,0.05305358018196489
0.15071606636047363,0.3342886166914367,1.0289337601304491,-2.4444998808892535,-0.033648719308009015,-0.0038513577153296763,-0.04192583349947119,2.673206544517882,0.053896611970939215
0.15274810791015625,0.5633821700019122,0.8348070928196688,-2.2311858105164175,-0.024821022850921283,0.010585973589498587,-0.03414712211001437,2.4479567955231345,0.04352208589440251
0.15471601486206055,-0.16459513506271028,1.132574632630961,-1.9566007876565292,-0.03059603317809948,-0.020972462294332243,-0.03879568774186477,2.2667385158468583,0.05367556993909639
0.15673303604125977,0.6728211095742107,0.8291836619616587,-2.374066629624224,-0.024059666749689495,0.00918153908141989,-0.037904619870792446,2.603156958895898,0.04582497606719537
0.1587212085723877,0.0916831530032947,0.9875313319885964,-2.2600851819635213,-0.033361724308887994,0.006663941026103998,-0.03231591340011287,2.4681185064609195,0.04692260668105764
0.16073322296142578,0.28265579209418584,0.7095704182224047,-2.2520529613447846,-0.02627498922526786,-0.0006767264069029946,-0.038550878541821224,2.37805109615469,0.04665836745712385
0.16277217864990234,0.16932141483137794,1.3171483312136703,-2.2136983982799907,-0.03887818992322641,-0.002526802367984435,-0.032598995685572785,2.5814743977980594,0.05079953643116548
0.16474318504333496,0.3170866894156103,0.9280675352635807,-2.099005083153437,-0.029852967211543225,0.002329068421032505,-0.04107180797899737,2.316824477106269,0.05082831515707517
0.16675209999084473,0.3431503455012491,1.1188435860831383,-2.0662578339368953,-0.036762792535109313,0.0050171772039975925,-0.04106314943890753,2.3746546203695797,0.055343086505162085
0.16872811317443848,-0.14546211566870287,1.4427877464976158,-2.0866363023461303,-0.043913657761006614,-0.014470384398867319,-0.037960752632470826,2.5410326182100094,0.059823240492516284
0.17071318626403809,0.13905218419471224,0.9366383915524814,-2.180829313399767,-0.021484842435592143,0.0014593618688045064,-0.04088884741653175,2.3775288601072835,0.04621283408966341
0.17272710800170898,0.08544045947201265,0.9823774384169065,-2.2409373702367765,-0.029999594216558793,-0.012406490287337178,-0.034073532736971855,2.4482985522499234,0.047062748406627
0.1747281551361084,0.312091281788753,1.1233793238161787,-2.192617059624576,-0.031819726070969286,0.0025432623092315728,-0.032115315868649456,2.48333478280778,0.04528086421158731
0.17672204971313477,0.2401446071705263,0.9005663496037212,-1.9464729548384603,-0.025919713761593743,0.003912480371636288,-0.03054574606364324,2.1581117084871266,0.04025148030477845
0.17872214317321777,0.4950297458129847,0.7936100233145743,-1.9685750537241604,-0.021305611454657217,0.011100538284072587,-0.034732805942651566,2.179485962443922,0.042231727863099255
0.1807241439819336,0.4770732737597,1.0158152636611122,-2.0407574591590296,-0.02914147714914079,0.005950915584893779,-0.03345885780768898,2.32898487876927,0.044767558036233966
0.18272614479064941,0.10882125276972764,1.028307935564275,-2.0142441663958093,-0.03902184742699786,-0.004036873904014544,-0.029384957887073453,2.2641640482214145,0.04901506582223361
0.18476104736328125,0.15692327607190437,0.8827411728700683,-1.8258688055173855,-0.032883517253801176,-0.008336537851502547,-0.0322879745492745,2.0341223630388234,0.04683307453952999
0.18674111366271973,0.3288209438218602,1.0053129467414987,-1.7673086609150186,-0.02738451560485405,0.0006089204612850026,-0.043262526156548554,2.0596497850186113,0.051204771735520065
0.18874001502990723,-0.061804426562729525,1.2309172355143776,-1.7555741855707487,-0.030145723196097592,-0.005534172560631303,-0.03651414035434221,2.1449983097595915,0.047672572185305705
0.19072604179382324,0.22854963485685084,1.3025791529605064,-1.8733399856954496,-0.039393203916384324,-0.005584968487906077,-0.03642230312694111,2.2931092619685476,0.05394071331452269
0.1927351951599121,0.8040017192789398,1.2463475534606283,-1.9005229012467868,-0.03838946655680012,0.007559369494850397,-0.03634834457958027,2.4107650832846175,0.053405031255034874
0.19471406936645508,-0.26442500159861404,1.0405565004731283,-1.9097725174317024,-0.03748744793893278,-0.01379792423058242,-0.036247302868991034,2.190869571764767,0.05394032287003346
0.19672322273254395,-0.07685633159926575,0.9720122275082403,-1.8569586590831324,-0.029240814348714218,-0.003388410234341432,-0.040974730525576604,2.097381731511041,0.05045230509437384
0.19872617721557617,0.11573454673061155,1.1314989020123638,-1.774888910201348,-0.037163488474100406,-0.004626657065170408,-0.03804714434967938,2.1080595091500274,0.053386477916497026
0.20071911811828613,0.5750606399094879,0.9303461880914977,-2.0074713475717574,-0.02477477350308102,0.00596467940189914,-0.03607373845460763,2.286083983713428,0.044166519090685
0.20272302627563477,0.44005693250833317,1.290439514791886,-1.977868537506214,-0.03638765946726448,0.00987836510628989,-0.044080912916492174,2.4022589778876737,0.05800664394903514
0.20471906661987305,0.29663213309037123,1.1796273071568144,-2.0178736996299906,-0.04101369180792224,0.0031128228669084967,-0.030851799564824835,2.356125097237031,0.051416399312905044
0.20672011375427246,0.04789539618788201,0.9519668867413659,-2.036742944265187,-0.029730996916986864,-0.0008787172618833894,-0.03340067907525724,2.2487455933124285,0.04472482179274213
0.20871305465698242,-0.27316293815214815,1.0246804327354535,-2.099969603940135,-0.030408854234410927,-0.012489156718529272,-0.04153356309462717,2.352543372072727,0.052968993899497586
0.21072006225585938,0.1656958266613951,1.0710614652862283,-2.24008818602474,-0.03424328466893751,0.0038761982859965975,-0.03425535644640068,2.488498111424177,0.048590707993815214
0.21275806427001953,-0.32778450135554044,1.1559370401035454,-2.0293487668755654,-0.03697328007991271,-0.01584755558290307,-0.043429590593881615,2.3583658616999235,0.05919710970117581
0.2148129940032959,0.39016934395543135,1.1729911812484077,-2.056030676062024,-0.03514191908944009,0.004797793557688527,-0.03668933768307414,2.3990420107111943,0.05103019498231998
0.21675801277160645,0.012815046227027414,1.099618738484563,-2.2386133291440697,-0.04192102973260119,-0.002058022621647714,-0.03940429658022713,2.4941361696703086,0.057570016327384746
0.21877217292785645,-0.1320644461327823,1.0838922470000074,-2.138132395541783,-0.03366453778802885,-0.005653741927999336,-0.03681446209438802,2.400806856434796,0.05020528380130095
0.22075605392456055,-0.0837524687898222,0.9387138867049182,-2.094926246088059,-0.03482467518754843,-0.01051675151356333,-0.04298619917989325,2.297153502417644,0.0563131723866605
0.2227480411529541,-0.13796098315368388,1.0938281599350912,-2.4187654975020387,-0.03380849886619131,-0.008613644985838637,-0.037969277412974504,2.6581797923101447,0.05156428514767501
0.22472810745239258,0.2849690046088084,1.0556536230281932,-2.316791132820028,-0.035037697232989204,-0.003547888121289965,-0.03890502549150055,2.5618612488801564,0.052476935371705134
0.22673511505126953,0.697182512135383,1.081511636070966,-2.3847841792099476,-0.032663662472524224,0.008777750856205227,-0.036519053021772455,2.709783470241555,0.04977554610267603
0.22873711585998535,0.2983428842395501,1.1477598285592694,-2.1924774106460134,-0.03893581248562601,-0.0010930311622686967,-0.03180418166640845,2.492652863281172,0.05028616293283304
0.2307300567626953,0.3172440950477038,0.6844425476113316,-2.325642398851791,-0.028995195264355705,-0.00037438691599493365,-0.029686764039504855,2.4449372147685997,0.04149898159133815
0.23272418975830078,0.23997523716448138,1.22251355684213,-2.171280387922895,-0.03690544615012863,-0.010712132776050435,-0.04810150169923025,2.5033150089618252,0.06156716827882235
0.23472809791564941,0.3025355023603645,1.1048149576140145,-2.275481731007025,-0.03752369272394902,0.004131637298253691,-0.03583574881892482,2.5475401721862645,0.05205092540789969
0.23671221733093262,0.19108005832025135,1.2136941486845145,-2.3378533148614644,-0.04065305707233033,-0.0038394105977104594,-0.03548812737353035,2.641045852886208,0.05410008602159402
0.2387220859527588,0.0006386771043814243,1.3675121495439706,-2.414648740623252,-0.04416806810270458,-0.008845211819373068,-0.029224235834438783,2.7749988157929497,0.053694617720602335
0.2407212257385254,-0.17237668455834732,0.9287567338693524,-2.290747774566691,-0.030508915644209864,-0.015521793333951376,-0.03774850488389605,2.477867663691756,0.05095752763877909
0.24271821975708008,0.23144479832120157,1.1805234257411588,-2.193181721069807,-0.04247261189606813,0.003096486917113638,-0.05147302394198139,2.501449242944638,0.06680556253960948
0.2447221279144287,0.24669917309040063,1.4261689152001509,-2.224543360820528,-0.040500186671760904,-0.0040603252173263115,-0.023476428535003677,2.6539426182299706,0.046988233187438215
0.24671506881713867,0.5564509946954477,1.4106903812683116,-2.1868385409618756,-0.03946856750036443,0.004851899951537028,-0.03473738898072862,2.6611929403064245,0.052801467279508386
0.24874210357666016,0.5315785444754509,1.5015857377339785,-1.8421233207988974,-0.045173772915411185,0.015549519912615899,-0.03721284131182891,2.4353139029176285,0.06055784744709257
0.25072216987609863,0.3669457022024902,1.141812593911511,-2.290869299947512,-0.03564061703042826,-0.006350668110252079,-0.03776269084925451,2.585820430235212,0.05231257389894513
0.25273704528808594,-0.005759091236718472,0.9637640254055845,-2.038500795745273,-0.038552825080646294,-0.013057909214014788,-0.03766284744338957,2.2548524914175565,0.05545556232051387
0.25473713874816895,0.07907033750546404,1.0946742354240455,-1.8971510340745525,-0.035271891758943005,-0.0036645981482860425,-0.028354626751253595,2.191744931798541,0.045403969937065185
0.25671911239624023,0.35929804117148983,0.9754399405966727,-2.0425206403839833,-0.02838464716589029,0.0032837621703132717,-0.035267872066363476,2.2918265044491277,0.04539046253138037
0.2587130069732666,-0.14077796979872315,1.0533286145607605,-2.3992535260645695,-0.0332320433032454,-0.01051814440178442,-0.04103927250817623,2.6240688042363547,0.0538444235902467
0.2607271671295166,0.2574633445701252,0.8652602726077149,-2.1194210052699405,-0.02824815194086799,-0.0011122805641157983,-0.03071767355140563,2.3036727438440248,0.04174650553685181
0.2627692222595215,0.09287604291227766,0.8236375119619516,-2.0456025999739396,-0.0321082280777721,-0.00432034313718728,-0.03936227393904196,2.207146281395517,0.050980312717454526
0.26476407051086426,0.02397908445280368,1.316107447158142,-2.3031106666284056,-0.04231781784380979,-0.006186581700399951,-0.040263932586169074,2.6527405737640186,0.05873887781955966
0.26674413681030273,-0.17677548061357434,0.9334575204010775,-1.9167918322003192,-0.02475342608365062,-0.01439123857328106,-0.031574975130943345,2.139318452435108,0.04262415870221415
0.268740177154541,0.6909462685194916,1.102710839987423,-2.1747044523669197,-0.03228688996134707,0.0069565914251398225,-0.03683877252487384,2.5343080708057735,0.04947658626837408
0.2707180976867676,0.2618800121085366,1.2645218664302225,-1.9443473935318294,-0.04658661852868301,0.0015352530509088688,-0.027986393363338195,2.334112996012866,0.05436826502064285
0.27272510528564453,0.5130063120230759,0.9693501253812314,-2.1463724582923365,-0.03469433920916142,0.0033581694212294778,-0.03431982982662119,2.410338123888019,0.048916512491696235
0.2747070789337158,0.04928689934214897,0.9545387798763467,-2.1578911951186504,-0.02354266423908795,-0.012977692107328844,-0.03623320781430205,2.360099127304865,0.04511676939256018
0.2767190933227539,0.6405413236421051,1.3530744308736142,-2.326271388221517,-0.03960619611138428,-1.0162496352882978e-05,-0.04089520837421868,2.766340936044435,0.05693038680406562
0.27872204780578613,0.08502525605630287,0.8981848281887277,-1.895602856984138,-0.026199845626281824,-0.012558587865530678,-0.0389671423373086,2.0993512024342857,0.04860646275911591
0.2807199954986572,0.10747128690247888,1.1195329587165548,-2.158702296266026,-0.04098878362484894,-0.009561045485898497,-0.038526880790343644,2.434111691575662,0.05705974515594557
0.28272104263305664,0.737541860813589,1.0845206255789537,-1.8773943052954218,-0.041507791980168796,0.013910886716285825,-0.03100328201687495,2.2901446158079657,0.053643387850882275
0.2847590446472168,-0.08009623247483319,1.3200567578345594,-2.1009483869193315,-0.04209369514934004,-0.004351625610733724,-0.03512191272253476,2.482528826592008,0.05499422306088991
0.28676700592041016,0.2084529252501689,1.1274899647663854,-2.3725767497189003,-0.03332067445497639,-0.0019498898273846942,-0.030459908528554465,2.635110372641146,0.04518711590753895
0.2887420654296875,-0.05054294316412748,1.0971105616629062,-2.37377606287257,-0.034591407832002055,-0.008385077399332358,-0.035649828623152725,2.6155341653824347,0.05037643595623699
0.2907249927520752,0.12297120935893109,1.3802627380502246,-1.9574969134546159,-0.038780766695921474,0.0004769367728987539,-0.038652777701334816,2.3983413665626188,0.05475593628308844
0.29271602630615234,0.27813687496470196,1.4098791259211678,-2.1266033993170925,-0.041712344245719964,-0.0013325276804040257,-0.03410515599246414,2.566624493164199,0.05389672492612888
0.294727087020874,-0.30282926754141865,1.360990781467238,-1.975555156227705,-0.03859993787906447,-0.017567233751461964,-0.03671216828558339,2.4180197782103328,0.056092300774483614
0.2967250347137451,-0.21430170173472002,1.0252562920208081,-2.3715961421335687,-0.03155436402092165,-0.0012782499117079981,-0.03542791568676771,2.5925940571322537,0.0474599728351201
0.2987101078033447,-0.2542603936619495,1.3238696254682771,-2.1015594677344285,-0.03727660958858035,-0.02003218087415296,-0.03362262348547308,2.4967641717725084,0.05404918781110505
0.3007171154022217,0.6044989545807862,0.6608157670399435,-2.241935094811694,-0.022288971536958073,0.011541092670999582,-0.03135191880889052,2.4142016140757945,0.040161397948965755
0.30272722244262695,0.07662033430856652,1.324912730903031,-2.233715670213866,-0.04241887254247853,-0.005554296623396692,-0.03362095144586796,2.5982205671377216,0.05441120596789898
0.3047161102294922,0.16709061470962555,1.1002574881867164,-2.3093598408393006,-0.037947736084244614,-0.01069401173885413,-0.04214708751211184,2.5635188098229946,0.05771281960486634
0.30672621726989746,0.6014370700413161,0.8808330424649955,-2.1088300740603696,-0.028136433242395422,0.010010102583854692,-0.023903780358998192,2.363209190736082,0.038252473708170774
0.3087191581726074,0.06704698864334085,0.7608247203852806,-2.112517422378655,-0.023416436440987155,-0.006635122483118466,-0.034791700236984406,2.2463480170465213,0.04245958962756183
0.31072211265563965,-0.5025992939325906,0.7460174798726433,-2.099325749546443,-0.027775230818766667,-0.028657405632626413,-0.03547449791426881,2.2839257284872034,0.053396164159030333
0.31273818016052246,-0.3664626654691974,1.1537817759198434,-2.122583900438256,-0.038085880839114475,-0.01744791518124003,-0.030090825650082035,2.4435363074910956,0.05157927734823946
0.31477999687194824,-0.025163610109612704,0.9327850874885467,-2.088716233923649,-0.029123361426943183,-0.014709557963389706,-0.039028093067960595,2.287674962176873,0.05086976827944155
0.3167591094970703,0.20434516844551343,1.1495112270384364,-2.2795392816124105,-0.0384205010552353,-0.0013280443933957815,-0.034726663802613376,2.561138876626658,0.05180578907907788
0.31874704360961914,-0.25714955637767667,1.0084475165673783,-2.215344508380662,-0.034566088837124906,-0.013320320253312024,-0.035320179487783286,2.4476199825194485,0.05118359608503522
0.32073521614074707,0.13164318942502934,1.1579295373538596,-2.240606661920271,-0.034214574074835,0.003621408009274978,-0.03473291300274379,2.5255591373476127,0.04888892431571982
0.32271909713745117,-0.03677235594031015,1.073804592781695,-2.367071840374466,-0.034027531300933375,-0.011605825232537332,-0.03696568936055099,2.5995071854361598,0.05156578570782136
0.3247191905975342,-0.22473871841748946,1.1907349449896079,-2.0144192617162835,-0.04096092180910786,-0.009772157220418291,-0.032094494529054704,2.350796070004567,0.052946659491113726
0.32674407958984375,0.7093041798032939,1.12332667708086,-2.3958530521742105,-0.035294236442250014,0.018649558154343496,-0.030416219424825235,2.739541401501432,0.05018600949958868
0.3287081718444824,0.33666706242500777,1.393431349958134,-2.2595213946920865,-0.04689025322124325,0.010433769545536552,-0.03761923432824753,2.6758984605248575,0.06101447521306134
0.330733060836792,0.4012245464465939,1.6266689487227397,-1.8331960221128165,-0.05069881810540092,0.004528303167797967,-0.030164929579871987,2.4834735071871155,0.059167547383871276
0.3327209949493408,0.18160139227973493,1.210804804717519,-2.3476787316005425,-0.03760550641344331,-0.004212892592231687,-0.03673535056692526,2.647758064403638,0.05273906102577199
0.33474302291870117,1.1299798984193556,1.1834462005370683,-2.1227643208149893,-0.03924387014415936,0.01751977106986317,-0.03965925614331096,2.6802104100466746,0.05847974281811441
0.3367152214050293,0.369372615484246,1.3207863315884887,-2.074210054770879,-0.04534954020121848,0.0017140128309555101,-0.0383939852497967,2.48661617747759,0.05944423218284696
0.33873820304870605,0.2574391111692278,1.404321438594098,-2.3741975762580676,-0.041813913660550435,-0.0008050159729165966,-0.030848538010388036,2.7704165264386296,0.05196810294504671
0.3407411575317383,0.6516656142507493,0.7977020055674114,-2.1345801227294237,-0.029858588824788448,0.009786851751918277,-0.02298971221902935,2.3701115718114703,0.0389338498190918
0.3427422046661377,0.518895515054172,1.1326739827245746,-1.6107674694535847,-0.035926410449497445,0.0006125953974517365,-0.041043935904321406,2.0363631177504637,0.05454985715311069
0.34472107887268066,0.27374660512133714,1.208778414490564,-1.8479647156535102,-0.04163209798604453,0.003240771289594679,-0.035825915297987475,2.2250968629374626,0.05502027252031425
0.3467371463775635,-0.33904725866648155,0.7360095613461136,-1.997343424384746,-0.025011582344324945,-0.016855276190615106,-0.0361780193987426,2.1554683650972795,0.04710125979678951
0.34873414039611816,0.0721784320673427,1.0551345417001228,-1.972488222988561,-0.030590768529528092,-0.007827028716095537,-0.0449367243205834,2.2381305629862167,0.05492145928882318
0.3507540225982666,-0.04370257104026174,1.2520265744628878,-2.245369813623141,-0.04557064804080452,-0.013981928448191952,-0.03246325039693111,2.571218788397211,0.05767183812159179
0.3527231216430664,-0.09772874340728627,0.9517602507670465,-2.137234204454914,-0.033341261729706057,-0.009143714726636493,-0.029914852045404887,2.3416166481557457,0.04571811047746107
0.3547370433807373,0.23121267336643858,1.2916102298500731,-2.096502796698862,-0.040865750658265164,-0.003324070577509504,-0.03449021185642607,2.473265101590358,0.053578295381328786
0.3567490577697754,0.23018657406456847,1.2990260409948924,-2.1822008261877213,-0.0364540666115573,0.0005466244561652305,-0.032097261774207464,2.5499911685880052,0.048573984644230433
0.3587331771850586,-0.04934605512380065,1.413622133581113,-2.0240965608264765,-0.05527255072028911,-0.000854306089465628,-0.042479416952076604,2.4693581063216143,0.06971574834002575
0.3607301712036133,0.05715039465143658,1.1036176406464047,-2.027361796600719,-0.030601242965609947,-0.005348162236250563,-0.034801793708556586,2.308989804800109,0.046649799095799735
0.3627312183380127,0.11865172650646921,1.0658711051263636,-2.453607844549958,-0.033003173141516934,-0.006040128441438523,-0.03786015815267905,2.6777510899602586,0.05058739135737174
0.3647940158843994,0.22276489758961102,1.2918134646421702,-2.0935620001564708,-0.037672395456112,-0.0019225412157374627,-0.03258601483409482,2.4701028471559803,0.04984730591411882
0.36678314208984375,-0.7315700265037939,0.9197376202832249,-2.1000423403860267,-0.02758013285944964,-0.031195868609771325,-0.04085428811934563,2.406509884720408,0.05833454212215534
0.3687770366668701,0.046249008644584984,1.3485706596484874,-2.4297248638017805,-0.042742956369131245,-0.012107451275696995,-0.03141215431554124,2.7792705353459106,0.05440840132102955
0.370743989944458,-0.4602836612404333,1.1633106125811656,-2.107226562663721,-0.03513855736516597,-0.023370961580048245,-0.03489441128043981,2.450623679095676,0.05475892619007093
0.3727381229400635,-0.14258862166817632,1.6154898283222343,-2.32557041038746,-0.05202503298523345,-0.010577199266330144,-0.03807450511624137,2.8352101569568933,0.06533107332105431
0.37473607063293457,0.5808136149805807,1.2380512051248669,-2.233395821748258,-0.03871703339642026,0.004929146340291869,-0.043712229566224337,2.618811207105339,0.058600888835527325
0.3767361640930176,-0.09497879813240544,1.2604658900913768,-1.8912090104906285,-0.04260687920313571,-0.005241766654134525,-0.034729833899494786,2.274745426094855,0.055217602589876104
0.37873005867004395,0.03288316186354148,0.9360609966858494,-1.9947888448031348,-0.02847212028721791,-0.00041238630689984586,-0.04475911413257956,2.2037409165329924,0.053049128117709975
0.38074612617492676,0.0524823818037307,1.4805325871413206,-2.1649715726162664,-0.046327511295607485,-0.0118355191422887,-0.031102451239195552,2.6233248087539054,0.05704104039460236
0.3827371597290039,-0.03389760048560275,0.8029455751559471,-2.093877572633931,-0.029992071757378815,-0.00511458405586848,-0.04067447714761309,2.2428093840450547,0.05079464961584048
0.38477015495300293,0.5079338264929941,1.1303949387817962,-1.9996756585897766,-0.0325360712371357,0.0032467604612782695,-0.04003874048936661,2.3525501544655265,0.05169369521533292
0.38680100440979004,0.27072289533081434,1.0770713192349848,-2.146408142759126,-0.03533649739603892,0.0016204235056805768,-0.04134151882243507,2.4167005251121974,0.05440969581888674
0.38870811462402344,0.07851517190591158,1.1386056014678407,-2.1588824235008865,-0.0347106365763972,-0.011435976385663701,-0.03596278167347406,2.4419993174475745,0.05127310711402365
0.3906900882720947,0.3227083958155958,0.7206858624091063,-2.07286974839001,-0.019637248830436597,-0.0010877930082062266,-0.039407573206364135,2.2181789411128885,0.04404272540695154
0.3926811218261719,0.23852926859029477,1.1543242593735799,-2.035432839098967,-0.037958887577888824,-0.013457416282640513,-0.03476596626070663,2.3520942902517885,0.05320386836683656
0.39468812942504883,0.002585755447804025,1.244844871663156,-2.2788027102593067,-0.03843064524793492,-0.006921610468508298,-0.03190148047134632,2.5966492317836187,0.05042348304028667
0.39667606353759766,0.15863655583662756,1.2959420351614526,-2.2861450466363955,-0.03989971123726818,-0.0066889157661067546,-0.044560443128074126,2.6326964294438207,0.060186058541108874
0.3986830711364746,0.3732217809864457,1.3663461338358263,-2.0987641025510224,-0.0356093159087008,0.0042861060188805694,-0.032664673712872544,2.531996645615393,0.04851159648021453
0.40069103240966797,-0.6927543519431307,0.9716124356072524,-2.145507753712409,-0.03219810065398192,-0.02398319429098693,-0.04020435716468329,2.455023999557412,0.056818145245586815
0.40270400047302246,-0.16312802208750177,1.3548916115003882,-2.4506350587887464,-0.04183237136312452,-0.011702172124003206,-0.03550509844365299,2.8049873835489567,0.05610258587423264
0.4046781063079834,0.04095014774613336,1.4695725232872203,-2.3667574874402977,-0.04534911342732485,-0.00905933871797216,-0.037475937078696876,2.7861911851407304,0.05952360512080709
0.40668606758117676,0.10025288787687062,0.6532009054118941,-2.322586394238646,-0.029498606350834504,0.005848457449460375,-0.03643806958920234,2.414773203234839,0.047245160033247795
0.4087371826171875,0.48398212323173445,0.9843622778556419,-2.040223926360072,-0.028905397454369472,0.006595674202869293,-0.027659077864103234,2.316402698013701,0.04054688037911166
0.4107391834259033,-0.031138906328897733,1.2616938535898996,-2.134356291323909,-0.03867900514260441,-0.011546273023527653,-0.03207533708036462,2.479580164057585,0.05155782295999778
0.41288113594055176,0.15817494669202803,1.3445351404007198,-2.5091454776445703,-0.042747321158372875,-0.00031405110455815926,-0.01755928703886075,2.8510708664495885,0.046214290599623516
0.41482019424438477,0.21649305356732187,0.8946687997291055,-2.3772818262774367,-0.03277886089497932,-0.007505700590336914,-0.03152148880795803,2.549268598049371,0.04609114361343632
0.41675615310668945,0.4990714353137262,1.1574596652977742,-2.2303608428731883,-0.03691162977010193,-0.004592833360673784,-0.04277045288921526,2.561892789278922,0.05668222094195476
0.4187800884246826,0.06877300633752376,1.146999415530272,-2.26227579645926,-0.029431064866622652,-0.004422730647920459,-0.03352303327585102,2.5373665807038734,0.044827914133731675
0.4207301139831543,0.26266154959336246,1.5663472488833479,-2.2034288628539827,-0.05023789501240229,-0.008939571885155689,-0.030905316688185507,2.716161546627375,0.05965652219467758
0.42272114753723145,-0.4246770023638884,1.43448400816446,-2.3376406319412264,-0.04317247239998236,-0.013867354145299892,-0.027364470118452795,2.7753663992559483,0.05296206292226636
0.42472410202026367,0.26926278548217664,0.852550790667239,-2.498429943320229,-0.02585219276028606,0.0019509378411025498,-0.026670410582979507,2.653582009283315,0.03719479573326809
0.4267442226409912,0.11729178303240612,1.1734703886402569,-2.52997268997887,-0.04138503446401938,-0.009098031840627421,-0.03653380916812829,2.7913351513964346,0.055948319664618676
0.4287130832672119,0.32656181487556546,0.9224092263834479,-2.537003897491026,-0.026386546116943795,0.004004816603107973,-0.037920638656004674,2.7191671842196077,0.046370930636395545
0.43066906929016113,0.20996489799012333,1.0250035490212897,-2.3068445358993297,-0.03582612558298999,-0.002978514065366456,-0.030969512940603097,2.533031631603292,0.047449905712276585
0.432664155960083,-0.11656304414284607,1.0460253969823599,-2.326885184434595,-0.03360354317868964,-0.010428798037962546,-0.044777264646476245,2.553850178834532,0.056947004942307915
0.4346752166748047,0.37686870782527526,1.1708175269889758,-2.5559976213190243,-0.03597797449065913,-0.0060223496769665,-0.03593251287249076,2.8365414759229215,0.05120379698239078
0.4366641044616699,-0.17423852795702738,1.081516655246472,-2.3947784850988496,-0.034258143779539646,-0.016462953746273636,-0.040925441315575094,2.6334390695234413,0.05585285138778625
0.4387021064758301,-0.033872217070409355,1.0535841800341852,-2.4428849194586477,-0.03022684862222899,-0.00030700042520475724,-0.034103019142848925,2.660615282453676,0.0455716199136013
0.4407210350036621,0.013064620008202035,1.2420477031700934,-2.2761526383501747,-0.0302907738186588,-0.006138617287544692,-0.03557603242137906,2.593014464732992,0.04712608283724738
0.44272708892822266,-0.011628252282383022,1.1318373358639753,-2.2435117596960463,-0.0391850619807914,-0.005304391893987106,-0.03755254632633526,2.512874049171835,0.05453255350150968
0.44472312927246094,0.2418830389176851,1.157836917566211,-2.1118693649449796,-0.037351443204738655,-0.011456263556961329,-0.03653824728111454,2.4205548840686077,0.053492240545141234
0.4467310905456543,-0.017537202025306002,0.8993427422643682,-2.0141992447733217,-0.028834076281206038,-0.009938748630589548,-0.03650540005341829,2.205929173650843,0.04756918027875366
0.44872117042541504,0.6353785797519478,1.1036783214003278,-2.3360448449556985,-0.044763091497631254,0.0011138387095619119,-0.03973105997865283,2.660623478506634,0.05986261040184879
0.4507441520690918,0.7322036207423809,0.9775954109371495,-2.182812024870731,-0.024838296718640334,0.007739280292234104,-0.0294972100560621,2.501296317039204,0.03933094003982658
0.4527161121368408,0.35800047037693356,1.2446749097198038,-2.324114687316249,-0.03705382285207142,0.008508535469681047,-0.0292577397940302,2.6606181701768508,0.04797287047537065
0.4547281265258789,0.3425992667790376,1.4661256060521264,-2.297314588898473,-0.045198670066084044,0.0047469029319284735,-0.036707892298094014,2.7467349472937883,0.05842022098688384
0.4567251205444336,-0.26720433068697513,1.1795135344863943,-2.4529032186111213,-0.040351695760295354,-0.016760976913787966,-0.03127314257224153,2.7348463452719347,0.05373266366168456
0.4587230682373047,0.35154363300650154,0.8886893525403854,-2.254535616836297,-0.034492852667838185,0.0032283614171800343,-0.03785618546571824,2.4487308016214198,0.051315397110613746
0.4607369899749756,0.1550669115231781,1.287209114065661,-2.1153123384427217,-0.032588211919333594,-0.00902494741825725,-0.0308322533649194,2.4810278796400205,0.04576099954721584
0.4628021717071533,-0.3277978538575449,0.9477008355522293,-2.156339703493842,-0.025969715688271985,-0.01102812925466034,-0.04489938443339819,2.378106226299388,0.05302829895711586
0.4647650718688965,-0.049705986142171324,1.1287006394432713,-2.2817500327978744,-0.037469611393372855,0.0006067343883416985,-0.037704352348884015,2.546138061989396,0.05315974125818493
0.46677422523498535,0.09022351822589887,1.3043707821454922,-2.2872913063072096,-0.04227663055398551,-0.004577876177678221,-0.030365013655930913,2.634620454726723,0.052252315696256046
0.46872711181640625,0.16423820785720522,1.4310439172874667,-2.2145836599177993,-0.04498618509183657,-0.011754395185033918,-0.03266781371699674,2.641825442549246,0.05682524710312598
0.47072601318359375,0.8631370160056963,0.9833336957049752,-2.5174823709657224,-0.032052014847771634,0.016653789768393677,-0.030360143319110054,2.83719371098119,0.047184941155081775
0.4727201461791992,0.2663227907437169,1.1233881987743193,-2.1120263555840393,-0.02773870029269282,-0.0012851422589028974,-0.03872504993300148,2.4069865393675407,0.04765203643987225
0.4747321605682373,0.09841512756415277,1.286598390510024,-2.405655576012859,-0.04103138879654638,-0.009507484223777935,-0.02652722649224582,2.729871738048917,0.04977610740314721
0.4767341613769531,0.4323696839187274,1.2419757035663261,-2.238979077062805,-0.042728312180630425,-0.0004125980940965932,-0.03819282769678383,2.5966275241832553,0.057311176802338305
0.47872400283813477,0.600251584309779,1.2393040211687694,-2.495090408447588,-0.04452252600154358,0.005816907801806609,-0.03243038284459665,2.8498513237849155,0.05538791808129235
0.4807422161102295,0.42625246041627324,1.2769904872266016,-2.461687091284478,-0.039859382645952894,0.003054054582924148,-0.02593266837521789,2.805761786017265,0.04765082290339798
0.48271608352661133,0.10652803980344883,1.3240405497455177,-2.0194744272690177,-0.04130259071219668,0.002886337671713297,-0.02959019999871788,2.417169535433604,0.05089022382205162
0.48475217819213867,0.4838939471636707,1.1273132225986244,-2.377123242216721,-0.037822155094755935,0.007237346964741099,-0.04012134803424152,2.6750146471812575,0.055611304383052874
0.48677802085876465,0.22875682941890796,1.337603311714167,-2.220996852022881,-0.04301697728465418,-0.0019662605379790494,-0.02667664622152294,2.6027561013683256,0.050655404142499555
0.48874402046203613,0.27613217834464265,1.205121638895386,-1.913546571482976,-0.03587603908415134,-0.0008331234479208235,-0.0319162286347478,2.278207107724298,0.04802530505173835
0.4907190799713135,0.00528370682764253,1.0190584938932379,-2.2337898537416665,-0.03094629223811223,-0.011982035310792736,-0.03865511250471325,2.455264800833713,0.05094565630382798
0.492739200592041,0.4198459166517126,1.3821373286911551,-2.156029375338966,-0.046315665909159434,-0.0034142404983876504,-0.03449384205649797,2.595194955377181,0.05785000507008043
0.4947211742401123,0.329148286390445,1.0742714945949672,-2.142494045891216,-0.043607864076651154,0.0031382968549522054,-0.03555834282456395,2.419230988395358,0.056355039356802014
0.496737003326416,0.05256580623310759,1.2840206002433625,-2.3782145221923705,-0.040162717038133205,-0.003884505430378372,-0.027295179296925324,2.703215932810575,0.048715090425607295
0.4987180233001709,0.008435174410878724,1.1425618433771436,-2.2893283319062876,-0.04180202075734016,-0.005381834831381648,-0.033621221394340574,2.55862129463849,0.05391437297786773
0.5007309913635254,-0.306418635038146,1.215646098572939,-2.2895279790911904,-0.03927401514964428,-0.016332178502036283,-0.03525277888426732,2.610292356023677,0.055244427227186525
0.502730131149292,0.5961293141076459,1.1968358412850342,-2.3007996216052913,-0.035620395848801584,-0.0004670120967800265,-0.031751625835774164,2.661102231952384,0.04771997950480345
0.5047211647033691,0.03609490400779981,1.209403535406738,-2.032069822805222,-0.040259754107004955,-0.0016521653617907295,-0.041731648975391375,2.365008989053804,0.058009550742481084
0.5067310333251953,-0.021110744438658378,1.1908396162377417,-2.1662605234309824,-0.04151887651055851,-0.005111192997857831,-0.03891000408837996,2.472090069254654,0.057130813215970445
0.5087110996246338,-0.03933787205168163,1.3431779327427567,-2.1967115857758914,-0.04475076817558945,-0.018930314998595828,-0.03674596191608599,2.5751147971045274,0.06092006069752273
0.5106661319732666,-0.07489406487336514,1.121278566532279,-2.4520105541735524,-0.03301184341178738,-0.01597494112252841,-0.024472225856120324,2.6972635211444267,0.04408934551187604
0.5126481056213379,0.4177433463903787,1.0408354421743145,-2.4448704677088027,-0.033739681543046705,0.006024520162361806,-0.03405027037789712,2.689840055656524,0.04831233658829604
0.5146880149841309,0.006931530512819729,1.3909590329112904,-2.300531519932947,-0.045300593334668966,-0.009358591206130341,-0.04033796011525604,2.6883564405706615,0.061374897247136
0.5166800022125244,0.06508637976943865,1.3703019515007542,-2.264187699445564,-0.04213520483579706,-0.004398679306029718,-0.03840719268618365,2.647358988395579,0.05718248259935475
0.5186409950256348,0.5478941433094026,1.1407712526599467,-2.305806137211411,-0.03817992444795348,-0.002899355668262368,-0.03062744010829194,2.6302640524422443,0.04903216272743362
0.5206360816955566,-0.014170520730248218,1.2472996225397053,-2.2446141160395374,-0.03856657423501871,-0.005814999127475281,-0.03456610529789766,2.5679271177292806,0.05211535760736077
0.522637128829956,-0.002875941523526885,1.254751605561741,-2.0772814409749603,-0.03771824995233532,-0.008236766640547361,-0.03702153389434792,2.4268308650827772,0.053489294966825175
0.5246381759643555,-0.22873417697578347,1.4830169430901403,-2.3321417910029485,-0.04617161974923239,-0.020050120130489835,-0.03942196276246835,2.773182992619069,0.0639368198736864
0.5266401767730713,0.46573171914412725,1.089951355931845,-2.2989748459318373,-0.04056985160140165,0.0098058429659052,-0.037768963873841585,2.5865392583028632,0.05628998176705421
0.5286350250244141,-0.29841040104069494,1.4715161919417166,-2.1775274147315464,-0.04322516655001411,-0.01742863532594864,-0.04633470634807682,2.6450017603970273,0.06571968780330499
0.5306332111358643,-0.40962095470265775,1.2252594161112942,-1.980305909004843,-0.034663976986611486,-0.025495822406399176,-0.03073715625311184,2.3644579625234203,0.052881008266060785
0.5326330661773682,-0.020353501549300552,1.2481658692598676,-2.382095103587643,-0.040986794771922,-0.013414463162528333,-0.032365688394079856,2.689369700273055,0.05392033895328513
0.5346322059631348,0.33938267063633576,1.1910195002364905,-2.0755155969997072,-0.04377503141128366,0.01425358144985861,-0.029503726016655907,2.4169139497427046,0.054679866569629844
0.5366511344909668,0.9812335379938406,1.0118091955929962,-2.108483064298094,-0.03962572797781572,0.012969748569899416,-0.040329836482123856,2.5361935921380954,0.05800783056116737
0.5386362075805664,-0.015367473556563519,1.1356179324838367,-1.967416672365846,-0.035004834358467095,-0.004736923341645345,-0.02808169635971947,2.2716937756936946,0.04512602953559979
0.5406410694122314,-0.08514763759053931,1.0840651303707913,-2.191834724147155,-0.03587214445694315,-0.009175316573486813,-0.031804372839162626,2.446750249831463,0.0488110163165649
0.5426440238952637,0.18841047274016393,1.2500059226141467,-2.318239933410935,-0.04144802080174329,-0.004996576095438228,-0.03936588006869627,2.640501789749394,0.057380978683203264
0.5446350574493408,0.19573928189126596,1.2718444439412633,-2.1822211462015018,-0.04570362422826142,-0.0036693705559352223,-0.036247201496464675,2.5333754729586704,0.05844779862578402
0.5466341972351074,0.19470014103751193,1.415786653671205,-2.229390943821301,-0.046035471523676576,-0.0004350215954031019,-0.033283631085023226,2.648120838259834,0.05680892518257697
0.5486421585083008,-0.020176018372315446,1.1923669347579628,-2.1557683681748365,-0.04382669673479618,-0.007249042024629376,-0.03403512252286425,2.4636321227092037,0.05596175052752566
0.5506360530853271,0.371718357503207,1.119520127254307,-2.0383891905014178,-0.050060290175718725,-0.0047579693097013175,-0.03792087666606945,2.355107289400083,0.06298145609266644
0.5526440143585205,-0.03791149844322,1.2850513201881764,-2.2647112463563412,-0.04153369287659949,-0.021640378689212952,-0.028914926317971466,2.604171884996165,0.0550402270866859
0.5546309947967529,-0.23444202834810743,1.4022234071165325,-2.486134485079041,-0.04125182857061183,-0.016542915965827788,-0.039765070710242184,2.8639235719587033,0.05963759114570396
0.5566411018371582,0.008342049762023962,1.1139265268935723,-2.2240033372188814,-0.03450233128795232,0.0030567093736150563,-0.036187507546769256,2.4873867292948497,0.050092814244618374
0.5586340427398682,-0.29923296028639484,1.4824388183257993,-2.2318186065413217,-0.04737985850389738,-0.021677514186469054,-0.03459805605238709,2.6959561396849536,0.0625443130568881
0.5606491565704346,0.328183298499232,0.9663018198739252,-2.220560630672752,-0.031003898586607508,-0.0011534071689104147,-0.03487861350510211,2.443835714404564,0.04668072145655236
0.5626821517944336,0.06421556423485794,1.4424316956902732,-2.2790768331495026,-0.04728337130002587,-0.004381055907603266,-0.047364999776130484,2.697948117888979,0.06706977006188776
0.5646741390228271,-0.13322844472064047,1.375887498613269,-2.0675051870140675,-0.04450768381340181,-0.00431535551615756,-0.04068436564192282,2.487045219864937,0.06045472536824769
0.5666661262512207,0.5502087272090697,1.3039717907956887,-2.354780664621392,-0.04084715743862225,0.002564452044494415,-0.029816993574359903,2.747374028624917,0.050637138455066004
0.5686440467834473,-0.14083560175293366,1.2016938370795758,-2.0878591475405313,-0.03755869688441544,-0.003276133502318526,-0.02919786552317835,2.4131014410432106,0.0476854706749343
0.5706300735473633,0.10060292371481633,0.8742969964579306,-2.1941682244728384,-0.03097387189127149,0.0005350170558655676,-0.023353390721955365,2.3640834129872865,0.0387949460806337
0.5726521015167236,0.5950619607783662,1.1252412759284145,-2.0229827845396207,-0.03180167578908568,0.00996230608370055,-0.040157926557080316,2.3901309614249335,0.05218479846529363
0.5746400356292725,0.2182479015251041,1.1421141323991508,-2.2088789578865478,-0.03251764632775419,0.003605863664502615,-0.03157666416491114,2.496237786858443,0.04546960847915307
0.5766351222991943,0.1346645542019567,1.1931964085587397,-1.7164453025781758,-0.03614003926914953,0.0027486664591178833,-0.027371825279232966,2.094764112805681,0.04541887740572202
0.5786449909210205,0.2410257875061192,1.3191984140591018,-2.049726619795858,-0.033785472502556035,-0.0017636776091399405,-0.03357330214211095,2.4494401608936576,0.04766272471917046
0.580665111541748,0.12303097384525277,0.9663913613015014,-1.9380260805815246,-0.03267557805838416,0.0076191454593689395,-0.0337813503186278,2.169099807002358,0.04761222960889811
0.5826911926269531,0.39342812979755076,1.2552064690511116,-1.9720854928545446,-0.04154093858519944,8.657326310787511e-05,-0.035491255019007906,2.3705379483128106,0.054637773163750465
0.5847101211547852,-0.08012895491454158,0.8739673782506628,-2.124642992530248,-0.030241462920461502,-0.011104405271658584,-0.03594046437553031,2.2987708614322395,0.048265628303541745
0.5867111682891846,-0.23366286250173313,1.3656627816734201,-2.0876445849496763,-0.04182089158974969,-0.016220696390799545,-0.03680586636926746,2.5055724055852373,0.058023872362644564
0.5887081623077393,-0.06028400140537033,1.2862727622743448,-1.7313868383404667,-0.03603358887174209,-0.008894780020369126,-0.0447143957314828,2.15773774212088,0.05811121943497779
0.590670108795166,0.23450746859269,0.855822937237925,-1.9047227774204,-0.03199914223386073,-0.004235998381404107,-0.03845272185340396,2.1012842529159124,0.0502045874788884
0.5926861763000488,-0.050107341555017657,0.7926666312312364,-2.073704111971494,-0.023259490032660094,-0.002921778270530236,-0.03378950283889296,2.2206034940872876,0.04112506737916805
0.594689130783081,-0.07145503732215676,0.474134037096885,-2.096164611802991,-0.01119356194562482,-0.014412077371038324,-0.04185413569894729,2.150305789246656,0.0456593087801954
0.5966780185699463,-0.13746301132807157,1.0301989929224693,-1.9840943387756995,-0.03850327989440237,-0.008321876881384513,-0.0348795099812878,2.239829544778716,0.05261498278998452
0.5986781120300293,-0.007866550587806914,1.0064289713289347,-1.777155978627483,-0.0370163270294048,-0.0033600059202002638,-0.02826797665830424,2.0423624872484747,0.0466966445356201
0.6006410121917725,0.06740260328458124,1.1558186091889915,-1.698433806236642,-0.03203460811691123,-0.009726914478549592,-0.03127885933136607,2.0555138438951466,0.04581698400755422
0.6026551723480225,-0.2432394141938044,1.4311664157512465,-1.996339179522349,-0.04809663859339356,-0.013614162435530933,-0.03802280781820465,2.4683542780337633,0.06280418757682214
0.6046421527862549,0.12458221882346454,0.5347096920694925,-1.8911983227440907,-0.01306779150097509,-0.003534621468239508,-0.024501815153095862,1.969280650387367,0.027992850327059844
0.6066610813140869,0.4957868650603442,0.858090825546101,-1.8421616122378597,-0.03034055658873683,0.0048271786969197325,-0.040233287297729355,2.091813539982841,0.05062181777719927
0.6086461544036865,-0.24825466175893873,1.0616827063782353,-1.988491895037219,-0.03626532941190318,-0.028660808869151722,-0.035491877984126834,2.26779641121869,0.058277692861231585
0.6106421947479248,-0.02251048807664447,1.2318512962853307,-2.1037998123492545,-0.045362713708675347,-0.004780115636362668,-0.026255285420706573,2.4380192756978065,0.052630459935621016
0.6126570701599121,-0.1424593684147813,0.9074555201335919,-2.1844150370989674,-0.02890372699960258,-0.010726801604923557,-0.030806573072892692,2.369691804217196,0.043583651196686383
0.6146740913391113,0.08219369014651443,0.9991577181179038,-1.91969625983354,-0.03151040574565937,-0.00598037479874334,-0.021992951897351384,2.165711356204552,0.03888907926589082
0.616692066192627,-0.15750593199632035,1.2365232847529135,-2.0393866651438715,-0.04514759386101616,-0.014957302925089021,-0.03637818054204612,2.390166505144946,0.059878194376432596
0.6186871528625488,0.2498199426233346,1.0801405834294147,-2.102759743993938,-0.03533097700177928,0.004071220982322702,-0.03515102931810606,2.3771226776641154,0.050004476182733015
0.6206610202789307,0.24987615861075824,1.2895342659165299,-2.149570611725223,-0.03981318972234742,0.0011917675329935504,-0.03394955573806257,2.5191249537106537,0.052336246718045654
0.622642993927002,-0.1784317309594719,1.0661219845414438,-1.810854764919355,-0.03737383674562327,-0.010032738331109285,-0.038787278262391096,2.1089449846230965,0.05478971131985609
0.6246650218963623,-0.22982924019882262,1.1427706583568866,-2.176549674537255,-0.037875760434282056,-0.01604366637037741,-0.04767589333846594,2.469031134469558,0.0629679542680234
0.6266541481018066,-0.07833186246345888,0.9595896687431612,-1.9647710703899093,-0.032692331509683197,0.0024193502909692927,-0.03137992027217999,2.1879839058084305,0.04537996465024858
0.6286411285400391,0.31338703190510225,1.097868358816521,-1.8194360795674127,-0.029336769083088514,-0.001225888543710321,-0.03126267171776489,2.1479930197019748,0.0428894330329604
0.6306459903717041,0.30518043727173794,1.1299363490838463,-2.2121841224048615,-0.033737963543289166,0.007020707822548584,-0.03662838212615796,2.5027284798184697,0.050290942520077625
0.6326370239257812,0.2769390063941773,0.7556137270101962,-2.1087681681926913,-0.023130382594305825,0.0010555434766561227,-0.0359340334338093,2.2571110971530826,0.042747906730180384
0.6346490383148193,0.019943934252246845,0.9942141189116294,-1.9992507887439839,-0.02863344073431676,-0.012764794677034022,-0.03826338071527221,2.2329046533719543,0.049466152217393373
0.6366381645202637,0.23152094755093475,0.8186371426934473,-2.113378111084686,-0.032656283151497906,-0.005670352720562596,-0.03216832362468104,2.2781869460086126,0.046188600044476454
0.6386511325836182,-0.04379339371906904,1.2367043300752305,-2.0684769823737654,-0.039777671584502176,-6.384186436248884e-06,-0.03830485519547981,2.4103843029629815,0.05522250563845347
0.6406621932983398,-0.14385661181266307,1.0746442199496302,-1.9129429460452958,-0.02718624352613563,-0.012465882196832876,-0.0383739649275222,2.198841885870338,0.04865235081952742
0.6426482200622559,-0.1852695215383241,1.3589365180727437,-2.182135107580359,-0.04696025259137454,-0.012056204565779473,-0.036563472152226675,2.577352689000374,0.06072482925298577
0.6446480751037598,0.3945207481560285,1.1182785727736264,-1.9726075221578578,-0.038385126267018996,0.009705442788518513,-0.02730600710628899,2.301602490336673,0.048096065975762534
0.6466522216796875,0.28235993589812725,1.1959650055062245,-1.734141332064053,-0.04113466168742017,-0.0035390446228565314,-0.029654413568080965,2.1253953955367426,0.050832759840951654
0.6486341953277588,0.24801683792389037,1.2482307289695675,-2.1479050473930847,-0.05039734705551122,-0.006281115813464147,-0.03512755919214006,2.4966153883316418,0.06175184548572697
0.650644063949585,-0.017309594823415445,1.3599407245248212,-2.013938754997745,-0.041937576198190114,-0.00900666042186575,-0.03391174190389226,2.4301620738493788,0.05467985431847827
0.6526381969451904,-0.177271642997466,1.3864662295349814,-1.954985372392876,-0.04132745247325036,-0.015306101384119157,-0.0413217161745717,2.4032647892652363,0.060412906693202255
0.6546421051025391,0.2631437172403777,0.9010112854700909,-1.9296056754669368,-0.033859274174928,0.005924958531933425,-0.024803819668752405,2.145796825252047,0.042388501405665024
0.6566381454467773,-0.4049675359345456,1.222228004369177,-2.2942265028198974,-0.04904646452966294,-0.01546776210752716,-0.03661003947834662,2.6308392664825373,0.06312766697796329
0.6586430072784424,0.31962892172116947,0.5137836528436763,-2.2176466842284146,-0.0145086349941948,0.00455459203902179,-0.03314690098149355,2.298715533857835,0.03646864190936692
0.6606361865997314,0.4925721742063044,1.2161277645231445,-2.292959437637263,-0.03933201510317151,0.0032749933636616923,-0.03111090084827873,2.641828357235984,0.05025555835128658
0.6627280712127686,0.24956918159202424,1.2745410169496965,-2.252807781364994,-0.04351199724769116,-0.006109373765828012,-0.038685572995892,2.6003619901979693,0.05854222331201779
0.6646890640258789,-0.01797767520514783,1.3319471855129272,-2.072957513427368,-0.033835519463444035,-0.0023590356721864426,-0.03733347731141544,2.4640534398175227,0.0504400233428348
0.6666920185089111,0.243462113306818,1.474527142203371,-1.7841175843964165,-0.05134471464486906,-0.011721762620985992,-0.035047757739242166,2.3273546460870045,0.06326155833880781
0.6686651706695557,-0.35880253314279936,1.2081401384379666,-2.411899089157892,-0.034783661888129605,-0.019743649474275406,-0.03898127043236651,2.721323036351118,0.05585028445256181
0.6706411838531494,0.15255777744218188,1.0450754871620724,-2.025150397019217,-0.03354800621366622,-0.0029795116173914485,-0.03226623167718246,2.2840076137947163,0.04664178295301297
0.6726560592651367,0.23255716725472042,1.3168167354634561,-1.9277150365180598,-0.04699779672415655,0.0044608201176988705,-0.04767505648617692,2.346097698915371,0.06709398500616703
0.6746311187744141,0.2916989808515546,1.497843792554109,-2.1716650795095225,-0.04841859563434293,0.005693689513520613,-0.03979193587688436,2.6541954599998494,0.06292993456462881
0.676645040512085,0.20185829722319037,1.6181039886756121,-2.15698529701832,-0.04635477076801884,-0.004926860004214327,-0.03818995770960959,2.703995721497906,0.060262024462496025
0.6786479949951172,0.4506629881213547,1.6710519313506351,-1.9863823083711951,-0.04880339643731555,0.0026413091878228984,-0.04087734787711889,2.634620724344063,0.06371581897386597
0.680649995803833,0.4922647463615412,1.571973196518663,-2.120963815389574,-0.050848085149315936,0.00957336913758832,-0.033151886154634415,2.68550029180326,0.06145099442325123
0.6826510429382324,-0.02551258615216673,0.932307889859312,-2.0124721979735636,-0.029806086519614805,-0.00988616774316894,-0.027744683395727266,2.218083235850864,0.041903538788388525
0.6846630573272705,-0.03836776885682842,1.1862925562417617,-2.1965494034000117,-0.03867500756513603,-0.0007181000661045383,-0.02866074950854068,2.496716122481411,0.04814260525002343
0.6866881847381592,0.31663728305404104,1.3741310376782838,-2.233562169964747,-0.04423556153920414,0.0013337200165643931,-0.04195577237598858,2.641457030660971,0.06098237900768604
0.6886730194091797,0.3330982140906815,1.239431082958794,-2.4472893817557066,-0.03967478014913582,-0.0035068138876768826,-0.03217526206232196,2.7633981160319694,0.05120188875719489
0.6906421184539795,0.12987219152084967,0.7912136885319654,-2.3421578955640467,-0.025013879743260792,-0.00012471632934846878,-0.04034861383678595,2.4755988153987696,0.04747336487466623
0.6926591396331787,0.07718672553458879,1.1349042136214191,-2.3370382574029933,-0.041164973458894874,-0.0036137017012281415,-0.0426752733071078,2.599175481043868,0.059403643252693906
0.6946640014648438,-0.05333828702982352,1.1640424805409864,-2.352911109195669,-0.03398467057082779,-0.013852627943174396,-0.028515867206143516,2.6256485974219177,0.04647588425471984
0.6966440677642822,-0.3079841414214141,1.0458800839684945,-2.2090150358528726,-0.03747752639329341,-0.016907362255291304,-0.03885844883711394,2.4634258279950503,0.05657210380583574
0.69864821434021,0.15387053610772358,0.9791680851735314,-2.00216512952885,-0.026247037223873976,-0.008940018144220194,-0.029768995086268568,2.2340795614314533,0.04068198564348469
0.700659990310669,0.005231459284162118,1.3881885752122225,-2.0989285847654826,-0.04233723214835363,-0.01246383966691586,-0.03799913445603732,2.5164649992522476,0.058238498818515026
0.7026560306549072,0.5177293115720669,1.135407504294767,-2.101476183559293,-0.0410808526098871,0.004848035313304784,-0.03246608169695943,2.444053189056386,0.052585039301192515
0.704658031463623,0.5910819243843092,1.1975815370109257,-2.159632648438168,-0.041004698966693495,0.0025221845766222883,-0.03504964328550999,2.539211010397396,0.05400207631961202
0.7066600322723389,0.18150119119047514,1.040979296705786,-2.0344888386939752,-0.03998790522861001,-0.002037539833477069,-0.037260038172792324,2.2925368946527325,0.05469455711296365
0.7086470127105713,0.022462063112603382,1.262886860523549,-1.9410448129185607,-0.03912602991236419,-0.012482117076451936,-0.0415769206787099,2.3158244174635416,0.058440480803439714
0.710637092590332,0.13585704002346266,1.1931219852711017,-2.0510554583293676,-0.03455873401508049,-0.003541661941004929,-0.03341626919003532,2.376725836145996,0.04820266084574946
0.7126719951629639,0.39779405597785644,1.5813152885339548,-2.176992297334507,-0.0512907438227922,0.004823427211912686,-0.03458741562040926,2.7199436787140123,0.06205074674218552
0.7147071361541748,0.7233509198794635,1.371935970952053,-2.2779096253182676,-0.046012480865139926,0.0094685900466073,-0.039709279595638435,2.755778859560438,0.061511214252688635
0.7166681289672852,-0.2202070615299182,0.9637502279925368,-2.5279279895459656,-0.03329167474152505,-0.013905237460878,-0.03831834227126617,2.7143554616581107,0.05263066207408763
0.7186720371246338,0.2495761682930516,1.306533234118431,-2.1731518305830226,-0.043148376387366495,-0.0018360737021545469,-0.035382966339272244,2.5479219443307426,0.05583106535318543
0.7206552028656006,0.18413906965941934,1.003971643099347,-1.7978379896303893,-0.039621458319897246,-0.0044242151306149126,-0.03316295637876074,2.067386682282944,0.051857644708344634
0.7226431369781494,0.505460887134573,1.1896544226876073,-2.2911442013291037,-0.03770701249338038,0.006055940306205543,-0.04216774161585366,2.6306102153544204,0.05689122636355861
0.7246479988098145,0.22704830083469615,1.2380677480669506,-2.0084150352180212,-0.046998646506447736,0.010807688522487176,-0.030804685325538546,2.37025180801646,0.05722418669271398
0.7266461849212646,0.001629876398215175,1.1681216572269153,-2.1771328677732886,-0.04265717877493611,-0.007970667014361055,-0.033494392229636086,2.470712121336351,0.054818251928745315
0.7286322116851807,0.23018128303192076,1.1163596490039327,-2.5086838715310282,-0.04532620698740066,-0.0021119805785844155,-0.030756599076818526,2.7554921622574637,0.0548169124322153
0.7306420803070068,-0.07438727399043232,0.9724116328473041,-1.8511581476155727,-0.03280671284998227,-0.009872129622827987,-0.03189044833556779,2.0923442206558667,0.04680534207069347
0.7326350212097168,0.5491677278346571,1.3623885115427083,-2.3804863270272945,-0.045166736507799,0.004900773234340649,-0.027876095337161302,2.7972133995894084,0.05330223594096104
0.734652042388916,0.09930382521048334,1.3999143614535907,-1.9787737830859795,-0.0408317056457136,-0.0003505090740377008,-0.0345438064375553,2.4259363457712255,0.05348481659073414
0.7366600036621094,0.37416844798515364,1.1635681483246934,-2.286839637945076,-0.03853078022385923,0.00415956082310401,-0.036709210002621194,2.592976743617293,0.053380605747003165
0.7386682033538818,0.3339741917586673,1.0773164527974193,-2.050295951222482,-0.034158519819810766,0.0011620271950825677,-0.026781661617606464,2.3400561933056587,0.043421333264680985
0.7406551837921143,0.3475854325774552,0.8999641379232631,-2.1061220514775534,-0.0334329954061851,0.005519884148936109,-0.03434518966700717,2.3165709957193275,0.0482475528510034
0.742664098739624,0.1477873380260425,1.087004518447219,-2.0323098784144484,-0.037704395356276545,-0.0018113730568301693,-0.030608074343532056,2.3094811889916844,0.048597908561507086
0.7446320056915283,0.14350721870998664,0.7279661648140874,-2.439816671628,-0.02804557556047861,-0.002663947492118754,-0.03604588443946213,2.550144005755349,0.045748843808148185
0.7466402053833008,0.06842126885814959,1.3687555264357592,-1.9230751560161181,-0.03949106969076626,-0.008706292363881152,-0.03626148521092746,2.361438378799457,0.05431610646713039
0.7486531734466553,0.2871006513088291,1.2948073577383703,-2.1469468619950924,-0.03764263379919929,0.0068329464739883055,-0.035327852108541814,2.523555766347546,0.052074121898117616
0.7506392002105713,0.2716134498971844,0.9982383250639029,-2.1626081080755886,-0.03427724772217021,-0.004926704548931278,-0.03644377616750277,2.39731671852213,0.05027276549451528
0.7526440620422363,0.214394539027314,0.9043437771278215,-2.252426738719142,-0.03402023746002716,-0.00482353498924287,-0.029705663692654656,2.4366429567935266,0.045421024889913994
0.7546381950378418,-0.07648014781735313,1.1822859112939454,-2.3254927761240243,-0.037423639417351794,-0.009531775342850202,-0.035838686579175195,2.6098976686566355,0.05268581387951491
0.7566361427307129,0.24361133093687334,1.2813141004196889,-2.467023593067834,-0.03664732337574133,-0.00423907951382676,-0.04263103659076166,2.7905765915395473,0.056377312693436904
0.7586390972137451,0.3171426785987707,1.2273320397938166,-2.2427659546788177,-0.03639987819848923,0.001968621247984557,-0.02838204423063125,2.5762225334702054,0.046199210352476545
0.7606520652770996,0.08632816354039508,1.0458664582940242,-2.020451172679291,-0.031868829685974896,-0.0029236778878281304,-0.03370531098602062,2.2767327778169015,0.04647814740939889
0.7626950740814209,0.3387208915800848,0.9614601043026356,-2.005091612448088,-0.03636557969333805,0.00958222067486614,-0.04161977128682557,2.2493398473481316,0.05609349072273915
0.7646980285644531,0.6645436203441106,1.1414572177741387,-2.0228882276890823,-0.03909105484968375,0.008700855351780029,-0.031189063389777498,2.4159096806527787,0.050759955951962185
0.7666740417480469,0.5278159813313587,1.0427591327819417,-1.9673040142892555,-0.03396194881098329,0.0051886033057868194,-0.03806242973557926,2.2882791358983177,0.051274595353650324
0.7686471939086914,0.37121617688376707,1.379055310625691,-2.257455680476767,-0.047832224772564616,0.003584985776171985,-0.03706116997667798,2.6712733197974976,0.06061603888203779
0.7706241607666016,-0.31944556955416625,1.2258793636973757,-2.344320253869244,-0.042273490760598345,-0.011962406808711433,-0.03638936882256703,2.6647069517957176,0.05704676468519764
0.7726380825042725,-0.22138101521365913,0.923334283174584,-2.254872231109394,-0.026748844422306742,-0.00945664864014377,-0.03034608158164347,2.44663126175785,0.04154291213662885
0.774644136428833,0.023794840612591073,1.3039209148505768,-2.3086093717095117,-0.04622012017626763,-0.002991955922443009,-0.0394029449120729,2.6515001749518197,0.060809895387957336
0.7766361236572266,0.011812317777585311,1.004158989785552,-2.2913738751671517,-0.031185610145513718,-0.008569482093692796,-0.037889645113009573,2.5017731798500336,0.049815695421141115
0.7786331176757812,0.11383760577771099,1.0144410796218486,-1.9273295830462265,-0.03270710815406893,0.002231360559438466,-0.03744085850295367,2.180974329559769,0.049764965379133726
0.7806360721588135,0.034589140499802835,1.317389345600917,-1.9744793116338155,-0.03998609197647818,-0.0055170527732035,-0.04079088987387895,2.3738743961324644,0.05738660226530758
0.7826261520385742,-0.1136545706469941,1.1976796337368472,-2.0986491552991597,-0.04130874804684959,-0.005913837150458437,-0.027206234259444892,2.419025039873473,0.049815312079922125
0.7846372127532959,-0.3427537134130881,1.0610044742879032,-1.8931111307802182,-0.03215769583738137,-0.017620748211318434,-0.03787475477187056,2.197061755163329,0.05271721937019771
0.786675214767456,0.6531879890862777,1.4882639589748212,-2.1461777620812823,-0.044264462291876625,0.012786308338565514,-0.033992047560198524,2.6921484259086097,0.057256367333709146
0.7886660099029541,0.3685765416073269,0.9214405701936872,-2.1884706128362255,-0.031792619780298056,0.0035339010906337426,-0.031000670902016237,2.402978363337849,0.04454549052135466
0.7906441688537598,0.31697274841323253,1.2785692192736107,-1.8674310602995654,-0.03897691868531461,-0.004580129325326483,-0.03242830177281877,2.2852811067092222,0.050909454236981795
0.7926340103149414,0.2407513143098889,1.0936017917205005,-2.3218430549355547,-0.0383066324779492,0.0005814420057215794,-0.037537264379457695,2.577766716743138,0.053635644712261954
0.7946491241455078,0.3399985484409171,0.7401995790010468,-2.0448770598648767,-0.02382788716463525,0.009677779424515911,-0.03313906722349721,2.2011398455475017,0.04194788907398845
0.7966351509094238,0.2341767287139086,1.0598356162611187,-2.001951823047938,-0.03545013656851154,-0.004812621913490982,-0.03828847147967519,2.2772574240897088,0.05240115037533273
0.7986471652984619,0.18530230547707055,1.1410316447000637,-2.145101990860988,-0.03358621598551539,-0.010731707364446988,-0.03865654257150433,2.4367504406109837,0.052321427071175555
0.8006381988525391,0.31145360588744625,0.8593820980012563,-2.1849513752908862,-0.02802742507816574,1.722171445840413e-05,-0.028415382560041856,2.36844958809996,0.0399120385238987
0.8026511669158936,0.6526080845466293,1.3060588811838985,-2.2173843896798147,-0.04395623198954236,0.012336003574329533,-0.033473725760705425,2.654897482904129,0.05661110872617894
0.8046331405639648,0.43215890730049056,1.1330577531588564,-2.3065450309884294,-0.03860173988206722,0.0020772522542983436,-0.03666821738844015,2.6059031396293233,0.05328196191298394
0.8066370487213135,0.2722934214740729,1.1295142342361613,-1.8943831435147396,-0.04199312920051935,-0.004420955442711365,-0.03327052784951473,2.222303671227887,0.053757750794311374
0.8086380958557129,-0.10554904519175551,1.0347678514085805,-2.0069710586544853,-0.03803083148415544,-0.010084633116925831,-0.037657364536722006,2.26049064088448,0.054462106756264894
0.8106369972229004,0.03924250898373701,0.9087926280321033,-2.0998954696837155,-0.028864737032542713,-0.004170275267320467,-0.03285719355925972,2.2884503487895533,0.043933579507635455
0.812730073928833,0.7161592106748139,0.6118455769003205,-2.1385751505742587,-0.02315102732378517,0.019971446393302564,-0.02982099848238872,2.3368232067618147,0.042709725914290717
0.8147251605987549,0.008770600029050349,1.3069087618097768,-2.3044635595814063,-0.03884440585679247,-0.008177348124914484,-0.04360782261061206,2.649271547531253,0.05896947584608382
0.8166651725769043,-0.4504165976997782,1.2391406494929917,-2.0488245688660625,-0.03679580253871937,-0.01601858271117194,-0.04656119221024508,2.436396267994713,0.06146926627659119
0.8186800479888916,0.20647742701331817,0.9928156550299796,-2.0094058298801074,-0.029011146882547117,-0.0023859230113919792,-0.03318095148807449,2.250783783906133,0.04413971923008761
0.8206381797790527,-0.25325375449287474,1.0425263431246508,-2.377672776498813,-0.03090123338818578,-0.011747495024911899,-0.03161868615127281,2.60851039338109,0.045745285857715964
0.8226490020751953,0.3671313866892227,1.2322032556664946,-2.182878190172394,-0.04184305768092868,-0.0036732677510659187,-0.02924714103759921,2.5333905169747846,0.051183294451742405
0.8246371746063232,0.09740775630491735,1.693356983326285,-2.0663522492340816,-0.04892619540091408,-1.1384022359456e-05,-0.034289091455765926,2.6733420585258076,0.059745414207839166
0.8266451358795166,0.11769524570801454,1.4430493689914283,-2.4739959157691715,-0.04354013347479305,-0.008844890107983318,-0.03851086634445213,2.8665134647252875,0.05879678673724739
0.8286480903625488,-0.3174943627429734,1.0308207826480302,-2.1902570916255737,-0.03179392846855386,-0.00869837935150058,-0.03615856266184947,2.4414381588991314,0.0489280833936608
0.8306300640106201,0.6225684767469785,1.185710930937057,-1.990621054381778,-0.04361244316870132,0.010513919259320955,-0.039524996139334995,2.3991819651978665,0.05978974006591071
0.832639217376709,0.3967406633335068,1.1917782053749482,-2.176200965818864,-0.03439619728380147,0.0033426094847883517,-0.035832856893901456,2.5126856326210008,0.04978217611688756
0.8346471786499023,0.3940671107266823,0.8925058533684215,-1.9994653007438656,-0.027845461994307062,0.003536211311708783,-0.03135445112520087,2.224795962539515,0.04208296745097791
0.8366410732269287,0.30368109320311193,1.284464012326961,-2.160016785106606,-0.04456953405598125,0.0036503092386919777,-0.03484299394451136,2.5313519149407875,0.056690407923409826
0.8386471271514893,0.11999536596741467,1.3344591594945654,-2.075475357456484,-0.03698666138566707,-0.009283776055379018,-0.034963705262897216,2.470380152045777,0.051736469767613355
0.8406350612640381,0.24242013738712156,1.40020232952465,-2.4663310873023283,-0.04659969442271357,-0.00592029184064849,-0.03685973327233886,2.846422863667823,0.05970947422877458
0.8426461219787598,0.1275164815562998,1.0044901266320088,-2.193557467403316,-0.03426654820160461,-0.00038028294080965676,-0.035572021787820075,2.4159791452681327,0.04939341732297037
0.8446390628814697,0.545547514708456,0.8666372129174563,-2.2158000839652847,-0.03663349764568976,8.299790831241467e-05,-0.03421008564760438,2.4409940929298606,0.050123347837369846
0.8465421199798584,0.08785380136068673,0.9125635290897083,-2.228307434713259,-0.029944539940220963,-0.0007990893200112333,-0.03230422691944983,2.409532010295064,0.04405538664949102
0.8485491275787354,0.368729631674918,1.238135877688514,-2.1358212177776963,-0.03762268906295513,0.002104838871780169,-0.040024626318419944,2.49613186094085,0.05497151799735127
0.8505351543426514,0.3494405707680348,0.9005931379658572,-2.202581693791129,-0.030484533350029364,-0.0021753548039094516,-0.029446475109145217,2.40510765465367,0.042439767181800765
0.8525390625,-0.02648549195352932,1.3560432914855722,-2.1725614821032617,-0.042441636818985086,-0.0008581811490087426,-0.03845673127474289,2.5611673672733235,0.057279570451400315
0.8545351028442383,-0.09128185688823562,1.0233795759452058,-1.9791121825703992,-0.03156683948931338,-0.012349808177745794,-0.036829067037949914,2.2299155062596707,0.05005360422843694
0.8565480709075928,0.3745824670947108,0.7897262696139327,-2.2281757276638032,-0.020970920208338757,-0.0002722881218781565,-0.03622010298016872,2.3934800352046426,0.04185390656915856
0.8585371971130371,0.08193551405886207,1.2912976274585621,-2.170012092228782,-0.046163799287045754,-0.0005608525652493596,-0.04132150165857029,2.526482826294954,0.0619586750950488
0.8605420589447021,-0.24350900260763692,1.188132492375169,-1.9552089596414206,-0.04060994214894437,-0.011818392939644661,-0.044002836814991356,2.30082540181794,0.061033527350000095
0.8626081943511963,0.3028010166533182,1.2679405730819182,-2.117573705450625,-0.03850117752151154,-0.01096793431330425,-0.03204489894681142,2.486660441348894,0.051278765606781705
0.8645892143249512,-0.01216668651374276,1.0643285226758876,-2.1384956429454234,-0.02960656952666262,-0.0060408640385218575,-0.032227945290963726,2.388745873327408,0.044177838959668064
0.8665781021118164,-0.30422622156081924,1.158164515662773,-2.001500988493118,-0.030893496788256525,-0.013612021809848322,-0.03220872694416198,2.332360359413718,0.04665937604513576
0.8685581684112549,0.06365442179843234,0.7647714841682927,-2.0431417302489083,-0.021920178903309395,0.001223493964309682,-0.02987018455632289,2.182511268767236,0.037070461368353416
0.8705329895019531,0.17800470322979722,1.0013668661663937,-2.142772101502625,-0.035173117270962805,-6.59000321765953e-05,-0.02901831759955668,2.3718966153704524,0.045598413104842625
0.8725371360778809,-0.4046653482371394,0.6668347835017294,-2.261523840206386,-0.022612159468431592,-0.012798719425692688,-0.04690362184642284,2.392261012593217,0.0536196486101468
0.8745410442352295,0.6031177537161362,0.9997624676889207,-2.403321096838684,-0.029246995741609425,0.00843524409638333,-0.03386441291976226,2.6719334406300117,0.045533927628477765
0.8765389919281006,-0.34736451427213993,1.0902325269158766,-2.0512988530684098,-0.03382426070357632,-0.015090016132738518,-0.03476184943040006,2.348849942657187,0.05079542671197488
0.8785362243652344,0.6310595642705926,1.1519787229757994,-2.4402647123587125,-0.03664315695466032,0.018721522483343005,-0.03749279194895594,2.7713143124210027,0.05566799622607126
0.8805420398712158,0.13174840687192066,1.0742392011144235,-2.227087674019887,-0.037188295520006596,-0.0006444696299073872,-0.030603388288536575,2.476139538009834,0.048165880450025546
0.8825311660766602,0.23969568202537497,0.9837612715651213,-2.0462763954770335,-0.029859487655225628,-0.001747931034026184,-0.035439362813203326,2.283087240142066,0.04637448331289678
0.8845400810241699,0.1162658576908694,1.4468641008891994,-1.8864776767959648,-0.04382143148471307,-0.0024255264213330486,-0.03239108505468808,2.380279710697044,0.05454707532773892
0.8865580558776855,-0.08315804148348023,0.8289885085725701,-2.2097692890371796,-0.03439460710436425,-0.006259469666309823,-0.04055205265904247,2.361613329480638,0.053541002355473225
0.8885741233825684,-0.1262116727089081,1.092876026989089,-2.0689941000522647,-0.02967295036500568,-0.0041965525520734496,-0.02038915867506971,2.3432976726712544,0.036246556086938456
0.8905332088470459,0.16326480917595515,1.2569999828445855,-2.2292918870515117,-0.04121362345528956,-0.006294680107513851,-0.02842637125839687,2.5644583584960468,0.050460324403342235
0.8925390243530273,-0.27089959997654306,0.9544270068296143,-2.351147748395964,-0.03454511412523436,-0.0065085725499706305,-0.033991480260146346,2.5519038460374244,0.048899357427676045
0.8945441246032715,-0.17236183233663863,1.2187794625817778,-2.2355431934896974,-0.03921977286148381,-0.008734378264967585,-0.029108683138092242,2.552015938354556,0.049616482956934535
0.8965351581573486,0.49913962656281,0.8515162983091451,-2.1424322984035298,-0.030165739123703867,0.009243823051394094,-0.03397014942212808,2.358863397133035,0.046361526433526236
0.8985381126403809,0.001283929203914829,1.0499741881589346,-2.183276161730058,-0.038868767008332666,-0.004809179498059953,-0.039825073510918414,2.4226312642771184,0.055856474435312026
0.9005320072174072,0.4754024330777813,1.2502238261882173,-2.2211555034668553,-0.04189552224830951,0.005576905665814891,-0.048756102869314095,2.5927974968219325,0.06452514415533787
0.9025452136993408,0.2878163138275933,1.228298061161243,-2.189077928060681,-0.039532441545117106,-0.002044633411997552,-0.04422909256194226,2.5265819861386283,0.05935660948167789
0.9045400619506836,-0.3006042642150124,0.826672644842312,-2.077142595683885,-0.025431106221971145,-0.013761352575623016,-0.030769297792782677,2.255719829278277,0.042223994067884275
0.9065380096435547,0.3200901932904267,1.1962364275429067,-2.418591004594348,-0.039396313605545706,-0.0001606293213521719,-0.036893274072716954,2.7171716489625783,0.05397415121416911
0.9085299968719482,0.7163323345473303,1.2005633808998453,-2.096350306086837,-0.03879687238509577,0.01237287252988743,-0.032107413912686164,2.519755752231964,0.051857220419791135
0.9105432033538818,0.17917214040311638,1.1122834126620158,-2.308171852482629,-0.041420800546130364,0.0018114068024421442,-0.02556455693172735,2.5684497944427074,0.048708423127851064
0.9125289916992188,0.5392509362688649,1.0099608624517744,-2.018664705449623,-0.03004760337580999,0.013578803166823602,-0.0392830307423324,2.320736889218421,0.051287414327263164
0.9145770072937012,0.6048575497865849,0.9668679062930484,-2.224616213552384,-0.02888576750948522,0.008335913549518136,-0.03640665511618805,2.4999206990129665,0.047215670662039036
0.9165701866149902,0.28992659189495124,0.899507759201911,-2.106484049050705,-0.02722429935159486,0.004677494349032351,-0.03796893512722796,2.308776014787341,0.04695403564408626
0.9185771942138672,0.6063577064178075,0.8899544336605271,-2.315918938335832,-0.0316882435408176,0.012128911467064143,-0.03538257998222173,2.554049547496458,0.04902226268009634
0.920551061630249,0.04695746174940652,0.8272563535043038,-2.2776411615600916,-0.016323525181886987,-0.0072431004144239385,-0.03813591677559731,2.4236764096017414,0.042110190290384715
0.9225351810455322,-0.05234980367535455,1.2291750529782515,-2.4784139923116513,-0.03906035764867078,-0.00530338161320512,-0.0321909690923125,2.766974472252159,0.05089298465682254
0.9245312213897705,0.27238153290594463,1.034503500910023,-2.0537035972281905,-0.03372476370623698,0.00577453391340386,-0.035211327561798095,2.3156182021506257,0.0490972760713139
0.9265470504760742,0.27221793432269825,1.2059266974303262,-2.3372520649963087,-0.03815818188318676,0.0027249342706877943,-0.034839394067137715,2.6440705396550297,0.05174220221806608
0.928530216217041,-0.07323306131718046,1.3990809454655884,-2.1526756768163016,-0.04475430886924722,-0.01632609799435642,-0.04530262360115976,2.5684242528817727,0.06574053044533232
0.9305410385131836,0.1057852960988056,0.7633018121651843,-2.1377598042219135,-0.03346022666652802,-0.0020512316339471883,-0.0390421291362249,2.2724077904003677,0.051459519695399414
0.9325380325317383,0.5334791286545837,1.0194682298085405,-2.224059490316727,-0.03189919949506496,0.007846698045119914,-0.0354675286708801,2.5040679041844913,0.0483433055205883
0.9345622062683105,-0.2300475169253127,1.117126547867584,-2.2069625516072575,-0.04075464892910622,-0.01308423196789372,-0.04064419981056478,2.4842659455442497,0.05902617651318324
0.9365642070770264,-0.1803400468933191,0.6344549001730806,-2.0826243543883223,-0.022984267149354736,-0.005132617988685339,-0.036163360933546114,2.1845777061845375,0.04315563668653972
0.9385521411895752,-0.10294319790546774,1.1279080890407556,-2.2133675689588026,-0.03470224391199835,-0.010848586037096904,-0.04030459067453848,2.4863165435312484,0.05428072937032272
0.9405360221862793,0.121529576628585,1.1017950777084982,-2.1687841641920707,-0.034135530985897736,-0.0026907463215104055,-0.03900719228217641,2.4356408976096,0.05190410042756342
0.9425489902496338,0.13184294991550258,1.414438857171526,-2.3025844733016387,-0.04775857658732288,-0.002672337843943651,-0.03525627624276899,2.7055341618262556,0.05942245401955221
0.9445362091064453,0.05233687372259441,1.0510200319486782,-2.519263725368441,-0.035099283073295545,-0.011919611797331817,-0.033339547070031256,2.7302146387904616,0.04985541311124854
0.9465510845184326,0.1563596290285416,1.37112432311954,-2.1207688194609515,-0.05496169585037861,-0.003457903834399949,-0.03150443439734478,2.530235291161231,0.06344505099985408
0.9485311508178711,0.09304096194191742,0.7109400743987759,-2.175857284528033,-0.021023092187253387,0.00047221678978054995,-0.03818043704349287,2.290949002622913,0.043588291623352565
0.9505410194396973,-0.07750972923150204,0.9300969263493702,-2.203359822400599,-0.02728748490688661,-0.007555845047332435,-0.03188060749320066,2.3928816430194133,0.042638840991030526
0.952531099319458,0.20811666363735293,0.9933753337368723,-2.4105576523035337,-0.037930001760865945,0.004688237630992433,-0.03545388266322296,2.615510522716265,0.052131011898499814
0.95455002784729,-0.3035819882601517,0.9985133454619742,-2.290189496795373,-0.0393135459409081,-0.013393082678862925,-0.033458420166800264,2.5167754877806434,0.05333287389733368
0.9565401077270508,0.34185979983789916,1.1015968603567337,-2.0869316289231254,-0.034235968996584216,0.0014215251934595777,-0.03674851770066992,2.3844637529836246,0.050245157579682904
0.9585452079772949,0.16892450574407403,0.9002290553121534,-2.1370472900889728,-0.03135544005182936,-0.001296771258474765,-0.03539202568397952,2.3250632165052445,0.04730159319257795
0.9605441093444824,-0.1537970085742599,1.3161210579361897,-1.7831792933310542,-0.04626877816244611,-0.007571319841992849,-0.04571442055265947,2.221611251131508,0.06548231030790544
0.9625542163848877,0.34597850569764566,0.9114572169532318,-2.0327591698386174,-0.033202111066571914,0.004996744723844357,-0.042354728530829,2.25445452988165,0.0540487804305746
0.9645950794219971,0.36654295013658317,1.1746077797892833,-2.324569251840974,-0.03704536555615281,0.007630053953528355,-0.03826052232430631,2.6301481664044792,0.05380004090194995
0.966569185256958,0.7310415001107278,1.1272108315296452,-2.1527355541085518,-0.0410192088568558,0.010826501937315552,-0.036526967669297555,2.5375768558853444,0.05598221151897238
0.9685640335083008,0.5154403500252114,1.0411648577952843,-2.206553618687165,-0.035585664459114194,0.006790201479421079,-0.03147617192096418,2.493708460843691,0.04799162166384763
0.970534086227417,0.13207907301688054,1.2581794434306761,-2.199438973801479,-0.04413353541651633,-0.006838718402451943,-0.03314253520710728,2.537319883829673,0.05561442850289196
0.9725420475006104,-0.2144301002070007,0.845986754399982,-1.9122390185939742,-0.03088116865203072,-0.009589736367835352,-0.040462475591938635,2.101982854527659,0.05179596076865434
0.9745430946350098,0.491652118706404,1.4082973493200683,-2.1302629792891716,-0.05021979572750682,0.001954087555876471,-0.0385849409055486,2.600585240068167,0.06336121846818621
0.9765419960021973,0.2534480992049288,1.554671343100527,-2.200674378938885,-0.04932543707366684,-0.000867445063595978,-0.03665690296770415,2.7063271506169824,0.061461205151138246
0.9785370826721191,-0.0273378236576396,1.2323200838375776,-2.612381731310585,-0.04041501682014041,-0.002519652894856692,-0.04185167105427169,2.888580699187246,0.05823473710181711
0.9805431365966797,0.2578521082933811,1.2295744096442107,-2.301239757742073,-0.03828201681957659,0.00046780208693255297,-0.037050547731701376,2.621840071632144,0.05327733793824505
0.9825401306152344,0.014495872627072116,1.1262922032870617,-2.4239857119649524,-0.027680669730434777,-0.005720161980612051,-0.03918157902705313,2.6729105838614733,0.04831289543034093
0.9845662117004395,0.4044201920559047,0.7875037690961261,-2.4373035361875943,-0.027306304810634986,0.004518539230997502,-0.03658909977603149,2.593099767767467,0.045878248676401744
0.9865541458129883,-0.2009042285395276,1.2432826878625394,-2.0357351258507226,-0.038349716168849565,-0.011046416818048972,-0.04109883054142566,2.393811156629992,0.05728732780137523
0.9885821342468262,0.15971662716721424,1.2647289468428187,-2.2276081811429176,-0.030005943240208,0.0097491378296032,-0.038660574650353545,2.5665710429814084,0.04990032415176021
0.9905681610107422,-0.3908363440083141,1.3563013795573475,-2.338727616357249,-0.0493528076837524,-0.02006994068628342,-0.03679966797927353,2.7316576182785073,0.06475119851249977
0.9925529956817627,-0.17855830806812634,1.06716711923642,-2.3712567400234477,-0.039688068445626404,-0.007894116485252033,-0.03361921405844562,2.6064510846870195,0.052609043005314604
0.9945402145385742,-0.18845576878453008,1.353102823741695,-1.9979242107996569,-0.042077760646625634,-0.009054968788528968,-0.04693785783656973,2.420352036482575,0.0636843222393234
0.9965400695800781,0.3923976438783865,1.075572831295088,-2.2347845055110573,-0.03625376857019849,0.002250107700755788,-0.031678117610096326,2.5109947455966015,0.048196492149591215
0.9985361099243164,-0.19503486278628113,0.986483352319312,-2.139326298228058,-0.0300103395209715,-0.0058301688021509986,-0.031166839602524702,2.3638749993168795,0.043657567926249176
1.0005340576171875,0.7345707015236652,1.2789265073635698,-2.080921894886381,-0.03655623073661102,0.007582067417583067,-0.04370312474443386,2.550584846538471,0.057478768814412384
1.0025451183319092,0.1368647382339469,1.4756506179177515,-2.3648476938103347,-0.047513238459927845,0.0007330417360392047,-0.026531809460856752,2.7908388197194314,0.054424094777992864
1.0045371055603027,-0.025573169843774776,1.2389038534908652,-2.216674933131969,-0.046317745369160855,-0.00550061507316331,-0.03481870125570114,2.539524464222779,0.05820594694186581
1.0065371990203857,-0.010859792198070189,1.393697196346661,-2.229098562510087,-0.04129106264302387,-0.003483342979828204,-0.038529491522026074,2.6289523030240898,0.05658274692387352
1.0085501670837402,0.43321712634123144,1.4717125968364408,-2.1727255432607624,-0.04343466904999184,0.003627374357666905,-0.029227897052376203,2.6597652777228653,0.05247855072615173
1.0105371475219727,0.34043605827523976,1.3731325426647092,-2.3423729671363263,-0.04262628641849745,0.0005419467003578012,-0.03623797924692173,2.736439439613066,0.05595073851128454
1.0125410556793213,0.4889337547264145,1.038877076588817,-2.108527928104665,-0.03953873473428345,0.012140053846986203,-0.030439706058773226,2.4008773022314047,0.051354339220169826
1.0145912170410156,0.30554514060125415,1.6505987884629407,-2.370439023033259,-0.04797281111702107,-0.012860201904670087,-0.03508370835254976,2.904619657603942,0.060808239501444455
1.0166330337524414,0.30790914582252166,1.0909173092693754,-2.181614079448066,-0.033591500520367565,-0.005586473163437623,-0.02812499625901171,2.458525698338482,0.04416574469184331
1.0185680389404297,-0.013504088981670801,1.176287239972127,-2.3114103793702956,-0.041982247320079144,-0.007556853890393823,-0.029567967233709126,2.593540432150847,0.0519025993289233
1.020583152770996,-0.24339626668373676,1.335202323999742,-2.4616811777590852,-0.04417565964468397,-0.013408427354711778,-0.030147347468051967,2.8110284967575923,0.055137440895719876
1.0225491523742676,0.4256511754996885,0.9693540783370942,-1.8956226109210974,-0.030815711955499283,0.009900608723808806,-0.028528141477241867,2.1712234651063307,0.043144930322945106
1.0245440006256104,0.5292382877922128,1.3004830693881946,-2.2897447454107214,-0.04472257344215467,0.0023295462969662377,-0.03822368791138078,2.6859412462238597,0.058877718016115944
1.026535987854004,0.2738279852879245,1.136873840369641,-2.244599205806372,-0.04221765190568707,-0.0017221917884388481,-0.03731993155216918,2.530946362361371,0.05637440348282651
1.0285310745239258,-0.26107249977033176,1.3081338422032365,-2.039071988020695,-0.03417443262076086,-0.009276755063478028,-0.030676024535495602,2.436634476400677,0.0468504910407673
1.0305390357971191,0.32417066979115344,1.1347365442191377,-2.1427815587964547,-0.03742319488785172,0.0028252746940586903,-0.028092531821091244,2.4462678628182566,0.04687929219634234
1.0325372219085693,0.46681277414104866,0.8605923459681191,-2.236392259224352,-0.02894463865765148,0.0032592811510933854,-0.041442004139963434,2.4413077825540093,0.05065426662958049
1.0345752239227295,-0.29410923433457536,0.7659315447326484,-1.7803566058907672,-0.025636607775595715,-0.010519622574171788,-0.033741060542446806,1.9603114592013953,0.043661851585472415
1.0365350246429443,0.16092240473201674,1.7546150435316359,-2.4537922004237886,-0.05165741443684807,0.0001013578941142709,-0.02898722054856633,3.020871750702581,0.05923476761880817
1.038534164428711,-0.13727181540845002,0.9848338671014902,-2.2195544409990906,-0.03436348974952278,-0.002983329628468537,-0.03718495530847929,2.432110855543882,0.05071952863277869
1.0405590534210205,0.21567017035304933,1.2028216184769032,-2.2156796047292513,-0.04769261954717255,0.003225917538616405,-0.03288386164193312,2.530322030704527,0.058020176315856695
1.0425422191619873,0.16601933841585922,1.346275176870542,-2.2866628670061613,-0.04153545488914001,-0.0005335610908019002,-0.044919486549438364,2.6587302119490586,0.06118201510370982
1.044539213180542,0.1869886326590296,1.0580677251255193,-2.4909479839259117,-0.038735023828531674,0.005022318768390443,-0.03146547449774049,2.7128018575488606,0.05015677264513937
1.0465312004089355,0.02841005885569035,1.2342434157340147,-2.065934061792278,-0.032186642768131615,-0.006132326206290885,-0.032158243490742124,2.406708849944357,0.04591010805687065
1.048598051071167,0.16885640189768422,1.325447320888975,-2.2387024670977453,-0.04039882895333708,-0.006559299562245305,-0.029646354787238087,2.6071271202423416,0.05053707692099982
1.050544023513794,-0.10031148825052802,1.105965500291868,-1.9051739347317451,-0.041032111059229784,-0.005343868697721121,-0.037056761676644484,2.2052006267213233,0.0555463289209564
1.0525751113891602,0.03396858576504133,1.2768258852834085,-2.2957822206263647,-0.04164064023380671,-0.0022908673004552738,-0.03467810808927142,2.627176090537663,0.05423801409270817
1.054556131362915,0.5074038047956704,0.9068208480519261,-1.9930990878712374,-0.03207534193180717,0.007338727063059872,-0.040046104010818616,2.2477158729821474,0.051830251025764267
1.0565659999847412,0.04881654001323209,1.0965454142912163,-2.197278893008347,-0.03888278021468482,-0.008236081532552857,-0.040035702040949715,2.4561818812624496,0.056414192134125685
1.0585551261901855,-0.07294891043236415,1.2148279854545918,-2.2840872529548397,-0.04267081843860387,-0.005163759948752093,-0.04043127267162261,2.588084843448475,0.059009753201277916
1.0605790615081787,0.1139760681447646,1.1891960224139808,-2.145815797259028,-0.03634405802428963,-0.00806821430418034,-0.03618322617070552,2.455952597181259,0.051915435969001944
1.0626161098480225,0.48769074802605883,1.6335265795286684,-2.392795144736789,-0.05112960565272421,0.007006057529038245,-0.040757604533582445,2.9379788897153087,0.06576095911419769
1.0646231174468994,0.545793766619684,1.197250777546075,-2.256606674808274,-0.039270293113143895,0.008890164292479213,-0.028459956135807415,2.612197148915992,0.04930679512594173
1.066594123840332,0.04508412072150634,1.2062741673577877,-2.209287333565224,-0.04064153782004334,-0.0035800690698680774,-0.03624371595148304,2.5175544615812573,0.054572506236151785
1.068589210510254,-0.17358783691527166,0.8679826064457503,-1.9828294094738381,-0.03263609538019669,-0.01135566635093333,-0.03356199720918949,2.171437083889757,0.04817129369872329
1.0705690383911133,0.2583294576758055,0.9894788463660016,-2.3501211037135854,-0.03476443643168152,-0.0004178203596197897,-0.034484791353503956,2.5629810179220662,0.04896878034993356
1.0725610256195068,-0.22276903573601367,1.399255987222172,-2.30530204007183,-0.048975938501156335,-0.023100283058561932,-0.04401776243352821,2.7059122042333876,0.06978416037403659
1.0745620727539062,0.5706806723316712,1.3198527971975365,-2.16542847306295,-0.039127332010211166,0.0023354096123146557,-0.0332994288025173,2.599378446474239,0.05143203483110994
1.0765562057495117,-0.07578275108920995,0.8683634607758535,-2.311238974822281,-0.029457311352665057,-0.014853441180979083,-0.039238916577575646,2.4701464985119435,0.051264514834596805
1.0785560607910156,0.18874390913418615,1.1024549797951484,-2.1681136342947473,-0.03678151006725183,-0.005396128607160884,-0.02246343876322082,2.439620457555878,0.04343505229467716
1.0805540084838867,0.2770944914996911,0.9448831745015632,-1.9701525710109102,-0.03303651279901109,0.0010777977999793112,-0.03235411098069221,2.2025182686498934,0.04625323041007852
1.0825600624084473,0.30696656238565795,1.215878580824036,-2.367080048426213,-0.038615574402449684,-0.0015990356749369002,-0.03217933622260848,2.678741710092069,0.050291442425610844
1.0846130847930908,-0.20505284785034894,1.24905022780224,-2.3403881599037635,-0.04007864917297833,-0.01258147419725919,-0.031924848258141986,2.6607498719349945,0.0527616105593107
1.0865771770477295,0.10485922326938234,1.1536690990500713,-1.8147197363582797,-0.0356519570869741,0.0012356175336573536,-0.04119847134023125,2.152941143723145,0.054496814912366943
1.0886270999908447,-0.31527108691306277,1.1164613804813965,-2.0588329145014796,-0.03599686020649864,-0.017037316528678202,-0.03402078423795324,2.3631916642931072,0.05237802840304266
1.0906271934509277,-0.16552264664145672,1.2254478275745222,-2.148970031385108,-0.035803613974880265,-0.007749522551164829,-0.03681711283232088,2.4793532060700065,0.05193701638274094
1.092562198638916,0.17505730996500327,1.107713603444297,-2.1570728502229715,-0.038240260527926694,-0.0059447332355383985,-0.029079770492345693,2.4311803244919505,0.048407545180198124
1.094560146331787,0.14557970404225856,0.7198145993169959,-2.267574083756845,-0.026254619160731893,-0.005786088539912923,-0.039784203906981876,2.383530728340756,0.048016317313795465
1.0965650081634521,0.029185922093113287,0.9658890477513329,-2.2019389050930416,-0.032915403281905786,-0.0023367010808487713,-0.04017932938999458,2.4046472532113197,0.05199290774116616
1.09855318069458,-0.2814592710895657,1.0451336147582695,-2.31668241549527,-0.03118967528800823,-0.011765944760979644,-0.03292399074517017,2.557057099136614,0.046853201248984754
1.1005351543426514,0.41434351484675797,1.12137151849155,-2.0408111140734597,-0.040289287246036504,0.003689413937791504,-0.031350846566781235,2.3651775058344704,0.05118314197518426
1.1025421619415283,0.023967253582427975,0.9917396374139172,-2.2068471709798114,-0.029030813883404304,0.0057970544953405,-0.0344166391385072,2.4195653274346136,0.045397125956882264
1.1045629978179932,0.18385473685874357,0.8625089900521972,-2.0944166064766456,-0.028073022102287102,-0.0050567600028969045,-0.0274755119321606,2.272510779660111,0.039605165668340506
1.1065740585327148,0.3122027028373213,1.120825676660581,-2.0815488647836706,-0.03978857861202363,0.0009555143556173604,-0.035661435902219506,2.384652260100572,0.05343951727193169
1.1085641384124756,0.06619662856869576,0.770445115144023,-1.9547084189272497,-0.02481955649208059,0.005479754483500827,-0.040288945475003224,2.1021067223402854,0.04763651142926831
1.1105690002441406,0.7224588143113866,1.2730602038267518,-1.9926545850890043,-0.041671977329023245,0.014760323607777608,-0.033701401987106167,2.4725091135160366,0.055589615427824896
1.1125640869140625,0.33860777947499815,0.7930182967051397,-2.0912777563843057,-0.02815699061049196,-0.00017101013958247368,-0.04120318162879187,2.262073363438482,0.04990538589212976
1.1146130561828613,0.3275833679714382,1.5070015285889788,-2.086217901745087,-0.049750328705845635,-0.0002902279202274376,-0.04341333719027249,2.5943534076341073,0.06602951828221727
1.1166222095489502,0.0529803214645448,1.0745254361235403,-2.5497222346705244,-0.03495303853394449,-0.012251057438864968,-0.03692362296417007,2.7673986524012446,0.05229873080607181
1.1185851097106934,0.2273183999419881,1.1602691094864621,-2.1238524241334105,-0.0384586041903075,-0.0038970338533363654,-0.038880562782586295,2.43077090258997,0.05482653802139455
1.120596170425415,0.10185711904443615,0.8376324194232165,-2.165151264366897,-0.02789080718259434,-0.006150673037812152,-0.034519276342722616,2.323764820363368,0.044802994803249195
1.1225621700286865,0.24033971563645995,1.2182050564762443,-1.9547649241651497,-0.04071066917676829,-0.002146663565910196,-0.035110453589469966,2.3157920129586094,0.05380251574549096
1.1245741844177246,0.10765549719711151,1.1380715994987214,-2.0139506901012023,-0.038892880865405766,-0.009578977033740853,-0.042555182906635326,2.315770725659482,0.058441052140090426
1.1265721321105957,-0.17216361625520585,1.1200651419152183,-2.3642408743662013,-0.03575050355544817,-0.011339358123484822,-0.03925281265808706,2.621797311944516,0.05429054106095861
1.128575086593628,-0.07689299467875149,1.6356330527470455,-2.3647802638463964,-0.0519353237567047,-0.01123140370508979,-0.033428160368144506,2.8763507630584133,0.06277630276225916
1.1305701732635498,0.5948385648198681,0.8934352322288244,-2.2627255055506,-0.029635081563520554,0.004349762257735167,-0.03673784929662438,2.5043933688328504,0.04740071794727183
1.132580041885376,0.10400495207649212,1.2744418434311917,-2.0597759228251133,-0.04723901399239438,-0.0026719191400180744,-0.0392375413766714,2.4243959855177897,0.061467456821886056
1.1345911026000977,-0.12465165978701505,0.8046516557890411,-2.388219303182212,-0.028076528817343634,-0.0056721218044542415,-0.03431639870078787,2.5232110025806076,0.044699884295008284
1.1365721225738525,-0.02039819060881055,0.9422750080529684,-2.313104347804461,-0.03297469958307157,-0.010210550180488514,-0.029240460047101197,2.4977489867505174,0.04523926006632089
1.1385681629180908,-0.16015055736304046,1.4000610580136863,-2.390025995414013,-0.04923156738239209,-0.009269465157639975,-0.038167880889006925,2.774534812530713,0.062979816947917
1.1405560970306396,-0.13282428382489342,1.3492259057183535,-2.0186948089085472,-0.03949574896805406,-0.008717978344687403,-0.03380838465443699,2.4317034289874706,0.052715502519736564
1.1425590515136719,0.09433962729190047,0.484977410171683,-1.9518739876688829,-0.015413022434237757,0.0049147166536967785,-0.045717772515104886,2.013433663519321,0.048495674282221506
1.1445791721343994,0.04456355867923695,0.9977025875450231,-2.041251934812952,-0.02946941055455283,-0.0015590722819550386,-0.036058898478830634,2.272466903022751,0.04659528972245761
1.1465702056884766,-0.1752908572161749,0.963995651369542,-2.2491052600954142,-0.031443641101347404,-0.00809512339099137,-0.04018268469647837,2.453260885326269,0.051661220831899786
1.1485581398010254,-0.23752849544311752,1.2510596123140139,-1.957799833000047,-0.04711773659547439,-0.016671261455122623,-0.037133949778618204,2.335497832541442,0.06226509685647733
1.1505610942840576,0.6144508942767845,0.9220401376041456,-2.0095111054539254,-0.0344716125036807,0.00705922802198206,-0.03177885945648924,2.294742425583592,0.04741329641804658
1.1525700092315674,0.07896528559598723,1.0010456306107312,-2.3385670438248036,-0.030791358885511964,-0.005543646605554248,-0.031232928586912366,2.5450390349378873,0.044207868392615784
1.1545591354370117,-0.33983079625877016,1.237809433892955,-1.9206018620320569,-0.04424796235162846,-0.016048960030563008,-0.04467067083567132,2.3100581544976895,0.06489160287157834
1.1565589904785156,-0.04871215618158032,1.030024058771763,-2.2292071838521874,-0.026118007959219283,-0.014679761258324547,-0.04266561980123297,2.456152907362796,0.052134449679483635
1.1585640907287598,0.49458514726820074,0.8334763304232736,-1.6649396263264356,-0.02789477313593613,0.0026578993864717466,-0.03493709369393097,1.9264789696713964,0.04478597228187038
1.1605651378631592,0.24834698146460432,1.0684579913531176,-2.067882907077309,-0.034230543519617164,0.012699586972318903,-0.037680719636267755,2.3408157594888626,0.05246757333080034
1.1625621318817139,0.1443854428936957,0.9061188106469027,-2.149902203712746,-0.025726783095694244,0.002108430239540246,-0.03806638649497342,2.3375153348495252,0.04599307151422485
1.1646270751953125,-0.0963041280476713,1.0882638048604323,-2.0443509628350056,-0.0382742851282874,-0.005482735700309167,-0.03338337228894654,2.3179653693040243,0.05108258840567195
1.166593074798584,-0.5429361219174051,1.2054435108222705,-2.244936228282362,-0.03717653370688624,-0.02367943635267252,-0.028243389785173195,2.60530465767842,0.05234977966521677
1.1685960292816162,-0.04862380983973488,1.1205743168121192,-2.154805390709173,-0.03153935919515004,-0.009056392392931873,-0.04329235663845374,2.4292462506324033,0.05432290092517629
1.170553207397461,-0.2534028537738528,1.0175427416252107,-2.1172601047284823,-0.02854257413139744,-0.006592572610085194,-0.037939045362729816,2.3627095861340526,0.04793236604530215
1.1725680828094482,0.04959586808917253,1.6700187777097724,-2.2364253002052905,-0.05465892495134272,-0.005034963517325835,-0.03417148789270958,2.791598214541821,0.06465786509976118
1.1745622158050537,-0.23742827800843777,1.1351152171673669,-1.9954169950085354,-0.035617673470059966,-0.016318929793223583,-0.036770439216558835,2.3079314823910746,0.05373072987773962
1.1765730381011963,-0.16031188626287252,1.4604438691132355,-1.8011316168728508,-0.051005053289052193,-0.023095608412251493,-0.04209060449043192,2.324364708260433,0.07004670995358087
1.1785540580749512,-0.43416949263302906,0.9594306036666962,-1.874949450185712,-0.03892402160115166,-0.011429921515906783,-0.03514491381105739,2.1504524343349627,0.05367389989793328
1.1805620193481445,0.009837094694270358,1.2848717267265615,-1.8924952237343304,-0.04522758060990138,-0.003920904753037984,-0.03403271069098515,2.2874724685623153,0.05673740334985219
1.18255615234375,0.1148662230745655,1.1565741003249346,-2.139754667654059,-0.03635379703894768,-0.0038322196703347118,-0.03404791087458378,2.4350375636718997,0.04995542714935287
1.1845650672912598,-0.20615210761012012,1.184148709339946,-2.240703296707425,-0.03343208947687004,-0.007936493348365374,-0.044575959473911804,2.5427265132489336,0.05628240130340851
1.1865651607513428,0.07020355073566573,0.8431045845289562,-2.388931518038134,-0.026384710530622874,-0.005550437848480105,-0.03087743148186552,2.5343140446411967,0.040992390574494456
1.1886341571807861,0.02435460621304349,1.1895946995941256,-1.8904375139697145,-0.03921735727121023,0.0009433283038381372,-0.037654516570510915,2.2337149975702415,0.05437603882028783
1.1906120777130127,0.04226982013392164,1.0066134512591125,-1.9137938608377896,-0.030865669557552156,-0.0006911948515956482,-0.02601689343173713,2.1627908636135738,0.04037382879288563
1.1925530433654785,-0.06922983295773855,1.224093373234708,-2.1158897615747483,-0.03826979426756339,-0.016107383591268443,-0.03293879365189135,2.445442053965975,0.05299989704404877
1.1945621967315674,-0.3269131567343375,1.2005174562453365,-2.017650157756589,-0.03707177245020024,-0.024572518768361095,-0.034650840760792265,2.3704485933871187,0.05638089886345079
1.1965651512145996,-0.08517415973021474,1.2767554594536807,-2.0263118150191146,-0.04274458011422159,-0.003860502673978011,-0.034625647418821084,2.39651803924289,0.05514470118886682
1.1985630989074707,-0.03350250196523974,0.5614021879049992,-2.348173909646255,-0.018303351048623937,-0.007495357282723272,-0.031170532682191613,2.414583927753564,0.03691605542438698
1.2006030082702637,0.2620883587050229,1.2960066385583213,-2.384367687912002,-0.042965400640205306,-0.005680997621117218,-0.03815049936341684,2.726450583838768,0.05773872173699867
1.2025291919708252,0.1648264325282224,0.9220635418735948,-1.540383044880489,-0.03305264633853889,-0.0027745113104058724,-0.03753854313788207,1.8028169216722327,0.05009308898347886
1.2045261859893799,0.23700253449613745,0.7300667415493499,-2.0619787972684067,-0.018831414950615494,0.011898384606846788,-0.04108340698737348,2.200210037441549,0.0467337145429815
1.206524133682251,0.07081941208293796,0.26892937578000814,-2.3160816344568125,-0.013554527261435339,-0.0002627177528387928,-0.032309671320873735,2.332717843150632,0.035038679923215445
1.2085411548614502,0.22220710151437,0.9129869198888174,-2.050762402296973,-0.028834580676240305,0.01097521268373093,-0.031134034262504585,2.255780916340578,0.043831682898179354
1.2105610370635986,0.22785861243261551,1.0466089841000141,-1.9487864876859717,-0.036592976778905995,-0.0009783972143636564,-0.03319071586574624,2.2237532883496782,0.04941282050572834
1.212555170059204,-0.06474870602914395,0.990675038437829,-2.22262435190859,-0.030011578214291217,-0.0032803275275183202,-0.03617969875355571,2.434273697925794,0.04712139617518091
1.214738130569458,-0.14218035383030603,1.0923245250451021,-2.0288525462177245,-0.03052141791378191,-0.014050121455190146,-0.035923424621264015,2.3085993102581623,0.049187958901472616
1.2166390419006348,0.11059823811915054,0.7534594509498097,-2.3098042362213085,-0.02962708461873165,0.0025178406903659262,-0.029558915953913505,2.4321037650903286,0.041926521166417687
1.2185940742492676,-0.12060507993386348,1.0327532034254918,-2.1471159470521632,-0.034237238152625846,-0.009168352554934176,-0.03464031615723986,2.385630242635513,0.0495600511335967
1.2206029891967773,-0.30976098387111684,0.8087524292954809,-2.1641630822236704,-0.02879421040113871,-0.022225340707373042,-0.04041768918320473,2.3310157025382736,0.054375195825799125
1.222567081451416,-0.19751619288694908,0.8693581113233709,-2.108100371346098,-0.027954454582517944,-0.011486632726903805,-0.04232607573492007,2.288860709577114,0.05200856611681411
1.2245731353759766,0.1549857686027373,1.036265505556965,-2.177371983762407,-0.035692376157490796,0.00038976635353509036,-0.029291143684909086,2.4163641162188396,0.04617432979424991
1.2265632152557373,0.14975776239892827,1.0528429579938918,-1.758579233784744,-0.03642185276323494,-0.0018639355788281735,-0.035969486431144296,2.0551171750279833,0.05122333031606847
1.2285571098327637,0.27908529639567287,1.4434044577597864,-2.14267389194659,-0.0496330651450525,0.0014428878855497387,-0.033847786977186725,2.5985296685961914,0.06009322561151384
1.2305750846862793,0.16234375211029026,1.1341233201437826,-2.05707221649803,-0.04389462494319159,0.0047411215429530315,-0.037787755510509016,2.3545991809714284,0.05811308629655213
1.2325642108917236,-0.03265076492571621,0.9802564937571483,-1.9350037154824995,-0.03409725073549033,-0.009090692233166199,-0.03550423163725117,2.1693796912791385,0.05005810281211855
1.234565019607544,-0.37246255965672403,1.30575399969827,-1.9765891640443483,-0.04179948418912779,-0.016420826330744487,-0.03252797483499523,2.398046411037869,0.05545186708062857
1.2365682125091553,0.30923773552751405,0.769972992511257,-1.9976229540002282,-0.028344952139856064,0.007711898404572063,-0.03481234916859961,2.1630958953822463,0.04555007512013202
1.238558053970337,0.2565035087472506,1.125657725844306,-2.1522747153157304,-0.03372810593416048,0.0008497659478041969,-0.03344850521734249,2.4423729887017736,0.04750904896276694
1.240556001663208,0.3213200933443119,0.8440746494010596,-1.9117915182308285,-0.027919441074087902,0.004782867718334358,-0.03210884716506746,2.114392448276255,0.042817625807256204
1.242563009262085,-0.12658031875097542,0.98865822579746,-2.053345944299466,-0.030661547152808,-0.0053344428366016335,-0.03462134447427642,2.2824761184956888,0.04655345580499207
1.2445621490478516,-0.06506687897532071,0.839797865342274,-2.214454242429341,-0.032083372950764806,-0.011543143807628725,-0.03737527211961699,2.3692407528966606,0.05059148105043856
1.2465541362762451,0.10888640021094503,1.0619960809673985,-1.8376903963707667,-0.03853494962471126,-0.006617557306362192,-0.03362073566983211,2.125275962564475,0.05156634827348882
1.2485630512237549,0.5794346185298356,1.405022662570377,-2.117404105522883,-0.04714154278972983,0.004844583758362785,-0.0421061622043607,2.6063831847163854,0.06339340615527497
1.2505621910095215,0.4248354098171588,1.1917089972584298,-2.070540502160438,-0.03999153403342142,0.002891444376736948,-0.037845555207781836,2.426477576790687,0.055135916550968216
1.2525780200958252,0.06837911285399993,0.9576349629227461,-2.1005099310542534,-0.03543917309714315,-0.0041093614983820385,-0.036612759157679454,2.309519949198165,0.0511206022545891
1.25455904006958,-0.23255886061016476,1.0727368524588141,-1.9229493169418435,-0.029116915821606335,-0.017156662728319463,-0.03340736522861145,2.214177511808537,0.04752049993901214
1.25657320022583,0.744262878004614,0.9364945141446325,-2.0427408558951314,-0.03147982181453174,0.01797027583651079,-0.026716554755260337,2.3672218761539607,0.04502981560150758
1.2585580348968506,-0.1795715716833687,1.1832920116550623,-2.1374063435717305,-0.040171798347959614,-0.007714108238212887,-0.04027588079797825,2.449679940674739,0.057405813490211496
1.2605760097503662,0.2176056002360776,1.2273601876316076,-2.2680380330112975,-0.04532861407842988,-0.0015472520099633399,-0.03459039602178706,2.5880034286343117,0.05704009765066702
1.2626111507415771,-0.048883255650186724,1.1607288563343052,-1.7981211894034728,-0.034330396516614986,-0.004911105578123934,-0.03470635320548427,2.1407757618190337,0.04906348984541681
1.2646591663360596,0.14752611964562692,1.5037744414831633,-2.0390244551500123,-0.04959894332812164,0.0027129884208510046,-0.03771223390946732,2.5378578083760917,0.06236688281355955
1.266599178314209,0.18678521162048983,1.2940049621339793,-1.6377707536854675,-0.0435451375415591,-0.003198644234681456,-0.031774639854402535,2.0956217690544583,0.054000352464871434
1.2686200141906738,0.0392059616586232,0.8403585598609049,-2.2401000047727178,-0.0305452951169044,0.002318845798803037,-0.0401653700921375,2.3928618112928715,0.05051385012306806
1.2705872058868408,-0.09264923454681889,1.1418452048021865,-2.1861522882439903,-0.04327468785741562,-0.009282160987467845,-0.034450525975351524,2.4681280719983505,0.05608650338301003
1.2725741863250732,0.2557785131254445,1.1474833860490123,-2.2976673881966496,-0.031453757542139686,-0.008471009445517819,-0.03746459577633498,2.5809719478943554,0.04964567253275897
1.2745652198791504,-0.18240308692490836,1.2501525904415796,-2.196986380829414,-0.04061500582275124,-0.015893527611478626,-0.033177933579771855,2.5343444010350002,0.05479925359475896
1.276583194732666,-0.2788786097650477,1.092769726939542,-2.0837705550701346,-0.02955373940904593,-0.01313540999967602,-0.03628136991753011,2.3693920488761044,0.048603501026263964
1.2785670757293701,0.33407255801372315,1.0535074689981456,-2.320684044030696,-0.03521986914269023,0.0006276291213253166,-0.031297977097837354,2.5704195948271513,0.047121083085588246
1.280574083328247,0.31489730218946643,0.8519795137528663,-2.1292652108547894,-0.028906275497584694,0.003076260502651768,-0.03576362750626136,2.3149081495681996,0.04608766857011813
1.2825641632080078,-0.40055619821120814,1.1252895618526442,-1.8974969326091786,-0.030520277527443636,-0.017172242846124418,-0.033321378090858444,2.242145507142918,0.048339295636080526
1.2845799922943115,-0.09783891754095633,0.794436317661355,-2.196588865940629,-0.03146744298911426,-0.00574779358991345,-0.03584716559111059,2.33788454859928,0.04804431683708189
1.286567211151123,0.14352178736674034,1.14997761667475,-2.1071945046346197,-0.03422099418657846,-0.011064751298730927,-0.031044984029317445,2.4048525324152874,0.047511011332123626
1.2886362075805664,0.19434012561466793,1.170963285459714,-2.076627842089578,-0.042484844851453936,-0.00777635110199891,-0.04343256703109325,2.3919252276900607,0.061252114717975904
1.290602207183838,-0.4532930727415193,1.2932284924237043,-2.3294304649454225,-0.03484945934589308,-0.0323152452011499,-0.03909673896639833,2.7026211044887116,0.06154116416609443
1.2925841808319092,0.05617923582375228,1.1113407540682827,-2.1083394986194115,-0.036670602011278204,-0.005265389004762075,-0.034404193513551354,2.383973535849245,0.05055794600810954
1.2945680618286133,-0.23567121135877062,1.1131669565361173,-2.0623152826260194,-0.03413888247855758,-0.013838902528827185,-0.037045344264627494,2.3553823294616163,0.052243047879808026
1.296572208404541,0.022899905358374953,0.8087084028253201,-2.297824971139988,-0.023089947719387688,-0.0061006779185475415,-0.029255585488609147,2.436089752956608,0.03776576808475141
1.2985670566558838,0.15837222449455882,0.6622976486961614,-2.4129751963603185,-0.023317606898117984,0.005843617621122187,-0.036003598488999186,2.5072234115072267,0.0432910817896032
1.3005621433258057,-0.16150061629497864,0.9286699748880286,-2.1385657303971426,-0.03176738972598833,-0.01015890503980919,-0.03031584556473137,2.3370865954327096,0.04507128680119231
1.3025472164154053,-0.28061993434088756,1.2688827175702415,-2.6184805491793224,-0.04853916604331744,-0.013746353002798911,-0.03597808268295887,2.9232261775183206,0.061963176924687495
1.3045761585235596,-0.005372890853326609,0.7307444018674297,-2.344261142930315,-0.025686444279965095,-0.002016666287887955,-0.036749451765123696,2.455519609994931,0.04488187348698368
1.3065721988677979,-0.10487062377083572,1.5480601902585938,-2.316829446681254,-0.047630321851994145,-0.01605161870389135,-0.03864448281112793,2.7884022101201476,0.06340108890610024
1.30857515335083,0.18642325169048973,1.0867330868124496,-2.3946807654049747,-0.035392464876238657,0.007441744222861038,-0.03603648669562217,2.6363304798420715,0.05105521031646062
1.3105731010437012,-0.5665614428140227,1.2571396133502317,-2.144785880439189,-0.031217719413612795,-0.018794265671310526,-0.041234118821718145,2.549803590253411,0.0550274747968179
1.3125720024108887,-0.009982679752165692,1.5377205886064413,-2.0227322615610315,-0.04019368648911017,-0.013983902846325795,-0.03360782759634066,2.5408915884938854,0.054227004786782315
1.3146390914916992,-0.07893427028507964,1.1488353276131114,-2.198999253912502,-0.03446917596623132,-0.014298858068468815,-0.03414956792285858,2.482267299809813,0.05058432981834558
1.3166511058807373,-0.3304258651905789,1.2618968304020661,-2.1678554048751035,-0.043784541526162894,-0.009463190929199282,-0.031129025856316127,2.530051762200118,0.05454955829318841
1.3186061382293701,0.3334486120688513,1.1753535202390548,-2.277514703870714,-0.033843089920788896,-0.0011177360306907117,-0.032549374913939395,2.5845148675866207,0.04696877554832673
1.3206191062927246,0.5492818789919777,1.3669309391344624,-2.32604260061208,-0.044653549669967166,0.007878405857657821,-0.037342220128975055,2.7533043701730815,0.058740532693762934
1.3225760459899902,-0.03797107963559586,1.1762997789442142,-2.0704355838983095,-0.0311362084661883,-0.008999653715642167,-0.03201494680617261,2.381559673807321,0.04555671260806106
1.3245902061462402,-0.009364959281954292,1.3081277758359826,-2.3285960648161326,-0.03490273053261328,-0.016378969428368594,-0.03793423399228869,2.6708885438095553,0.05408768202418513
1.3265650272369385,0.23711369480304556,1.1028969761515244,-2.2289491931490235,-0.03775023335522019,-0.005311584730662311,-0.03239765143756062,2.498163155181625,0.050029000283777984
1.3285760879516602,0.11305289114133926,1.3414096753857268,-2.2971044406442425,-0.03966071629156114,-0.0020647117228828147,-0.03503920105056325,2.6624893773762466,0.052962071914910064
1.3305590152740479,-0.13304501301739488,1.2838235029721325,-2.197386502709324,-0.03725577103232536,-0.01756213131819573,-0.030735266683084832,2.5484134681329773,0.05139141513648898
1.3325831890106201,-0.2940545211309332,1.3920319529502616,-2.116553717532934,-0.044053578238706405,-0.020840268349105306,-0.027907470428667067,2.5502981509295233,0.0561592507626613
1.3345580101013184,-0.06659723823514974,1.140569684770501,-2.1471944668533514,-0.03851225914194401,-0.009263082939855645,-0.039844930289982955,2.4322373396615053,0.056183781285887975
1.3365931510925293,0.26207383520650257,0.8569706660666363,-2.1924764356068063,-0.030281701793021882,0.0008120245883850254,-0.0311222353279511,2.3685511052729398,0.043430799891574806
1.3385732173919678,-0.28371421072101727,1.2138180580326285,-1.9790833077994683,-0.03462084859449259,-0.0066372301270540566,-0.0376123786310145,2.33893539256253,0.051549461757083845
1.3405652046203613,-0.40493970432107285,1.2560400040549504,-2.2074149624135737,-0.03493711089001253,-0.01936686385258547,-0.0337115237647967,2.571826874462843,0.05226991455292486
1.3425700664520264,0.13414106881085,0.9657289647978305,-2.149658999871559,-0.02957269531230167,-0.010154959937339721,-0.03428543084818367,2.360436416326438,0.04640213667288165
1.3445801734924316,0.22382103965766637,0.9278341281577871,-2.125342949472368,-0.036105088221290056,-0.006155819619545573,-0.029577885322307585,2.329818593805034,0.04707783778801973
1.346567153930664,-0.04836935918630139,1.3069472248576919,-2.1052015871164125,-0.04453551666104665,-0.0014594336316461644,-0.03616248039963555,2.478371313154826,0.05738699486334486
1.3485751152038574,0.28962230340352785,1.0602520067232144,-2.2513502260122364,-0.03750639722528737,0.004670762225484529,-0.03508885577697171,2.505313001713502,0.051572993439640266
1.3505680561065674,-0.18556325647490846,1.099239332576896,-2.3347551206637633,-0.03977987456388475,-0.01003161048664791,-0.03673732679746396,2.587246085300611,0.055069981019589
1.3525722026824951,0.3557996868437435,1.1545455194485756,-2.136475037482144,-0.04643282738400367,0.003347092294089604,-0.03462727446026207,2.454403055616827,0.058019467614277134
1.3545541763305664,0.40213151921575363,1.07043648113641,-2.2490129199826483,-0.03681963931720661,0.005588335764099454,-0.037020791961239724,2.5230146914243976,0.052511468971062805
1.3565630912780762,0.2034162714492653,1.1945514949781504,-2.0926529878879485,-0.04345117348516465,0.0033068248442502048,-0.03189144290800134,2.418166243532734,0.0540000342457552
1.3585731983184814,0.10368021272979998,0.9876809842800592,-2.1468695240735465,-0.033303684510925226,-0.004549398775341559,-0.0263268905092934,2.3654411991457107,0.042695873279611496
1.360579013824463,0.2493061764098777,1.0626721319144354,-1.9392069206150269,-0.032024492096705125,0.00523604795394683,-0.032980052596264686,2.225297533028988,0.04626735524622458
1.3625800609588623,0.16683539940029868,1.1962778981780737,-2.1427803029919232,-0.04354213289702619,-0.003968870276144612,-0.037002033839837356,2.459760615802393,0.05727844076767124
1.3646621704101562,0.22696244725302325,1.5656750522281373,-2.0554348781139162,-0.05399727984837317,-0.006817903373507132,-0.030625868688375888,2.5937738644299415,0.06245105179539933
1.3666131496429443,0.2517678728229843,0.9543834821346715,-1.838689324155588,-0.0256125901092282,0.003619425619507928,-0.03519396815893428,2.0868668677040816,0.04367745881676914
1.3686201572418213,0.4720520119426312,1.3781405235141293,-1.9073885285323626,-0.045203100160259774,0.0015506348187013033,-0.04634008038369891,2.400049041854715,0.06475436496798592
1.3705761432647705,-0.13586876406782078,1.3459986417860361,-2.3193906051533304,-0.03915072928550784,-0.005884537966805778,-0.03699737269604872,2.6850969151992827,0.054186833982806486
1.372563123703003,-0.09893236215128601,1.4734578689635949,-1.9107010180494095,-0.05167300139651742,-0.012373590619524531,-0.042655233586582075,2.414879724596366,0.06813716878818753
1.3745651245117188,-0.20921385366115142,1.2257609661172348,-2.1467922574434177,-0.02938564202693878,-0.0117485757117449,-0.03467485227343247,2.4809226870741887,0.04694561075089297
1.3765811920166016,-0.04418948765289554,1.1154218810066994,-2.396808789534367,-0.03806935537122646,-0.015796640600480163,-0.0363970404666273,2.6440141938039488,0.054986855041644016
1.378568172454834,0.12802829946603927,0.9758903721792898,-1.9418180103405807,-0.0335655134578197,-0.0005055568154450203,-0.036141053123804674,2.177018706685694,0.049326210094415214
1.3805902004241943,0.03796181908772821,0.768916717042755,-2.120765325054411,-0.02848712144982249,-0.0033594669158730148,-0.0344976811682801,2.2561736594086454,0.04486526621389969
1.3825721740722656,0.4089943811755624,1.607847943155647,-2.1946248271863618,-0.04697306804554443,0.002234160159204744,-0.039456117641238346,2.7511505855270433,0.06138603923163283
1.384594202041626,0.27216694947821296,1.2388573817201198,-1.9261857954099277,-0.0379846564307627,0.0003536541382339828,-0.03611147379475181,2.306303141191479,0.05241180911819033
1.3865821361541748,-0.18735569800999047,1.3982041108679932,-2.0454514854427255,-0.04278066525918217,-0.008815771024326794,-0.04220896990946757,2.4847431803960784,0.06074125681602164
1.388620138168335,-0.06483604803376872,1.19106910262699,-1.9642034323191733,-0.03739888124283083,-0.016957143341436026,-0.04501465692146545,2.298030557649685,0.06093061928353108
1.3906261920928955,0.4092201135828466,1.2177436982138026,-1.8184716521752269,-0.043135991185286014,0.007253488033718506,-0.03555170257433149,2.226477030122944,0.056367103705318215
1.392590045928955,0.127141991779468,1.037599276950272,-1.8816256724695892,-0.02531804156143827,0.0037691939783141186,-0.027098940037560262,2.1525084243500676,0.037276837351258245
1.39457106590271,0.11733248928991319,1.1279585743304386,-2.19900286817222,-0.03301404019493556,-0.0012364309111877812,-0.04354646531263653,2.474201097865364,0.054660316982392425
1.3965721130371094,0.13689958161667937,1.6114381710760526,-2.2802493462301543,-0.05750800502350946,8.025641788110565e-05,-0.036953476605459605,2.795534216501526,0.06835741741835227
1.3985710144042969,0.9421688910917967,1.3775919747343233,-1.976155609906527,-0.04069889769298277,0.020337884271138026,-0.03475028852216107,2.5866257678215834,0.05725043547802515
1.4005792140960693,0.1589508207858556,0.8895637269737132,-2.3026880513806214,-0.02451163834036569,0.010009678614035475,-0.02973665010954902,2.47365342150976,0.039815605481053604
1.4025771617889404,0.033556532412558945,1.2171926366530006,-1.9199638744545602,-0.03917874080153414,-0.0014703029693950908,-0.038982806341668425,2.2735314457469915,0.055288287293853045
1.4045741558074951,0.33399709096739016,1.0681459932465291,-2.0584312780288814,-0.04393014870162719,0.00532792287706548,-0.034705350887119485,2.342995784467165,0.0562379418838307
1.4065730571746826,-0.33883366054900754,1.318104725949267,-1.9539076671646487,-0.03872746080207763,-0.012097824525844163,-0.04402460940674221,2.381168513544481,0.05986935620040348
1.4085721969604492,0.43064042957804627,1.2122057270853943,-2.075997662026487,-0.0358122480962179,0.016546326118127994,-0.037350381210899355,2.4422653822026046,0.05432631957267132
1.4105701446533203,0.00784088653147029,0.5234922720748006,-1.9918063561747295,-0.01675506722918106,-8.308088155027632e-05,-0.045115366701167156,2.0594655129236057,0.04812624536433357
1.412574052810669,0.4005984440627726,1.09942484454181,-2.2059494088352216,-0.03827938797000231,0.00781924117011136,-0.04459846784505742,2.4970836783179218,0.059291444660768244
1.4146521091461182,0.4482923765146443,1.3389201996350786,-2.117796804293358,-0.04595620210670612,-0.005478749748804466,-0.037585874823993996,2.5453362567855637,0.05962119754892039
1.416666030883789,0.024532404108811114,1.1154406728363104,-1.8892855013203496,-0.035989821194777616,0.0014876917250563747,-0.03198833540126381,2.1941306795558377,0.04817399773783169
1.4186170101165771,0.13219146125710723,0.9410339862811421,-2.2185303929154503,-0.03044020870964051,8.80663144035178e-05,-0.03575954511593442,2.4134822663643187,0.04696125135535419
1.4206290245056152,-0.11995809247842584,1.1966355761585081,-2.0920842544011213,-0.045483803053093935,-0.007381366537445622,-0.038829531299379653,2.413118972117281,0.060257724924380134
1.4225711822509766,-0.251475490645155,1.1493400043898045,-1.6157163139807433,-0.028507730668938996,-0.006681066572091204,-0.03483633645835012,1.998689964789311,0.045507116984850327
1.424584150314331,-0.1566249245406136,0.9440818356447233,-2.088994415773708,-0.030058626276167524,-0.009733963749668399,-0.03752438087065716,2.2977640323835256,0.04905456373892554
1.4265680313110352,-0.07430954879349963,0.8252393028593348,-2.1030745818943193,-0.027052952831396557,-0.007117634446998048,-0.034818071379562894,2.260412465245142,0.04466341983784042
1.428572177886963,0.25392610631077556,1.3967833018662532,-1.8919427832109363,-0.04345555876840643,-0.003528681602090065,-0.03715207721217028,2.3653603435380597,0.05728100926923701
1.4305732250213623,0.10053278847235013,0.9675088823344449,-1.9207132080504925,-0.03653686216097431,-0.00978818011734512,-0.037451132958518936,2.1529792164657993,0.05322910976576904
1.4325690269470215,0.3245689234231057,1.0932850560385077,-1.987024693494551,-0.03192298987449693,0.004514706979668438,-0.031085321637880834,2.2910443759050745,0.0447856794407543
1.4345471858978271,0.18811620238044713,0.8353519670465225,-1.9189199216750776,-0.028654118995651033,0.004508197586976274,-0.03469368344770268,2.1012982368640634,0.045222052718442
1.4365661144256592,-0.18497424964048134,0.8450806319928604,-2.0764830307228026,-0.024912071837147078,-0.013098956076915243,-0.04041142884825874,2.2494796119278937,0.04924710707322827
1.4385740756988525,0.2338313416261841,1.1888171590853391,-1.9883349914856225,-0.036579124194120606,-0.0022084561518870578,-0.038110646543238515,2.328398456542301,0.052870889772419806
1.4405741691589355,0.42628567025883324,1.0145754999347472,-2.166813992871429,-0.0334601986377506,0.003564253917625983,-0.029818650768567722,2.430260438191613,0.044960435190563315
1.442561149597168,0.32776563425692473,1.2128300163844892,-2.096757790847259,-0.03377825604247816,0.006449760583114055,-0.03437034183133851,2.4443363502435016,0.04861985592794123
1.4445700645446777,0.342900244558294,1.4589095934649507,-2.25104025695129,-0.046704839496665346,-0.0019087090700186538,-0.03504517101233071,2.704289189054591,0.058422163722398605
1.4465601444244385,0.43191261591921776,1.0289791831835344,-2.2478484225186914,-0.03719649674112018,0.006530195108113266,-0.03529226811270209,2.509615348581333,0.05168913818686707
1.4485721588134766,-0.07086165806854786,1.1841266114537914,-2.2365777395233075,-0.04321205704584461,-0.009426563815943114,-0.03432733026855787,2.531690579725028,0.05598667326137557
1.4505610466003418,-0.5488265256034016,1.1222210706193527,-2.0462227506093873,-0.030672544014846356,-0.026652241345289263,-0.03705169992207826,2.397419077186839,0.054990684594629004
1.4525740146636963,0.13324888675325944,0.754058464698003,-2.0216267762296356,-0.02128402342434471,-0.00461772013281086,-0.04103817420990444,2.161789595768358,0.04645928039515342
1.4545581340789795,0.29595008545003304,1.243845940111257,-2.2230438045387775,-0.03967036589854283,0.0019367813162240266,-0.039374529940111765,2.5645005230468136,0.05592711918556061
1.4565651416778564,-0.01755416794420713,0.9591705827893202,-2.1382568545133194,-0.030736748377015826,-0.008998379288120344,-0.03937490413648883,2.3435995245719377,0.050755311114823676
1.4585630893707275,-0.2397683896762654,1.3179580119948997,-2.4999042494246106,-0.038009944659401204,-0.014356569212728636,-0.036976833522396266,2.8361987691910318,0.054937721011283476
1.4605631828308105,-0.028210924991693663,1.040113360295482,-2.170509880103838,-0.03242495112601718,-0.013352711978069674,-0.04494680794823531,2.407019899830997,0.05700778821730797
1.462616205215454,0.6948400605012541,1.091244079082298,-2.384808014807178,-0.03350810756744875,0.009283473248817089,-0.02786348830185899,2.713102581418202,0.04455726796675321
1.4646360874176025,0.17745022381831815,1.297015995349313,-1.8925331193809782,-0.0453371009031586,-4.7767048195181344e-06,-0.032897779726728055,2.3011781074221607,0.05601532515364356
1.4665942192077637,0.062170712292230895,1.2493978288208285,-2.03245369953026,-0.03717018880602439,0.00014572624514622596,-0.03972273189611606,2.3865724738342564,0.05440165072224134
1.4686250686645508,0.2508822181099869,1.175760254076768,-2.280218319317012,-0.03366782928667718,-0.00534761346043326,-0.030805414097357372,2.5777411906898937,0.04594663465705305
1.4705631732940674,0.13799650590845947,1.1526484111280624,-1.970028384256417,-0.03630502740967996,-0.004410901041155566,-0.046012572425744476,2.2866248555665925,0.05877642286195088
1.4725651741027832,0.30449524853068516,1.5033587772096506,-2.1023164966949306,-0.04530097096730447,0.002759940628426472,-0.040181274201999774,2.6024103484398275,0.060616252270734236
1.4745662212371826,-0.015025738544898283,1.1529406090684484,-2.1374019411481204,-0.033715080179321115,-0.0065864762602238745,-0.035454686643970425,2.428576718755596,0.04936722704433255
1.4765591621398926,0.22629233490160783,1.2178156365216033,-2.366606302275424,-0.034342609328141406,-0.006964793674700262,-0.036527526611705004,2.6711623940452394,0.050618014251502474
1.478560209274292,0.24892868245307653,1.055661586023599,-2.2299976674501543,-0.03153156818009407,6.036645927050841e-06,-0.033513079736083785,2.479773471506382,0.04601484914388098
1.4805660247802734,-0.291892041174806,1.3072349938909098,-2.099541253512216,-0.04428001425455519,-0.013623256193818253,-0.037692217672579964,2.4904091567760123,0.05972450120999896
1.4825570583343506,-0.03008965347904859,1.541480603414862,-2.272076519237589,-0.049925275163481164,-0.007640269054833957,-0.038962478725345646,2.7457967053701435,0.06378856919388125
1.4845662117004395,0.4611852782846743,1.522613214022873,-2.1829289728249797,-0.05056362816011087,0.004328600817311292,-0.041069258768066545,2.7011519321989823,0.065284770762468
1.4865601062774658,0.15318316244143543,0.9153853047348143,-2.1993074526081595,-0.03699929384618155,-0.0011461249091530702,-0.04002120002549052,2.3871214063130095,0.054515665628365864
1.4885990619659424,0.04700122707588051,0.8845127107011205,-2.1969438249672857,-0.03256504891679249,-0.003241060961756311,-0.03552971441202882,2.3687832363473804,0.04830473572343851
1.4906091690063477,-0.18747586769790558,1.2985456705446619,-2.1659746231823833,-0.03968905352868477,-0.015051288375225952,-0.03511207906291925,2.5323534760632125,0.05508738828332407
1.4925920963287354,0.4554444193015331,0.9097935308791032,-2.3151726428084913,-0.03489111572928677,0.008334365173903924,-0.03847389502534593,2.528868967327337,0.0526031576819092
1.4945662021636963,0.05955291513082806,1.1797508285207468,-2.337848740663395,-0.038224507845234734,-0.011622972099369987,-0.041398195697108266,2.6193310789813093,0.057532747956352805
1.4965660572052002,-0.04700406836289429,1.1901596261388514,-2.2822455111286164,-0.03635317959977078,-0.0025449187212198223,-0.042818280651823214,2.574360870429854,0.05622664347343796
1.498561143875122,0.5828735976724734,1.167001379328636,-2.3395522191351152,-0.03602608449400523,0.0074224622953134355,-0.03948548383548419,2.6786448880504174,0.05396364650592876
1.5005691051483154,0.11327365479844131,1.3036120967671216,-2.096705999213762,-0.04012351109798543,0.0017763671822910382,-0.04244145946933095,2.471520072111078,0.05843226082467923
1.5025720596313477,0.20140991554387389,0.8540377888165047,-2.1300294345680033,-0.03221926050611188,-0.005331180938386819,-0.04011887675455863,2.3036865869584044,0.05173032485695392
1.5045711994171143,-0.27969079864687724,1.0331320517683966,-2.308129333938978,-0.03349327746486511,-0.01315335516339165,-0.03853929727281964,2.5442188980959353,0.05272653811578687
1.506566047668457,0.13869171679575043,1.2707428877085918,-2.497770387464476,-0.04968264596920975,-0.006588975290426619,-0.04176523350887494,2.8058652475598613,0.06523890431276828
1.5085701942443848,0.24646995695630203,1.0249670739371042,-2.280144423935453,-0.031062527524916794,-0.003278169738856594,-0.041173971893005014,2.5120436971400735,0.05168097304152598
1.5105609893798828,0.4246940295220735,1.466058950685901,-2.5953708854930997,-0.04610610233245138,0.0017088586370933286,-0.03747556647500615,3.0109207725981726,0.05943997773178126
1.512566089630127,0.04312978606085043,1.005303637302385,-2.4281644466116803,-0.029644194541843253,-0.013144756858936927,-0.03697301153659087,2.628398402337071,0.04917892317853351
1.5146400928497314,-0.08536074905192853,0.9896587086937124,-2.435971233568346,-0.03413113871447873,-0.010822510199162296,-0.0384950522834906,2.6307159991045217,0.052573095850126955
1.5166161060333252,-0.15335702041366175,1.485921872410537,-1.9917587106123147,-0.04423981701794733,-0.013628103527450733,-0.03881511070943349,2.4896957540868767,0.06041108701986711
1.5186002254486084,0.5517990766528179,1.2961108007441564,-2.2797085458927904,-0.039598541632511954,0.004834474834627769,-0.04148710705506061,2.679823964930753,0.057555162219791296
1.5206091403961182,0.08845856839555943,1.218629279454159,-2.0658451161054083,-0.04037451683603036,-0.004165952692617364,-0.04316513297035783,2.4001246390140083,0.059251037762462
1.5225820541381836,0.05645883374896689,1.044289276723368,-2.0278636249033366,-0.033950733601539045,-0.007431903698149103,-0.03599121932372838,2.281656980046258,0.05003252315314463
1.5245771408081055,-0.04151823701872074,1.0545624074135669,-1.9148546705968699,-0.035643490368790394,-0.008867068270883582,-0.03799545926076113,2.1864340933679403,0.052846364395544965
1.5265672206878662,-0.3848595371365624,1.0790178082166866,-2.270956247522037,-0.039747091545316776,-0.02295691896084045,-0.03294929570825788,2.5435484213855815,0.05650227873419451
1.5285601615905762,0.47266808511600195,1.193499288625766,-1.9226411570355046,-0.043021641374887135,0.0070171273089856875,-0.037193962950516496,2.3117968529618387,0.05730176770592952
1.5305650234222412,-0.19947098199846366,1.1040646958626654,-1.9659842661807467,-0.0366653480337835,-0.009643152477199393,-0.038629409722195335,2.2635904356088803,0.05412549705658348
1.532562017440796,0.2459655048108708,1.170830749630517,-2.220309107381207,-0.032080128760209284,0.001539009363994772,-0.04449162435894125,2.5221253351404163,0.05487265119521021
1.5345640182495117,0.39502198241054637,1.1272968714815785,-2.0488757279850747,-0.03505644055479363,0.006611730170940587,-0.033078877884914315,2.371651819253004,0.04865060289811606
1.5365750789642334,0.1157765013988585,1.2809685191674236,-1.973234154280049,-0.0420947780179067,-0.009522353791519928,-0.04083115576955627,2.3554060314500855,0.05941236268307702
1.5385730266571045,0.23325985229783608,0.9795547511213238,-2.0440774920836495,-0.034641805621563736,-0.008347098905693141,-0.04194372173625567,2.278637852485855,0.05503639295913273
1.540565013885498,-0.3273663723208733,1.1894760934036912,-2.0632212291471412,-0.03797864503128218,-0.012025335571330655,-0.03316815720049842,2.403935098730595,0.05183736901205751
1.5425732135772705,0.5343108272307594,0.9952692206983966,-2.3702635054489405,-0.02974971261980348,0.010193286737042182,-0.03330707488699425,2.62568047694854,0.04580731091203998
1.5445740222930908,0.11304115978844177,1.5032714616590952,-2.180572875353167,-0.05178006630689464,-0.0052382747739998636,-0.053154722478432066,2.6509435029760566,0.07439112387317093
1.5465600490570068,-0.0032739118610657647,0.9619996419812262,-2.3432344566287675,-0.02477860663808359,-0.006508725235000126,-0.04236922297903034,2.5330222558049496,0.049512563122468226
1.5485610961914062,0.4139030661447706,0.9656805182675238,-2.0253498435031676,-0.03230175471944627,0.005054594708500135,-0.02959825965642724,2.2816433989788547,0.04410225912934342
1.5505690574645996,0.18560034012747234,0.9185027196238442,-2.3972896346326364,-0.0392798567540343,-0.008941066652880263,-0.040204114125144,2.573925469886203,0.05691415124638428
1.5525670051574707,-0.07546490112878779,1.5199954466373857,-2.19771409441002,-0.05224046386889827,-0.01945397091923919,-0.040792106592774956,2.6732056317966295,0.06907618265394073
1.5545589923858643,0.049800049571665506,1.0851354986757362,-1.9425500724679012,-0.03798195907546234,-0.004948725512672462,-0.043324240356876105,2.225645946566665,0.05782827078436847
1.5565640926361084,0.15993185837753815,1.1136802989418153,-2.1544643480259604,-0.03181121450744694,-0.0032720630430269843,-0.04061348957904579,2.430551096868805,0.05169250720156266
1.5585601329803467,0.10521661432210154,0.7590123705270198,-1.9471852329399635,-0.025005065459714097,-0.009647387428640079,-0.03777279299287096,2.0925345029226907,0.04631532438972171
1.5605649948120117,-0.09945704288090479,1.19675280534026,-2.308893846333465,-0.04114614433341862,-0.00263658339814569,-0.02415248064214491,2.602517968065723,0.047783878941449275
1.56256103515625,-0.18380918278499578,1.365920691956279,-2.2214608172962147,-0.0506187222356731,-0.00900873923308407,-0.031412710099262005,2.6142710867797883,0.06025089857522634
1.5646491050720215,0.16848180644584995,1.5900390322613855,-2.0062122488952214,-0.054587653047498415,-0.004124337574862698,-0.036805566005194044,2.565443008689767,0.06596568588765057
1.5666069984436035,0.13868869249749435,1.6076143177487143,-2.075136651775737,-0.049755336427785554,0.00032825632632441993,-0.041086557501726774,2.6286594438230955,0.06452756358797841
1.5686330795288086,-0.155293337131411,1.3437847011963935,-2.228271655964349,-0.04101469498920797,-0.019772630745263517,-0.031252164704246424,2.606735106699757,0.055225536940329036
1.5705540180206299,0.08828384659222895,1.7113587138540263,-2.143096438176554,-0.04398792070099186,-0.010843666035911003,-0.03989717848298381,2.7439761348047944,0.06036809680284931
1.572566032409668,0.006339217340230081,0.9279214435242721,-2.2683922158649366,-0.03207688494060082,-0.008822886291023036,-0.03874019637636371,2.450853246529725,0.0510643974337903
1.5745770931243896,-0.46908220414533264,0.9022689862959679,-2.421649783911933,-0.0320557071133613,-0.011856257173474655,-0.035917830122588396,2.6265024488467756,0.049580537647511344
1.5765800476074219,0.23153044700701841,1.593534692006985,-2.113085612169195,-0.049394430015225047,0.0031580908281456056,-0.030529654566538382,2.65670660157977,0.05815361607122931
1.578550100326538,0.10991316122133293,1.5741924186646428,-2.0446538547359023,-0.04219822402860005,-0.006802884272104148,-0.038888672386986144,2.5827837810543275,0.0577866609660906
1.580571174621582,0.15239363889598484,1.4714729109896396,-2.257296515011261,-0.04426376533156298,-0.0062540919443500095,-0.039823392128533516,2.6988597417491462,0.05986899989142132
1.5825600624084473,0.186181149786165,1.250375764973129,-2.111583747385866,-0.03616068902229506,-0.0002634350124691214,-0.03907177596210011,2.46107474417011,0.05323784842952868
1.5845952033996582,0.35295594655504237,1.176388759294663,-2.645012609416839,-0.04096345827411649,0.0006055869866046823,-0.038504224598771813,2.9162578962049084,0.056222299502299726
1.5865521430969238,0.35815798957078004,1.2392580991416944,-2.5523687185248605,-0.04415519366682622,0.011217054501045383,-0.03159794096620924,2.859829340552668,0.05544306370267066
1.5885951519012451,0.7423696811162016,1.2424526928437425,-2.470504949816214,-0.041397630702676394,0.018797277870384436,-0.03633834492274388,2.8632492284922826,0.05820289335467718
1.590620994567871,0.5385782545143292,1.0437326816595545,-2.5500803475263285,-0.03593767512312374,0.005711407682374059,-0.03792228011712384,2.8075530673239193,0.052556978606566364
1.5926179885864258,-0.025501836389936583,1.1557217163145408,-2.6141961015652297,-0.044921657521750806,-0.006492855510538945,-0.039961098309233424,2.858384908765636,0.06047314995320176
1.5945651531219482,-0.003542719223487388,1.0385720550748345,-2.243443247627936,-0.02923873904004358,-0.006070856882757608,-0.03437962386904879,2.4721816417426212,0.045538090663970125
1.5965690612792969,-0.2998275912943211,1.0793939733022828,-2.2658846979115808,-0.027080259740957412,-0.012596162470678147,-0.03243055443001409,2.5276909222316912,0.04408791940275188
1.5985641479492188,0.571359128988477,1.0422093763077804,-2.4433318368236105,-0.03752878873415736,0.005768436124138553,-0.03560471965436122,2.7170797012929455,0.052051713716619735
1.600574016571045,0.5121257108309485,1.0503883040312332,-2.329572567660487,-0.037020388781479105,0.012401834003562658,-0.030454451026858325,2.6062418692316314,0.04951553553715338
1.6025722026824951,0.07719633705859935,1.3747070768048246,-1.996453689960841,-0.039655970038691264,-0.004297267835274337,-0.03625615150456401,2.4252022921048852,0.053903348620281115
1.6045811176300049,-0.25845585532661774,1.062148614928783,-2.2755904390621335,-0.03581859089500622,-0.015564657868831286,-0.041208330641110194,2.524533809577273,0.056774611777665684
1.606564998626709,0.5150232941854114,1.174883023177984,-2.3116185646294283,-0.0354056132085065,0.008767173567386715,-0.029429786707747596,2.6437056379341577,0.04686718601211909
1.6085700988769531,0.7427861553067499,1.4342906364882064,-2.1708116723829884,-0.043941544409885305,0.00870195105552644,-0.040047820272220855,2.7057982591810785,0.060086697245353766
1.610565185546875,0.4259332241724888,0.8989230117289119,-2.3780532573489492,-0.03527798251484045,0.0074001813993291475,-0.04072548895290728,2.5777158468802757,0.054386249967374456
1.612572193145752,0.09105428868613868,1.175959535342433,-2.225228146869741,-0.03541903067154051,0.0021943051694726864,-0.03716521347615234,2.518493997982181,0.051386533271045615
1.614678144454956,0.3971714342648075,1.1628782281840953,-2.2632006759395282,-0.04572732361819238,0.007926515821600106,-0.04294441958509051,2.5752879880420525,0.06323006367111515
1.616657018661499,-0.1842735640575629,0.9030606018814242,-2.5883581274098604,-0.030342396416821824,-0.016454114119160833,-0.04037606452264123,2.74755764139892,0.05311897474630339
1.6186010837554932,0.09188134460934717,1.3318685817981906,-2.0706047728208192,-0.03619599284675373,-0.0008042659032847952,-0.03521095710624264,2.46368021989395,0.05050354682735751
1.620596170425415,0.3245718565440019,1.170215964366213,-2.2969946927326546,-0.0413382805085587,0.0010145221935190431,-0.039828232665828044,2.5982565138492286,0.057412287952743696
1.6225721836090088,0.014329572840899675,1.3492942769423268,-2.095828615662338,-0.04484738478721391,-0.012794569692500314,-0.039789037020237394,2.492648785664806,0.06130380414677783
1.6245741844177246,0.40601696360818507,1.3482165399006532,-2.0707513045144883,-0.04631505340857857,0.0021571501850026703,-0.03005733470287556,2.5041063432585595,0.05525559554109276
1.6265602111816406,0.15094846362183764,0.9792011719927224,-2.199456308683594,-0.03229555633606834,-0.009017904330702101,-0.025564577640562275,2.4123076975605278,0.042164833540691185
1.6285641193389893,-0.21501534834059852,1.017201510314829,-2.3239907901891264,-0.02926178978517699,-0.01380696610284788,-0.04002537709583431,2.5459504522854877,0.05146761570211715
1.6305620670318604,0.2084092938063648,0.9273113174598524,-2.289927475341424,-0.03508760733344486,-0.0034607496539138245,-0.03584071085445369,2.479336313523751,0.05027597369624613
1.632559061050415,-0.256918621389198,1.3366755833038284,-2.2622548852730757,-0.03782231672065529,-0.015727031685581955,-0.03864404306476441,2.640171577560643,0.056313668253348804
1.6345582008361816,-0.3360786878380677,1.1640264674336258,-2.0655309046888983,-0.04272563636164426,-0.010911606905615993,-0.031204110739924667,2.3946449464440236,0.05402073393466278
1.6365830898284912,-0.2758526953500383,1.1279348476119642,-2.2351776235701326,-0.03142183023425119,-0.016109702318407502,-0.03579693656945308,2.518799463811665,0.05028195095474373
1.6385722160339355,0.12814375725310526,1.0765155738619128,-2.3287380839912992,-0.03410930881482536,-0.0017658204535598567,-0.037206649051550904,2.568721017767724,0.050506413487245425
1.6405670642852783,-0.4322337501357713,0.9513258269714037,-1.8832845059912158,-0.028822252593561734,-0.014577775435966792,-0.040626937707164225,2.153742643475732,0.05190165554864657
1.6425671577453613,-0.29567942097035604,0.823615322250921,-2.092933974717182,-0.02616790037389691,-0.009493911246307189,-0.046897187262170445,2.2685107761607206,0.054536588945716384
1.6445591449737549,0.351546120860569,1.325741763173096,-2.3505689324002312,-0.042833892752818556,0.00553719919400889,-0.031069382589418496,2.7214610421019416,0.05320441220201343
1.6465651988983154,0.30005203001696495,0.8658143779779501,-2.2098380645163873,-0.026107306769208107,0.0003055383360027169,-0.04504461802939162,2.392289704282527,0.05206440659250905
1.6485590934753418,0.2318508852007361,1.4067420785573497,-2.237814540720384,-0.0451649689667586,-0.0001882718463540918,-0.045500138640878776,2.6533925505306977,0.06411062692249692
1.6505591869354248,-0.24400395498638466,1.1316633324392142,-2.078760756865667,-0.03998700788536469,-0.01907756501357649,-0.031072068793273774,2.3793793544370234,0.054114579787386256
1.6525731086730957,0.656735094317323,1.1472157027485808,-2.013007588740433,-0.0326101862064881,0.015656167507733944,-0.033797857260895896,2.4082367834304574,0.0495059085451418
1.654561996459961,0.09302760251679222,1.0762245488120208,-2.139035340113085,-0.03272939797787799,-0.012609561956372476,-0.039311610767741687,2.3963275236386954,0.052684127456762
1.656569004058838,-0.07169923378610696,1.1981075950503792,-2.099296950969028,-0.032077304640897066,-0.011527082781895907,-0.036991137771221594,2.4181915304191217,0.05030080898052331
1.6585590839385986,0.222045637358798,1.293244194475113,-2.06282792768343,-0.04332318105058047,0.005747675352579522,-0.03855964697084539,2.444799351857811,0.05828190253257225
1.6605710983276367,-0.2639043778449995,1.3134178869780795,-1.915329744899296,-0.04247870368499536,-0.01089808152890116,-0.0413677198676822,2.3373489466007684,0.060286787066647064
1.6626081466674805,0.47364044827562635,1.0940466693122237,-2.3924179890554726,-0.031667413999198396,0.00847142856442622,-0.031162061874310133,2.6730015382023513,0.04522902067895276
1.664647102355957,0.5773667443256183,1.258116431121098,-2.0930364135230377,-0.03387091802528396,0.011929119578364367,-0.03481338018840602,2.5093845341125847,0.05001514192654983
1.6666171550750732,-0.062129371770475936,0.8566798784631069,-2.075133990776979,-0.029299593203117612,-0.001585661287510907,-0.02888308664931377,2.245872114052389,0.04117296659191142
1.6686201095581055,0.5100572079230622,1.1323983651951648,-2.1185582406318293,-0.033510176619081865,0.006697365593849523,-0.03682266923960521,2.455763309400966,0.05023639729189493
1.6705679893493652,0.09103825427429929,0.6485365240273983,-2.380696161555985,-0.025029651937614743,-0.006851754538753546,-0.04213774499372337,2.4691297658054046,0.04948756984873606
1.6725680828094482,-0.11773983519248095,0.9719504850312862,-2.1931129941827683,-0.023914785769051414,-0.007783932956076667,-0.03992067073834853,2.4017275073157265,0.04718226936937177
1.6745622158050537,0.10583662316456796,1.2509422838839797,-2.077025827377111,-0.04468601002843514,-0.013554969983297083,-0.028971932974995677,2.426951642699813,0.05495406812800243
1.676570177078247,-0.23106250618829977,1.1047807166179875,-2.1803434990587967,-0.03504302153078848,-0.011229951816809415,-0.03962692587491249,2.4551635561536282,0.05407789224915275
1.6785650253295898,0.4531599221405386,1.250797123635022,-1.9588461778306507,-0.03612271852247698,0.0026976802939730708,-0.03728901148324844,2.367894783965245,0.0519865237327947
1.680556058883667,0.103031263344399,1.1383612321937049,-2.181714035399398,-0.03741288691932434,-0.003118596300744952,-0.03663138978337706,2.4629977402439165,0.05245291667759641
1.6825580596923828,-0.1468574128989634,0.8300084106955534,-2.133273723182,-0.029586806065116225,-0.009428678570810905,-0.03232880377155207,2.2937606325786324,0.04482667315367031
1.6845571994781494,0.532130572047158,1.1447237344820251,-2.05169633418701,-0.028188015578986283,0.004254037539108438,-0.03566132948974892,2.408944420635338,0.0456551363883819
1.6865570545196533,0.3767256598497301,1.4726188224030092,-2.3398000799041547,-0.04500898783350601,0.0038084379804232318,-0.03711452662015947,2.7901958412993753,0.05846196431771642
1.6885712146759033,0.04353909541678256,1.0447942746622945,-2.2268915255084702,-0.036548694637327565,-0.004525028305556138,-0.031880186418672234,2.4601903575898887,0.048709642237938826
1.690627098083496,0.08600920640168568,1.1971331029844376,-2.178538563190988,-0.033671454964157195,-0.010860960761301665,-0.04070749287274033,2.487278738130741,0.05393354544294307
1.6926171779632568,-0.4721220671583138,1.1501438544019835,-2.4733066003206994,-0.03742667674048989,-0.018536942254977824,-0.03636216951366943,2.76820802529478,0.05537672554189477
1.6945650577545166,0.12248638496865506,1.3052024976973156,-2.007430060809581,-0.039465912997676426,0.0022201856525840584,-0.034897866911238286,2.397567918441511,0.05272901125591684
1.6965570449829102,0.15757248172099625,1.1960093815151536,-2.132167950286,-0.03156415422933809,0.005680959152627525,-0.03929189396767694,2.4497770706525066,0.050719050273782054
1.6985549926757812,0.06664156647547997,0.9424690668442953,-2.2236172156097256,-0.025600820020701263,0.005609746404028682,-0.04162970650993896,2.4160220532719916,0.04919251675360294
1.7005650997161865,0.09424548118673759,1.1907239100099218,-2.0552494581889342,-0.033359461813067925,0.0010684988060500012,-0.033649915974440704,2.377131880224432,0.04739527642332078
1.7025790214538574,0.1363823278367153,1.2647068514988162,-2.0456774398004702,-0.041341383876576376,-0.0032602851139406307,-0.04194668590133854,2.408916716551823,0.05898528577501499
1.704564094543457,0.4396611722924298,1.5795111549830163,-2.2314276828375075,-0.0557567106263904,0.005157358688392137,-0.04010807119803103,2.7690119065960883,0.06887718420305883
1.7065691947937012,0.3041083934910207,1.42191187590239,-2.0340494164546836,-0.03998052499030694,0.006103689878505276,-0.037524561548829286,2.5003344429103045,0.05517055490082914
1.7086570262908936,-0.19909833806342617,1.1780432184675251,-2.296988739467725,-0.03696111655183029,-0.01224114831387077,-0.026233959378062065,2.5891278921749836,0.046948806943840175
1.710597038269043,-0.2973278236527244,1.0635889121711548,-2.0596367238827753,-0.03536890739867661,-0.00885042085607293,-0.03712004902955438,2.337034155329797,0.0520306409710883
1.7125730514526367,-0.03642162085321608,1.048745422656505,-2.0146644414987684,-0.02404620532196249,-0.007029119435558735,-0.0404679788859045,2.2715779334744584,0.04759501891516946
1.7146580219268799,-0.19431411160681886,1.418450635689093,-2.1585653767897908,-0.040917990015178485,-0.009156830904962523,-0.04452246065085344,2.5902055257704917,0.06115863766886176
1.7166130542755127,-0.056592624296804644,1.2607276312224545,-2.052974343398334,-0.04066751045923993,-0.007580826798444791,-0.03825022594771118,2.4098424305137467,0.056341770711891594
1.7186322212219238,-0.23006488679893092,1.256085740772489,-1.8911103260236612,-0.04458138144083178,0.0021441912988286183,-0.03845512326443783,2.281880694844298,0.058914290565040495
1.7205810546875,-0.11474172644301782,1.5452510406204658,-1.7970967314050863,-0.040027486200677226,-0.0014460660958918944,-0.040298565348455814,2.372872332080384,0.056817824032981565
1.7225651741027832,0.13747847066181,1.2652930262232522,-2.301995683162888,-0.040574071703998627,-0.005102200334188925,-0.0360033742251103,2.6304088840720707,0.05448422430836982
1.7245709896087646,-0.00931313957575632,1.413223853930026,-2.352276578608101,-0.04449719555260242,-0.00938664615148732,-0.045093059143748004,2.7441744656916085,0.06404290375179227
1.7265651226043701,0.0811479940113983,1.0984989831875391,-2.2797540463096704,-0.023401222190510253,-0.007426217366753716,-0.03918642663082741,2.531909067218143,0.046242209467986316
1.7285552024841309,-0.5108240610592607,1.6022165412450398,-2.158479559797033,-0.04943631233508657,-0.019701401654228387,-0.04062897668000769,2.7362516471366236,0.0669537747292718
1.7305622100830078,-0.30921385114434186,1.6120254527148172,-2.411125630088805,-0.04674275538251977,-0.01672893326405883,-0.038124092308645205,2.916807513363037,0.06259543755947007
1.7325630187988281,0.1303053526853159,1.2245334935359675,-2.441695831775182,-0.039453048614522805,-0.005330519361519731,-0.034645171472040555,2.7346554255770767,0.05277542409086382
1.7345662117004395,0.27241209946197215,1.3080309456239727,-2.512320930886575,-0.04301091347232688,-0.0013625302871576885,-0.04507077708109614,2.8455069436594265,0.062315087364147
1.7365682125091553,-0.13390425838686765,1.2999937446777108,-2.4918290202573252,-0.04536613090174534,-0.008576869277079641,-0.045706712365299065,2.8137387854617733,0.06496731543502925
1.7385601997375488,0.07421980042749265,1.3108201112266666,-2.143608830300181,-0.03663400635707217,-0.013928158636323053,-0.04629160032852418,2.5137256732015723,0.06065440038236636
1.7405710220336914,0.15575158490157615,1.446154058292372,-2.2395851728110663,-0.050430502518663455,-0.011769876885055645,-0.03243820582040604,2.670460983199347,0.06110648724171037
1.742563009262085,0.36869302827368033,1.1592869494781102,-2.2419013449723626,-0.032208238650509514,0.008855457419773323,-0.040264502496826594,2.5506866567488777,0.052316535860075335
1.7445712089538574,-0.044841099468367174,0.9152095973612538,-2.0582907624715565,-0.03186176915666126,-0.0024840630098040845,-0.0335917416645992,2.253037992173994,0.04636537512940252
1.7465591430664062,-0.4477166257872509,1.376807673569853,-2.141888127311577,-0.043336690713029986,-0.020074523628966313,-0.037820621879468816,2.5852919171585724,0.06092170959712557
1.748575210571289,0.14731146984177404,1.3479808826600725,-2.217949817492597,-0.04265558127153437,0.0018260443817200754,-0.041424896913595854,2.599625842708796,0.05948827729896478
1.7505621910095215,0.06279168736480845,1.5019024938615582,-2.0379215484582303,-0.04665947603967817,-0.003426307016594933,-0.035715592141987516,2.5323463694250195,0.058859577012768866
1.752568006515503,0.08954971374866291,1.0350948126891846,-2.1240190559460244,-0.03418634285241273,-0.010560316207356781,-0.042849379721555246,2.3645078499574423,0.05582379115165956
1.7545580863952637,-0.6763627288123292,1.1224355874204697,-2.4089894315688283,-0.032365157622087457,-0.018873100486324564,-0.030681282170215703,2.7423636283769337,0.048425596800430515
1.7565701007843018,-0.15322741950022878,1.4763511719928761,-2.662098668878424,-0.048953108956654126,-0.008400363559097977,-0.040956493004879926,3.047927287186444,0.06437707125759799
1.758558988571167,0.29085988162740917,1.1228307368978283,-2.5055638892141574,-0.036118360458786115,-0.00011332228922549721,-0.04043633427989556,2.7610140777252123,0.054218501769852476
1.760565996170044,0.19163708712946234,1.2124642401477927,-2.2149903162712765,-0.042930329439969196,-0.0018487689265444852,-0.03802304731588655,2.5323855172497254,0.057377550135520684
1.7625751495361328,-0.1541407965622281,1.5887178837126374,-2.07543552966061,-0.04433972748485583,-0.0249009089650552,-0.037176328121008295,2.61824684416325,0.06299322243922847
1.764660120010376,0.08565635808571462,1.105280975223467,-2.267363157582101,-0.03456813143155814,-0.012819640414413995,-0.037914239424068436,2.5238697934386636,0.052884671145143176
1.766606092453003,0.1271135243624615,1.4239311228783789,-2.2162351594677907,-0.041016364183237286,-0.0033235608653967926,-0.044781882107005386,2.637316054787281,0.06081780292548948
1.7686121463775635,0.6897426681890046,1.076767833041578,-2.3100425873917905,-0.046421203036150854,0.01041776854967474,-0.03202803449964015,2.640354269820113,0.05735200943984677
1.770583152770996,0.7655459566047942,1.275230629998215,-2.1406506379369103,-0.04061977875441107,0.013876394857505999,-0.030752782592075496,2.6066566565352054,0.05280392407249849
1.7725701332092285,-0.028018056740736166,1.0440880244377722,-2.130109001055774,-0.03185594742613097,-0.009739253451830063,-0.03415774745361733,2.372397346705801,0.04771169830681471
1.7745652198791504,-0.16062724473949838,0.9057382441287113,-2.0306942669641,-0.028430144773801964,-0.00787448271670519,-0.03433736796574106,2.2293232346411385,0.04526958635474515
1.7765660285949707,-0.2730845330839669,0.9052753732119972,-1.8173406883446337,-0.029228379314533627,-0.018331470800597154,-0.03203132477554868,2.048615591336441,0.04707809199557775
1.7785601615905762,-0.2664642459989445,0.8307223527394714,-2.059928994502553,-0.030065720730936694,-0.014211310723005039,-0.04213755069111106,2.2370539296425305,0.053679438277448734
1.78056001663208,-0.31778542893334716,1.0871429002926667,-2.407570002665705,-0.036362475057826374,-0.01998721334416146,-0.031539872365400665,2.6606879903955005,0.05211987949354675
1.7825610637664795,-0.09668360674414482,1.0969328602240878,-2.2554730194741146,-0.03236404048782497,-0.009314165190548146,-0.0330090815223624,2.5099338559468323,0.0471570170053658
1.784553050994873,0.4239633866059427,1.4479171562601458,-2.373359370424232,-0.04848976327824462,-0.0069479402698544536,-0.036660494118204795,2.812302214513112,0.0611843349703549
1.7865571975708008,0.2819758991940591,1.2107693802970518,-2.4670900873658392,-0.036665180973165096,-0.0017311887983519634,-0.038537831986901014,2.762608622148637,0.05322120822286072
1.7885761260986328,-0.14190516598964753,1.1648838385281142,-1.7381799452408555,-0.037669187883388855,-0.0074840769985385905,-0.044865521444700705,2.097226968030892,0.059058396006148046
1.790621042251587,0.01144864659291358,1.0958557601317498,-2.2326612175016662,-0.034319158056641326,-0.002127447906514299,-0.03270660315230787,2.4871282698443133,0.04745579557940438
1.7926180362701416,0.17804336931442422,0.9320733522892017,-2.279105830450794,-0.03847215793479677,-0.003530622239918487,-0.03811104252790651,2.468761544134886,0.05426807341453031
1.794586181640625,0.5668519361623925,0.8666600864857685,-2.3711035012959454,-0.03716245373064637,0.005495145775091084,-0.03759730224072086,2.587383357157664,0.05314886386511049
1.7965631484985352,0.40633982803555285,1.4655775857090032,-2.4067546439865164,-0.04731819620148541,-0.0007366262897626027,-0.027205329228386154,2.847015565804173,0.054586484119037375
1.7985610961914062,-0.22488692800426635,1.0175558216988998,-2.4775541979235016,-0.035641403250890415,-0.010320852236222512,-0.03579226517666688,2.687799989640019,0.051554979032595497
1.8005661964416504,-0.2712642314743997,1.1136372974543114,-2.0687612652351746,-0.035180173121560625,-0.01877600521345879,-0.04241581179607041,2.3650677550751436,0.058217557858076405
1.8025619983673096,0.18447255144500735,1.0479926730279627,-2.0524856931530766,-0.03828716514929111,0.0010163449540755878,-0.025748452137225916,2.3119291264126134,0.04615108622446259
1.8045611381530762,-0.4948143240765029,1.0666995772148553,-1.8489190450236113,-0.03358704461521503,-0.023275469027638003,-0.03597479524023509,2.191161983604284,0.05444284082427939
1.8065671920776367,0.19836463209239633,0.9934740176845397,-1.9512562056113332,-0.028341321687909784,-0.0008383784127146528,-0.03465886822508553,2.1985767967064853,0.04477913063051062
1.808582067489624,-0.43937983495172833,1.5159160540354182,-2.1213216126585266,-0.04500858351173093,-0.02708207598974136,-0.035169972066579076,2.644061554990105,0.06321501692486158
1.8105552196502686,0.20001416085349347,1.1417910434062746,-1.9314806358711936,-0.0378911476476915,-0.0006022131923006109,-0.03152920269609016,2.252622893004976,0.049296981179776884
1.8125650882720947,0.023639385449911347,1.198174808370922,-2.154326911879759,-0.04117394993010751,-0.004718966087081048,-0.032549596900306954,2.4652192874485883,0.052697619036826446
1.8146271705627441,0.13023544705034262,0.9188238831523724,-2.25701135926417,-0.0383864857947521,-0.01131177610435333,-0.03646533902198885,2.4403481054487086,0.054140553380015485
1.8166530132293701,0.21627741385479976,1.1211320466054566,-2.1782713576439514,-0.03269906026348993,-0.002544250506783763,-0.03722672651786387,2.4593859179074524,0.04961381783326541
1.8185842037200928,-0.4452726662275651,0.6973690598238755,-1.7622635985472122,-0.025192421404591523,-0.017161143946347376,-0.03789185110454009,1.9468344417678691,0.0486308064697925
1.820587158203125,-0.05786925532901297,1.029028535904519,-2.04975746626586,-0.04087975645040545,-0.011752029310443205,-0.03216386495000173,2.294287307407416,0.05332709338488206
1.8225460052490234,-0.022894596008780712,1.2947467821540415,-2.0868646288247485,-0.04525522003726524,-0.009584656862254114,-0.037180926623815294,2.455992135871877,0.05934915241512709
1.8245341777801514,0.5357712291642,0.9939411361160877,-1.8679748222514232,-0.03190801761674022,0.011151446689643843,-0.034069928295602465,2.182727589194101,0.04799204481546568
1.8265380859375,-0.140848404059924,0.916564589101713,-2.0294811832853528,-0.033297389926853445,-0.017835489552225074,-0.030334037722167213,2.2313051768484597,0.0484455850211174
1.8285391330718994,-0.04735342115689445,1.3386344283795666,-2.050412259213499,-0.03723717774270054,-0.009314346882345795,-0.04088745163845053,2.449158000634372,0.05608162056835348
1.83054518699646,-0.23713475233171702,1.194338999684068,-2.1524763165973257,-0.041863742954686395,-0.01422649703141565,-0.025132051175791134,2.4730209927216866,0.050858491800912835
1.8325409889221191,0.14446082467084995,1.0006262922678213,-2.1748849288107115,-0.03163021251290031,0.00043286856842927245,-0.03414523721652759,2.3983841144008196,0.046546266696500055
1.8345401287078857,0.5746536500172171,1.259353132774008,-2.01516453345267,-0.04540666438729453,0.005262674768537156,-0.035680284676953763,2.4448078099088555,0.05798744373679754
1.836543083190918,0.13870647733869343,0.68700320146783,-2.1230647251638635,-0.02017100247248165,-0.0038758748212038845,-0.037939722919735915,2.235758643708633,0.04314295216603562
1.8385341167449951,-0.2356686671909837,0.6996799516678188,-2.2136918571869852,-0.025518776593024397,-0.01817927363744205,-0.04195494470932955,2.3335645253640234,0.052363263213369204
1.8405401706695557,0.7804869495398733,1.0551298166810201,-2.0162238309150124,-0.03361598971532827,0.013359882547137414,-0.028307771840259163,2.4057467333036096,0.045933116297226476
1.8425371646881104,-0.07484241207387171,1.3127152739497845,-2.3188366809992655,-0.0405271839297857,-0.009063137921440784,-0.036588519174363995,2.6656755860857833,0.055347202654104755
1.8445351123809814,0.2691974228863065,1.3714834988692843,-2.1833100840099573,-0.04411633580576613,-0.00017891011308771699,-0.03053801946915242,2.5923497378052467,0.05365495062763566
1.8465261459350586,0.09289888972773885,1.3009389038423103,-2.2338140925902352,-0.04754947613651521,-0.003049595305581684,-0.03726262387937671,2.5866962781698617,0.060487650398744625
1.8485310077667236,0.1627173972813456,1.286897846460925,-2.410589663692936,-0.04092348313340877,-0.0029826891861624173,-0.03740450714279948,2.737430464013105,0.055522293370747745
1.8505430221557617,-0.1750350481807583,1.0474159982656723,-2.136574716152321,-0.034018051053676286,-0.00478792925525993,-0.03987025951704274,2.385931486697782,0.052628791150854275
1.8525431156158447,0.252018668123064,1.331714557549928,-1.9887023405937512,-0.03296694497633643,0.012877291263100273,-0.03149667655171015,2.406639580692545,0.04737810385769528
1.8545420169830322,0.5279457186368905,0.8876055661267593,-2.1723888907618583,-0.035066271690675645,0.0028666188714621867,-0.03560570469753621,2.4053781024096326,0.05005623958156121
1.856532096862793,0.34321603932611244,1.262499282992727,-2.178351934059771,-0.03972059325991542,0.008318078946396886,-0.034143612877293,2.541046799614245,0.053034915542429006
1.8585500717163086,0.21806192476191033,1.1401758868730036,-2.2541424692466823,-0.03886936285025681,0.00865263211755639,-0.03199643097883481,2.535490155314952,0.05108294242044043
1.860563039779663,0.2744580961550636,1.1956485199109141,-2.1501296121207663,-0.03454695066232936,-0.0060670786522882955,-0.04469834563981348,2.4754716679107474,0.056817632354531494
1.8626151084899902,0.5639987525912515,0.9784133603523678,-1.8815255674841793,-0.03136880939910996,0.008142957243628544,-0.03361224510577743,2.194430622675769,0.046691465781661966
1.8646240234375,0.21341146209185977,1.0816199499520625,-2.131546216603803,-0.030918142052653974,0.0008494936208062024,-0.031530991171705144,2.3997782067942186,0.044168501804680085
1.8666090965270996,-0.1655333483380877,0.975763581682619,-1.9358508145325688,-0.0315189377288765,-0.004642936326020814,-0.04136378134835756,2.1741743795925204,0.05221075273082175
1.8685932159423828,0.3552134840919943,1.2877186090126316,-2.404809033786882,-0.03997559605194372,-0.0009300731138334893,-0.03585650515660163,2.7509093631490655,0.053708493534548644
1.8705830574035645,-0.26024296957956866,1.0190852139376783,-2.056913157478018,-0.028109138755580753,-0.01502517518789169,-0.032982247161675596,2.310227870554804,0.04586619887064096
1.8725731372833252,0.2339423371775136,1.3540995626016266,-2.3678368940174073,-0.044417648943146475,-0.013104480329035821,-0.03441371608681389,2.737693591188027,0.05769712988732214
1.8745670318603516,0.5758933203533181,1.5747147608702239,-2.119726822805759,-0.04966542625731063,0.010650430152322324,-0.03569244674050109,2.702706328451601,0.06208089063531034
1.876568078994751,0.3417713474001765,1.2232301335038476,-2.049559674869198,-0.034374073092130655,0.005396692110792888,-0.034086570857057366,2.411181136759639,0.048709295821999184
1.8785560131072998,-0.27356146319378516,0.8156372864318886,-2.1586788136312847,-0.029210216414501833,-0.00867545292353095,-0.03828789270431063,2.323788776456085,0.04893324998553884
1.8805692195892334,0.4265776647289701,1.1295504979731423,-1.79117898422736,-0.03640732541827076,0.008471874804498555,-0.04854142953328406,2.1601330942918198,0.061266111252059594
1.8825690746307373,0.5604133285441012,0.7045881604905573,-1.906963125501784,-0.023874137874600455,0.015552615828859128,-0.03515425387282915,2.1087949015342575,0.04525129703921021
1.884573221206665,0.03407662831169657,1.044109142895778,-2.1886812541437894,-0.03905898870306656,-0.0019625718275894538,-0.04202230958709527,2.42521148585357,0.057404971820552333
1.8865621089935303,0.3992710119300121,0.9925332914130466,-1.8513614151163424,-0.03392388035972166,0.006034537490009989,-0.03837425117113195,2.1382419799714945,0.051573524742101605
1.8885672092437744,0.18399011383332883,0.7619057939195681,-2.0137936824230005,-0.016415639686162255,-0.005698348923920061,-0.044522260391175204,2.160952983330132,0.047793054695261475
1.8906240463256836,0.059776208790479624,0.7173636043394837,-2.3555087895962585,-0.02393094731339662,0.0008611121345274838,-0.028614021361372685,2.4630479885364656,0.0373121156180387
1.8926200866699219,0.04102376487457152,1.4546667918407756,-2.005147630560475,-0.04028949078770726,-0.005791420389717182,-0.04204143661966783,2.4775704722391056,0.05851722832729458
1.8945701122283936,-0.10226114032740072,1.3093201779469945,-2.1507350914684813,-0.03681545440871737,-0.016606865628890063,-0.03580894623520912,2.5200075600827367,0.05397634944873963
1.8965811729431152,-0.0665542455141845,1.0134461148362408,-2.1376097970781127,-0.022542687519633085,-0.010937630933162617,-0.036147387688929285,2.3666174468715817,0.04398224832556487
1.8985750675201416,-0.0185882155438947,1.0337971886753903,-2.192045096725416,-0.03813916387990832,-0.004854896149888328,-0.04275998913294636,2.4236633130755156,0.05750289130760639
1.900562047958374,0.2851027077533557,0.8216633849824644,-2.175272206263793,-0.026757246481989374,-0.005785598642492498,-0.03364986702753071,2.3426957641855433,0.043378991942188354
1.9025421142578125,-0.1999812053208106,1.2361622054959964,-2.121709453177952,-0.03835800398307988,-0.009583716134708254,-0.03293124511372132,2.4636843313385293,0.05145533003738907
1.9045650959014893,0.5339676843507214,1.0868234540935202,-1.854129753503754,-0.039034701761513246,0.00431622885698353,-0.038831127749665885,2.2145211335922115,0.05522856376429695
1.9065639972686768,0.41212763640310207,0.8809617123356352,-2.179139558824501,-0.026457291745105287,0.001345590898544194,-0.03510027453311663,2.3863344158190367,0.04397531322972034
1.9085710048675537,0.19179343720187272,1.0338070235825034,-2.1424404792595464,-0.03261764572019184,-0.008824063856956334,-0.03590318902454016,2.3865441315282854,0.049303284854170244
1.9105610847473145,-0.13065534694974515,0.8578530218550736,-2.151944345993927,-0.028507552384671325,-0.01081661964045788,-0.035546398486855126,2.3203118529731452,0.046831893500022134
1.912567138671875,0.6187351897462737,1.0916812810976226,-2.2138381475833997,-0.03472963658896446,0.004984557680844987,-0.02906026221009746,2.544735860207264,0.045557571407997904
1.9146552085876465,-0.3659464571933402,1.0562287602992992,-1.953891404801315,-0.028233405763703753,-0.022363745479934277,-0.03443043914503843,2.251050338258167,0.04982687480295564
1.9166641235351562,0.2329030809580905,0.6448878583534853,-1.8497790647186316,-0.01925763719610265,0.0005335382725364091,-0.028029113984527475,1.972766276892134,0.03401135816492207
1.9186241626739502,0.34257324114548665,0.9320858649373811,-2.0541056265036244,-0.03333582170183983,-0.0036507547892406862,-0.026635359357361516,2.281554384624403,0.04282577946942478
1.9206111431121826,-0.1201302607965679,0.8830762969327806,-2.130767385425194,-0.025734731462951,-0.00870282082988503,-0.033221275469864406,2.309637347410905,0.04291466692998904
1.9225800037384033,0.48557042505269943,0.9077336278727506,-2.2067000679108757,-0.02765415635637204,0.0023862277506700017,-0.039167910435172815,2.435012149163685,0.04800595436524993
1.9245760440826416,0.18951360336192208,1.3740548550452938,-1.9208205427598135,-0.03703521728108161,0.003536819647151321,-0.0397465015079729,2.3692812640167626,0.05444171924541595
1.9265761375427246,-0.27344532698875373,1.0582442147081565,-1.8720233599205893,-0.03669948887488091,-0.012106488760149149,-0.035716849681255255,2.16774643925521,0.05262236126334991
1.9285790920257568,0.6724381285635088,1.2503109949670086,-1.8056617038877831,-0.042968974520484884,0.011903521280845434,-0.03847405049021467,2.2969250770907435,0.05889209752886381
1.9305651187896729,0.0752575865063056,1.3404691792376777,-1.731260839750963,-0.04094836353490464,-0.0026305921551768563,-0.04564603451362241,2.1908412585278962,0.061377919141108024
1.9325730800628662,0.5293033469732129,0.9674965328253963,-2.0723944745286014,-0.03314208420959625,0.0031558827021007335,-0.028563416934407178,2.347558398038883,0.04386600196455299
1.9345760345458984,-0.03897873434533358,1.0079926767974539,-1.889896730537228,-0.03324018460717481,-0.007547271740619006,-0.027784510119654833,2.1422600753185326,0.04397556351014742
1.9365742206573486,0.40130890701589006,1.1740078544005321,-2.1513024805393433,-0.03704361869169384,-0.003324706595183023,-0.03877475583684209,2.483434243908858,0.05372862412091327
1.93855619430542,-0.0848074989091793,1.2894065681537679,-1.6915428484115165,-0.03966709880845495,-0.012938640446200314,-0.030871205059275087,2.1286330867205496,0.05190297145913315
1.940566062927246,0.30017266730664455,0.7493641437911746,-1.8824036072033645,-0.0169481527087966,0.0024436193369051142,-0.036081116612454264,2.048192762073459,0.03993817887317734
1.9425740242004395,0.23128315832299312,0.851378499832924,-2.049053617512389,-0.0283345913075152,0.0010796913242758477,-0.0296590150478819,2.2309096747161745,0.04103257208036218
1.944568157196045,0.23767453911342076,1.103679063517597,-2.017472551437735,-0.039352538245263705,-0.0039013551250274966,-0.04195492499441121,2.311880653838892,0.05765464915722922
1.9465680122375488,0.4030175353885839,1.4478920549843968,-1.818386964817373,-0.0490105557293676,-0.0025210799321361242,-0.033067395220982884,2.359098491062924,0.05917637234256886
1.9485690593719482,0.43103032809260894,1.265593394345607,-2.0326585557624037,-0.04715311684348339,0.0008870746870320739,-0.036217085697423775,2.4329436055652747,0.05946327123502463
1.9505691528320312,0.09121205782359998,1.0861894883064023,-2.0917256491060736,-0.034348810651268664,-0.002735094814594104,-0.037958906451027306,2.3586952823813347,0.05126597424958751
1.9525701999664307,0.3230551988072599,1.1196181267790215,-1.897122305895043,-0.030599075474795255,0.0015683097958199476,-0.02952631748255268,2.2264281831698702,0.042550751340115926
1.9545609951019287,-0.09185609250917917,1.1605386388267973,-2.1111165310954854,-0.029004154550360463,-0.011323452183722363,-0.020783347521746393,2.4108298326106814,0.03743539881913807
1.9565670490264893,-0.21900991409052262,0.8635747183433069,-1.8617453366902446,-0.034482312579622275,-0.01843481548535645,-0.035009431713286625,2.0639337041968018,0.05248364137238568
1.958569049835205,0.1818930343386847,1.328559076447688,-2.2810162100243008,-0.04244514293438747,-0.0019216456870009245,-0.03664957763604122,2.64597604787838,0.05611126822454795
1.960569143295288,-0.03475965688772467,1.1313291637027967,-2.1856097384877815,-0.044232779732056235,-0.006784066776820798,-0.03379677029588907,2.461301249210273,0.056078374149845484
1.9625661373138428,-0.2962137216529275,1.1499395977874247,-2.214962726869466,-0.03890069347138375,-0.012052511134358923,-0.026253310288966446,2.5131978690258356,0.048453723059504475
1.964623212814331,-0.2107729821164352,0.9308486899702623,-2.0622360786140526,-0.02151575078092349,-0.016839301833831602,-0.03820312569941929,2.2723824892713536,0.04696773819467278
1.9666039943695068,0.3372622203331729,0.9467964099606422,-1.893516275162122,-0.029645028986187663,0.006651606893176466,-0.03229749978266807,2.1437287914944507,0.04434185505890235
1.9686050415039062,0.253927134486591,1.2562670959769695,-1.9758055988690588,-0.040527616792117555,0.006359564384177432,-0.0366318591952702,2.355099524560544,0.05499840806884622
1.9705650806427002,-0.03647146007514783,1.105731520298378,-2.078757875829639,-0.03925661965237523,-0.007805249875197085,-0.03818193297952844,2.354826250215741,0.05531603852589879
1.9725720882415771,-0.0371431229277934,0.9992590691687591,-1.8775073578163355,-0.031613382886702825,-0.008741536612877264,-0.033301201110168197,2.1271887968751906,0.046741741893894115
1.974595069885254,0.28702779987405175,0.9874792412774077,-1.8517397134252631,-0.03383208286288995,0.0016573707256181064,-0.041827648121713745,2.118121851105507,0.05382293986728606
1.976579189300537,-0.09203893537696049,1.1388119572981759,-1.7716958762238628,-0.03596565454374848,-0.01596773861219551,-0.034566183873001644,2.108143761117649,0.05237669377394696
1.9785711765289307,0.12759643182784777,1.1133744789452888,-1.9389179352050578,-0.04237568604309427,0.0020913342682524275,-0.032397818837950454,2.239483498318694,0.053382498181530603
1.9805700778961182,-0.3365354350845894,1.5038480383134645,-1.9680027496612238,-0.05429024067864951,-0.02328300547547836,-0.03209802239159091,2.499569931824466,0.06722954423739548
1.9825661182403564,-0.08038072775621052,0.9160737520294525,-1.9826968555846602,-0.02970689216572345,-0.01702761975573969,-0.03798002753955144,2.185575210716217,0.05113630577776482
1.9845750331878662,0.24991819149362232,1.132130082144785,-1.937132304563746,-0.037281087360098435,0.0029216614884688278,-0.04016157501155803,2.257578169348971,0.054875929951240875
1.9865710735321045,0.3604461684714585,1.1482530742433146,-1.9639764987148218,-0.03490509123046088,0.0012967939191619166,-0.03785795115232876,2.303391032885886,0.05150991684838641
1.9885690212249756,-0.3869585688136424,0.9876412386582716,-2.1258617465157004,-0.03903454569119877,-0.010928666447873957,-0.04447828287597413,2.3758072976517965,0.06017847750851083
1.990605115890503,0.12992804776745162,1.0855998603965216,-1.78649456469132,-0.03332428100754477,-0.0036711170939313187,-0.04008952608990343,2.0945097717989376,0.05226045261476609
1.9926152229309082,0.13802112591065768,1.2770888254280621,-1.8728501213870097,-0.044814589895831515,-0.009058732993862605,-0.035639196051945946,2.2710291227569517,0.0579703407460634
1.994596004486084,0.14552276856641205,1.0862486347809408,-1.757286718183888,-0.03834587015054329,0.0012812735731591357,-0.03629865866203385,2.0710310433791643,0.052817043084921446
1.9965531826019287,0.16852949289703273,0.9126588430917957,-2.1002829159677736,-0.028916947586692814,0.005040938961706061,-0.03188210358199721,2.296200487970482,0.04333669867629957
1.9985640048980713,-0.2692818334233054,1.2435905054178131,-2.012111103187705,-0.03278883785283424,-0.01556788683373121,-0.03361226803193001,2.3806766144414473,0.04946970335930489
2.0006191730499268,-0.321245779486482,1.070640463980964,-2.263117563369328,-0.037305170929611706,-0.013518902683220126,-0.03437303150005992,2.5241178577043453,0.05249706470222915
2.00258207321167,0.17502901852646854,1.0260291150107441,-2.263656463612434,-0.03806321495145476,0.008674207270767514,-0.03661911861452391,2.491487805996734,0.05352578866603888
2.0045762062072754,0.300496315207641,1.109410487113222,-2.191906862651033,-0.04307384212103039,0.006253108174943322,-0.03894329924819468,2.47498391083798,0.05840409055237
2.006568193435669,0.5666466651953668,0.953522048714865,-2.181455798783753,-0.04209024349431272,0.006945444919487247,-0.031275033451555995,2.447251957320636,0.05289570417279755
2.0085790157318115,0.06295359067478792,0.9871350179504632,-1.845492106270371,-0.03448384631606502,-0.0063713487817415185,-0.030462553823972702,2.09385763903594,0.04645101643158117
2.0105690956115723,0.19847575138249804,0.9908879900839302,-2.1460017850786213,-0.0311292020731973,-0.00254217271636935,-0.03734624368937856,2.372040323084759,0.04868502625592649
2.012575149536133,0.5566950655874685,1.0412342336500973,-2.061972099518113,-0.03681723266568749,0.004710740149289266,-0.03723826523179113,2.376090710508645,0.05257744850586338
2.0146291255950928,0.4050149220983673,1.1791177921030949,-1.8868567121031574,-0.040433225324753415,0.0018049555469036,-0.03465729330218224,2.2615446285194465,0.05328444007139481
2.0166170597076416,-0.05813299371229984,0.8872971744097543,-2.2003211344615585,-0.033551198455369136,-0.018365244587619897,-0.03232289486723084,2.373202228094287,0.05007728685894159
2.018587112426758,0.2363351900444423,1.0497273970377963,-2.039418158690538,-0.03255784580337454,-0.00323009435153285,-0.03096325102169263,2.3058639066826547,0.045046306693318015
2.0205941200256348,0.014902613948784175,1.2855872804375448,-2.07024712295278,-0.040984417586797973,-0.011236926175611645,-0.035317990708171466,2.4369817179493927,0.055257139470548666
2.0225670337677,0.2985694261161626,1.0385796787172084,-2.1285397060165385,-0.031601624094957495,0.0023343625347240823,-0.038215919584801014,2.3871474046117567,0.04964441966217854
2.024578094482422,0.16718672610797258,1.2274659169074782,-2.173579097646116,-0.04264283101848915,0.0004019929977170441,-0.032091742199255376,2.501813356803485,0.05337089612349695
2.0265610218048096,0.2397375223848044,1.0683222267911976,-2.481032161515919,-0.02613226726040038,-0.004182099162542974,-0.030344489223262775,2.711882565003813,0.040263797284844444
2.0285751819610596,0.4412294195577963,1.356890532317075,-2.5044382401083936,-0.04139401954619057,-0.0010677907219013311,-0.03369012108716478,2.8823681610599734,0.05338191913076946
2.030569076538086,0.3853036387237772,1.3077695031430001,-1.9833295117902592,-0.048659895154244785,0.001846498227934978,-0.03718838740432449,2.4067230666827584,0.061271291073895146
2.032572031021118,0.37703344560155644,1.259326479050162,-1.9509219132978,-0.034116901290117595,0.003804538394727754,-0.03242331529725465,2.3524782064292555,0.04721979289346548
2.034572124481201,0.17551931116168096,1.3157813975723698,-2.3726734845871285,-0.04384253951631773,-0.00405335979857453,-0.03764886823631892,2.718762067421678,0.05793129789994598
2.0365772247314453,-0.4152553846947537,1.0643493674622249,-2.201625999887943,-0.03406341495769918,-0.01788944140964431,-0.02727888978216694,2.4804099769832026,0.047164458867637954
2.038565158843994,-0.026793758844630446,0.8183207061889001,-2.099562294503871,-0.02756451230318109,-0.005049800867593156,-0.04192429099985254,2.2535590767035343,0.05042766109145736
2.040574073791504,0.40291597635062326,0.8799893736701347,-2.1288402339014283,-0.03586573623847344,0.009237370176258213,-0.024537560049347158,2.3385216106011124,0.044427152698280015
2.0425682067871094,-0.2606855103510957,0.7119164290863726,-2.1101851757460706,-0.02426749564497747,-0.01726900380757978,-0.03290735648214067,2.2422451724217356,0.04438495181959637
2.0445821285247803,0.8075411059430677,1.2883780599688017,-2.240233096528521,-0.04553723738266397,0.013283836467931723,-0.02669749690135975,2.7075237745915532,0.0544321287526949
2.0465681552886963,-0.4434974206985505,1.2539646178239976,-2.309015634716097,-0.042181391134676796,-0.0248748376207784,-0.04001070696488964,2.6647083191756904,0.0632367296477842
2.048577070236206,0.3892925541779906,1.1872469547958775,-2.056524532208546,-0.035334859399021326,0.011574567953803419,-0.03436782565540919,2.4063244120413376,0.050632700425183925
2.0505781173706055,0.2663083897323103,1.310551298561572,-2.3425046156127833,-0.04191342113054258,-0.008787518660064454,-0.038002940409531186,2.6973677425909934,0.057255382583976965
2.0525801181793213,0.27052966425742786,0.8897614065547872,-2.327481442147437,-0.034614495441329704,0.0027349649753897805,-0.03137672755761893,2.5063981174941667,0.04679895682918036
2.054565191268921,0.3851664945812204,1.146569776666389,-2.0934885071105187,-0.04544923519798512,-0.0026777388764439806,-0.036748960158552633,2.4177819609544255,0.05850888255903609
2.056546211242676,0.32687716588507226,1.1425407623863684,-2.1266898825361267,-0.038948647555644034,0.006193390022772192,-0.034858016855282725,2.436197432839343,0.05263493673854966
2.058544158935547,0.11580377914190458,1.0189858756981767,-2.071776231284309,-0.033890568224732624,-0.0016360202892438604,-0.03679129055399128,2.3117092123903777,0.05004843891282007
2.060544013977051,-0.03472900301787642,1.0577324916277047,-2.045190443098863,-0.03584543891443784,-0.002562659545710647,-0.03699003955792526,2.302782681027129,0.051572528941412135
2.062587022781372,0.39855423296032255,1.4234036663431524,-2.0098974850880915,-0.043916464113210325,-0.010733334725148062,-0.034407721223652855,2.4949171077479018,0.05681330455389451
2.0646021366119385,-0.08124007961539631,1.2654321202431844,-2.207524603595522,-0.036642327560211324,-0.009894626420360224,-0.03821642500216248,2.5457971790695826,0.05386147919407916
2.066549062728882,0.14075226832453408,1.1239069218900313,-2.08425824712566,-0.033254255077368865,5.871602890910628e-05,-0.03271325093265747,2.3721531170694177,0.046647676414863136
2.068566083908081,-0.0493154299709089,0.8980772376254228,-2.1743727915394433,-0.02431622736022901,-0.011258847869915616,-0.02765605272014496,2.353055837195785,0.038508412333562794
2.0705480575561523,0.0418988861743638,0.750096167988953,-1.915488794865099,-0.02791091756426516,-0.009982361713729801,-0.03721543527002868,2.0575463788571358,0.04757788863538018
2.0725510120391846,0.04596902100038176,1.387121241288981,-2.103042933883633,-0.043484213355515944,-0.006594773943142923,-0.03442244988176838,2.5197238084132745,0.05585045129962733
2.074542999267578,-0.19841856780597888,0.8294882098487149,-2.1251617571574055,-0.024583501184054793,-0.008567283227563963,-0.036863134676952375,2.289919892138708,0.04512912109247033
2.076552152633667,0.2231697463202837,0.7622102604752163,-2.154159182675012,-0.026477059936431218,-0.0045261044341183615,-0.03066446551790561,2.295903090539632,0.040765546356264365
2.0785560607910156,-0.04435364026922727,1.1410785154851237,-1.9649029074589086,-0.032977488752767306,-0.006078974268666402,-0.030325449535076703,2.2726352236219824,0.04521174163978298
2.08054518699646,0.08373057812943324,0.8149349031441591,-2.0585590560660534,-0.027657150931183237,-0.005661231425463826,-0.03876073638563897,2.2155800805631083,0.04795166549808156
2.082562208175659,0.38010004513766116,1.2663060010504399,-2.0306695025337036,-0.046566944381426334,-0.0007873900562747685,-0.038289929108960945,2.423143735136339,0.06029277704081003
2.084580183029175,0.5833440037107914,1.2426066271459222,-2.1512637677581385,-0.03292914616582841,0.0036573880360015448,-0.036070422814169334,2.5519203073296084,0.04897734738069556
2.08656907081604,0.40619516397565675,1.1761664156761367,-2.169890060583104,-0.040304084686689064,-0.009482876390036877,-0.035700941859129164,2.5013565966529057,0.05467084631400399
2.088574171066284,-0.19878645551603727,0.7580002063359811,-2.0264446163958274,-0.023117606452288594,-0.013323501382292824,-0.03861709637204651,2.1726845493586158,0.046938465562636165
2.0905890464782715,0.6041647190099564,0.9705752490569605,-2.017527189338574,-0.032375433775766814,0.007944379313365607,-0.043134300709306496,2.3189323581119754,0.0545146748364564
2.092625141143799,0.13250275175755313,1.2006936503253276,-2.031854810694806,-0.03634292577549658,-0.00664304376647731,-0.03963312026220485,2.3638223691509714,0.054182308054612986
2.094574213027954,0.18597591573637867,1.2908470641894565,-2.0926652192941315,-0.03581149379120897,-0.008659512584082284,-0.03767676033949212,2.465790117670983,0.0526971395374664
2.096571207046509,-0.30357695062472434,1.0375508958468775,-2.091295467427699,-0.03601046971777673,-0.014359383403832165,-0.03638496130177159,2.354185115598793,0.05316776495175043
2.0985710620880127,0.2993212624003377,1.157359701472433,-2.1223844133338337,-0.03859003591393347,0.008144777201186565,-0.04104228573054428,2.43589619948792,0.05692097579524865
2.100588083267212,0.6763029731494603,1.377591497749979,-1.8235787409446356,-0.044270847412544355,0.012040135748251085,-0.036363300661566296,2.3833974638295334,0.0585419715628417
2.1025850772857666,0.4637361888721557,1.076414938327342,-2.2909699170557443,-0.03270659174394451,0.0013011245670493392,-0.026377629311129372,2.573375902035754,0.042037999437644386
2.104562997817993,0.40996869358160526,1.1259726226468847,-2.160133124928883,-0.040123883648027416,0.0040090645060454275,-0.034026348282788166,2.47023557461274,0.05276164340385614
2.106572151184082,0.2074056848312698,1.0530382547585562,-1.9064620907788699,-0.02983468725949781,0.006773413211891694,-0.053307923490735605,2.1878081240506932,0.0614631791994621
2.1085751056671143,0.3594360043746312,0.8694723067127942,-1.9879576511269592,-0.02530408335168137,-0.0015995008272527652,-0.041631343203104104,2.19935262203574,0.04874447429257867
2.110553026199341,-0.22383003187008454,0.8653114656810665,-1.9876574410100816,-0.028770693274172483,-0.013158277842746773,-0.032758687468458496,2.1793682384142485,0.045541461020915594
2.11258602142334,0.07868074928757857,1.3748404827166023,-1.8878826517339664,-0.04389083871648612,-0.001537718383755807,-0.03987803661470712,2.3367665522989127,0.0593213966904713
2.11466908454895,0.0748838676082863,0.8934260459634707,-2.052190805949558,-0.021844690709146974,-0.004975961030797337,-0.031823717669999946,2.239487619358007,0.038919143190699515
2.1166532039642334,0.11000608034282766,1.1901789480873415,-1.9895112075145083,-0.040128865863054385,0.007206278332738287,-0.03599448008074151,2.3209442283278845,0.05438620155100742
2.1186070442199707,0.17998752980145039,1.1569900907676118,-1.7492239277272976,-0.03342504144991136,-0.0005789529015874676,-0.033764013872628534,2.104947963811027,0.04751396863219911
2.1206090450286865,0.29878014351816495,0.9551859914353104,-2.4650760990167955,-0.029516700719264495,0.004625353886368266,-0.036037232788620345,2.660498078619651,0.046811448033424304
2.122556209564209,-0.1587652442093854,1.186982141819585,-2.2219170790876617,-0.039973080195477274,-0.013131850380739702,-0.031175040806214183,2.524093602485637,0.052365788488337596
2.1245830059051514,0.4316981523490416,1.0121144668786246,-2.0821117652740218,-0.02972731578044563,0.004075142928822449,-0.03415058230944164,2.354979488636596,0.045459678457668524
2.126577138900757,-0.08845283310232094,0.9679912674290061,-1.9533061746042286,-0.026136069435267487,-0.008789250539683607,-0.03583707790826067,2.181796509587832,0.04521770895984444
2.1285691261291504,0.14380332507991295,1.078479698551727,-2.2911428511461316,-0.040469756382083305,-0.009524600836021595,-0.03109290837406735,2.536362241646545,0.05191616466832718
2.130580186843872,0.02005869222880574,1.101701034890625,-2.1757328411587324,-0.035410625572921135,-0.006643049529483294,-0.026284859098969535,2.438844176553651,0.04459749240001579
2.1325771808624268,0.2340937084615102,1.2574645581043105,-2.237246063787675,-0.036943762596004945,-0.006071367453307626,-0.03565685309899133,2.577069445933341,0.05170216891413846
2.134550094604492,0.28608024598864523,1.2872472828680286,-2.19807048019975,-0.04608077544917454,-0.003251105834848302,-0.03650030402582035,2.563271602917179,0.05887511994997504
2.1365602016448975,-0.045172671348601555,1.3336836800184764,-1.9187190644627308,-0.04206512734280778,-0.013299056234725354,-0.037250379087442775,2.33714260945222,0.05774019897142039
2.1385440826416016,0.5969826741948644,1.1149654570861565,-2.175179744609251,-0.03646217065965341,0.005680173304358315,-0.04293188834155536,2.516136563293527,0.05661184765182119
2.1405460834503174,0.35617743579597344,1.4888538081705514,-2.096118651185317,-0.050438530382733174,0.009112337349182292,-0.03493474975378783,2.5956235142487634,0.062028354641204035
2.142545223236084,-0.33392277424621225,1.4799642835319078,-1.990239264463829,-0.03783217815495327,-0.014147832532898728,-0.03646837959602273,2.502568886065661,0.05441854077138304
2.1445651054382324,0.16659512202987986,1.1573513184172175,-1.7890687740324926,-0.0384727431511929,-0.007303191920923528,-0.03809804200258513,2.137284044563181,0.054634690282294486
2.1465330123901367,0.10923199453174212,1.3196391958183988,-1.9106739167513016,-0.04786548195615831,-0.001959632049619993,-0.03181991698325808,2.324662137155284,0.05751044807238638
2.148564100265503,-0.18258322276703054,0.6702610561497178,-2.0244191104430125,-0.021415366094911285,-0.00809916299885744,-0.03377115125940519,2.1402941973835765,0.040800796605541444
2.1505720615386963,0.10683499594926026,0.978215401222421,-1.9098823380888637,-0.03213678798263962,0.012280307272565353,-0.037493847835314,2.148480773219068,0.05088583018923276
2.1525821685791016,0.06040156309380808,1.0172162756457839,-1.7494848998153054,-0.033857337691836555,-0.003821375912878234,-0.03264705174225804,2.024617177380609,0.047188475467091075
2.154571056365967,0.5939533142251124,1.1630988996860359,-1.9626709737047772,-0.03522384319815034,0.014561810737484724,-0.03424165952016775,2.3574683329693147,0.051237258985013065
2.156569004058838,0.30245938750973705,1.044116033115754,-2.2248195253270153,-0.03560818955793583,-0.003885098872795442,-0.0402954111569425,2.4761829278101546,0.053914351680719785
2.158572196960449,0.09603770834636603,1.1943766859332652,-1.8351769767209527,-0.033718553697447716,-0.008924327468288298,-0.027739872286208465,2.1917192897841655,0.044565513557728316
2.1605730056762695,0.5339564278262106,1.0849123518046673,-2.1079172372575545,-0.0345660833927263,0.0036949970560250373,-0.035024479523418625,2.430115091316208,0.049347556071636545
2.162569046020508,0.6039299682330979,1.5204326934228092,-1.978660772404467,-0.044819499286637574,0.005373215634183867,-0.03139939119775756,2.567400520762433,0.054987096033034505
2.164574146270752,0.42087268666389027,0.8466679569045615,-2.002394797636719,-0.03238527507732001,0.0019944966987534363,-0.040629649212566524,2.2143995513979005,0.05199569649549115
2.166604995727539,0.04700654184577732,0.7353128674969301,-2.242133257736297,-0.024513571239731614,-0.01146988829397632,-0.031835811067008335,2.3600966449554637,0.04178507363516238
2.1686110496520996,0.05159163913074716,1.1696129168102432,-1.9372867941406744,-0.03850575546260955,-0.0029330323673568658,-0.03486631018559552,2.2635671395276558,0.052028410206082704
2.170581102371216,-0.16295408165447925,1.4763588078560463,-2.0225419221893204,-0.05111533771826907,-0.0120244896515083,-0.034418193160796764,2.509355532656792,0.06278517437967221
2.1725730895996094,-0.09404447849949435,1.580048748414463,-2.1608607068905554,-0.04973677443983687,-0.011984151227026204,-0.040797070228866125,2.6785662967128334,0.06543521644780033
2.174575090408325,-0.22827376948525646,1.2979457031231494,-2.0205666458157228,-0.04501835211109569,-0.011874294687056643,-0.044896457488442176,2.4123560127547212,0.06467876619204445
2.1765739917755127,-0.37639465316592335,1.2170735450710433,-2.0683095534514155,-0.03500895040375311,-0.00506617334290278,-0.02398105188342146,2.4291655682439774,0.042736209122337186
2.178568124771118,0.20322397378328472,1.1449210481917964,-1.9037389365661919,-0.035319425299839405,-0.005292988004458501,-0.04304804480494464,2.2307770235303765,0.05593399402022708
2.1805741786956787,-0.06524843143165493,0.9536141002658655,-1.9125782680048014,-0.03330885185301884,-0.0035611720442922145,-0.035620932719608416,2.1381283500469315,0.048897979568794804
2.1825640201568604,-0.12885777831353595,1.1393480858260787,-1.9447355129896697,-0.03423182346883868,-0.003901211244389308,-0.03198906533276559,2.2575904418628823,0.04701422644305689
2.184575080871582,0.17267724488459774,0.9484169416207229,-1.7767493029538572,-0.03191664533727863,-0.0022456941063333643,-0.028891064191291435,2.02142281861098,0.0431092679328955
2.1865711212158203,0.43611104149301105,0.9713912385139961,-2.0519411790492286,-0.03207615833134993,0.005444247676742045,-0.03845836082692559,2.3117647763238827,0.05037425218856896
2.188568115234375,-0.1582260977086868,1.0113841628639677,-1.8387195585121614,-0.03341206590786935,-0.007045423790259114,-0.028574885806974405,2.104476903589898,0.04452559088319639
2.1905770301818848,0.059074789193772334,1.0037779773707305,-2.0409753820231264,-0.032806910148866435,0.001998809842995689,-0.03883606867024417,2.275223190941322,0.0508775866572322
2.192613124847412,0.2621927817392675,0.9742043075336982,-1.8671968713279463,-0.03541917548329965,0.0036160462559813727,-0.03132856251999102,2.1223202500825034,0.04742438836728585
2.1945860385894775,-0.1281294540647037,1.3387359446562028,-2.1420870816116104,-0.04139618254617657,-0.013353052756235615,-0.030072231053087674,2.52926237304887,0.05287993029323579
2.196575164794922,0.08021743375328833,1.1163172833624035,-2.193339884361766,-0.035994968862816744,-0.007357946937878536,-0.028298189191338568,2.462384811954392,0.0463741811581032
2.1985771656036377,0.03267206775501447,1.3861356876184376,-2.1521441361622857,-0.044513020696436194,-0.0035771263152563236,-0.03320653634029861,2.5601101521845773,0.05564960826381645
2.2005820274353027,0.21445697043979084,1.5715022719868328,-2.2120615448166006,-0.05264567329683249,-0.005537892344700757,-0.027690668905674024,2.72191613777618,0.05974117769965687
2.2025821208953857,0.003577441850092719,1.0859967055917297,-2.463833898434223,-0.031013633062430854,-0.012749630238736275,-0.02982221743105534,2.6925599569405807,0.044874972528802105
2.204578161239624,0.40479611258983295,1.184333702215988,-1.90109725202281,-0.042410755316931996,0.00870806536686486,-0.03568796508495283,2.276110052836011,0.05610822952910811
2.2065770626068115,0.5430094810037125,1.0547539872461567,-1.8400937901275172,-0.04178208860159575,0.007892510454297657,-0.029154949959902473,2.189363018445648,0.051556238772307784
2.2085821628570557,0.16679616910026224,0.9914530551581081,-2.0784645214481685,-0.03134681235381846,0.006471114249261682,-0.0377251927172438,2.308855753295912,0.04947411575688532
2.2105751037597656,0.3881429757892059,1.5275920072982925,-1.9146112659687367,-0.046544839190769884,0.0021470307721574893,-0.032317073746091246,2.4799049599108702,0.05670471807479092
2.212583065032959,-0.0492410194428986,1.1263053093440416,-1.9930230259147412,-0.03214965530904953,-0.008699774435637898,-0.03683051095336689,2.2897880054010904,0.0496565499084235
2.214583158493042,0.4286766602119295,1.2427576445916801,-1.878787665712259,-0.038727950585114586,0.004054754919004869,-0.029531137743302807,2.293044555832711,0.04887108849197238
2.2166590690612793,0.12012126879914489,0.840007949604307,-1.9694949190621125,-0.028772958305235984,-0.006334639298960745,-0.03308954033488372,2.1445168945074378,0.04430494853012113
2.218640089035034,0.3212521476519324,0.8509412502160396,-1.9694141180049518,-0.027796273586284198,0.0046029711923972405,-0.026837112046909323,2.1693077056718897,0.0389108050816218
2.2206010818481445,0.4661782214610748,1.382716633800981,-2.059207770119712,-0.04433608246436832,-0.003451272912216901,-0.03213654698388327,2.52379952929624,0.05486672165392431
2.2225961685180664,-0.04112464264536554,1.292378650385809,-2.227818865838555,-0.04908932487868043,-0.006174450714475677,-0.035339597132337724,2.575870864618788,0.060801091965079504
2.224574089050293,-0.2020572613565583,1.217466997932781,-2.051420129809563,-0.03575619493193465,-0.01160091467845221,-0.03706832035656014,2.3940295689298106,0.0527934377687588
2.2265801429748535,0.41498074160345233,0.8444542437910167,-2.0600237441264793,-0.028745057564372282,0.007245576359397692,-0.042549840786551794,2.2647317307185166,0.05185813014484658
2.228572130203247,0.2626598104966076,1.1675173384474768,-1.7661665755207903,-0.03783077868798104,-0.00496952973276872,-0.03994389494673876,2.1334083725607784,0.055239286612156525
2.2305641174316406,-0.07124817185178556,0.6823362643786268,-2.168094671338067,-0.02299348552884653,-6.401129709962688e-05,-0.031679592622324795,2.2740478410893035,0.039144617291881734
2.232577085494995,0.07450357394694364,0.6460942642489529,-1.8211450533931692,-0.024431518976910906,0.002065679170559516,-0.0346963910917861,1.9337936514335423,0.04248535871037239
2.23457407951355,-0.2105747132716207,0.9162482392683556,-2.008182877626245,-0.0359287032678337,-0.01485753816048164,-0.03694717623396316,2.2173522534371966,0.05363498849036647
2.2365970611572266,0.5784824191661007,1.4517922266822145,-2.1526294595015485,-0.044390387323642685,0.005239266040520791,-0.0300589050062553,2.6601045409256185,0.053865519263824525
2.2385730743408203,0.6708150034345925,0.8725416113242617,-2.2303920270027993,-0.0264164154950578,0.009338546962452227,-0.03748295961099778,2.487161077703442,0.04679751839763671
2.2405710220336914,0.10446587822925807,1.1684721721786637,-1.871136980579178,-0.04149161686546182,-0.007739156226064688,-0.034900880645476084,2.2084822700128472,0.054767876342172325
2.242577075958252,0.08839641958498418,1.236454362016733,-1.894956487599543,-0.03843347465501604,-0.008329837607120237,-0.037171442687457944,2.264396918881769,0.05411316217045281
2.2445712089538574,0.32012760462637596,1.549839808974388,-2.089832103218344,-0.04700192295007311,-0.001542916563132162,-0.044672182626744536,2.6214277286180514,0.06486266455490873
2.2465720176696777,0.4503956112753808,0.7798869133846751,-2.020777529078733,-0.028387989446591887,0.0004824948715397841,-0.029616909363319604,2.212379177798044,0.041027698769928136
2.248573064804077,0.5547409507904121,1.3632223512058221,-2.0453428586502618,-0.04530682376357264,0.006264463099292352,-0.036366050973945616,2.519829381276162,0.058433222065067035
2.250563144683838,-0.0531309846296195,1.064486799524226,-2.206202607595922,-0.032967891634087046,-0.0036240483609658205,-0.03127377031008979,2.4501601975487413,0.04558579071078815
2.2525761127471924,-0.004905495214030862,1.0941562857285725,-2.2059525830070665,-0.037197873882958435,-0.0011668459458077942,-0.03515264955837194,2.462403062042888,0.051193281999178726
2.2545862197875977,0.031120820362444956,1.3148665591216229,-2.305988089161019,-0.036784400882798635,-0.005951474336010689,-0.03244830490505443,2.6546984086914387,0.04941057261649586
2.2565791606903076,0.2578281157034593,1.2472260219247113,-2.5120965055167908,-0.039818485941253756,-0.00268889701069005,-0.037938572730634154,2.8165008326011565,0.055064301417756485
2.258571147918701,0.150258395088308,1.1403873965273297,-2.359732188848817,-0.035903795552189526,-0.006168197968653563,-0.04118186044750931,2.625147043984798,0.05498249567955294
2.2605810165405273,0.4373837681318165,1.3748446577841256,-2.35328651882333,-0.0430313630207481,0.009190459961799905,-0.03126607051572028,2.7603369057668234,0.053978976678211
2.2626330852508545,0.23350437217154435,1.1886317940832842,-1.966314511167201,-0.037646469190850455,-0.0016801974675301804,-0.028905978471855102,2.309494011803361,0.047493529006411996
2.264580011367798,0.27883683399112824,1.1971926076539106,-2.2562410100000383,-0.039886210010988764,0.006124459485953168,-0.03268298509061462,2.569366383958769,0.05192876146673556
2.2665910720825195,0.5369769773169915,1.0034765304914832,-2.1106717989153596,-0.033994722488882814,0.002553493593776196,-0.027718722760205452,2.3979668188180416,0.04393733125813108
2.268602132797241,-0.002580900663693854,0.9568164380762982,-2.2170897630475297,-0.0260730494470981,-0.0038797997866847358,-0.042550947682806824,2.414744577513614,0.05005436946521797
2.270585060119629,0.6073890064417041,1.4189471064029615,-2.0768329328051616,-0.04468139402569818,0.010504579493164,-0.033866809153498476,2.5875794338917726,0.0570415105396709
2.272576093673706,0.021619328261382895,1.1989730299012338,-2.2628029555279,-0.043752406937573075,-0.005565996568646192,-0.03174754365916553,2.5609140823797305,0.05434298445083593
2.274569034576416,0.026676745754932393,1.262132529387325,-2.1184108745760932,-0.04169454196565585,-0.0008672897781580875,-0.028615331819670554,2.4660403086778544,0.050576914065954874
2.2765700817108154,0.010041513313884986,1.352108530544009,-2.1920749560733515,-0.03985157722187303,-0.012597293311281513,-0.036478516268791346,2.5755564298620013,0.055475419376637816
2.2785730361938477,0.28826207079741584,1.1500209022790775,-2.201747083256632,-0.04224136756093682,-0.0010542151943279637,-0.027455969798098643,2.5006665742894003,0.05039121729674947
2.2805731296539307,-0.14062982204133168,0.9246279737410389,-2.1957641501703606,-0.034000649697749775,-0.0070852682858009745,-0.040991442419254995,2.3866490818394737,0.053726562873144666
2.282560110092163,0.5826182946687534,1.464819370702347,-1.769296015570879,-0.04290934904316811,0.00645275624490868,-0.036689522453681934,2.36971480494648,0.05682403854306618
2.284576177597046,0.6771071704829568,1.3146448851439045,-2.248281047939265,-0.04722577429268227,0.012516858519587651,-0.03131115257795585,2.6910096552924787,0.058028732370290284
2.286572217941284,0.19945956225074343,0.9806869460390312,-2.1512209323599403,-0.02542917976315408,0.008485548266762174,-0.03883230982510262,2.3726109042420314,0.04718682018495331
2.2885680198669434,0.38450848337195753,1.1993897053301832,-2.006325815018122,-0.04001357381915291,0.0069155133930485935,-0.03239251037950715,2.368908127185425,0.051944057831061985
2.290576219558716,-0.036340084450391524,1.17948583284293,-2.2313885917754797,-0.03621180465113958,-0.011123817622200544,-0.03938874921772221,2.524203335533966,0.05464894948231745
2.29260516166687,0.2944302684051996,1.1218788571342293,-1.8962417108584777,-0.038326795414370764,0.0014159873344043424,-0.03806596185191643,2.2228436695002753,0.05403670714040394
2.294610023498535,-0.3398215480332394,1.3330088563603149,-2.2600232662534165,-0.038451619445040046,-0.03159398083432536,-0.0423068099280259,2.6457695401620875,0.06531900817673222
2.296577215194702,0.651474648062676,0.9545044286664591,-2.048306236839148,-0.03252527760356515,0.007620923601778945,-0.038762977828974025,2.3518197977920043,0.05117167781011934
2.298574209213257,-0.2053175561402554,0.7800673922553415,-1.9156343904170487,-0.02489337133101911,-0.007381597976445763,-0.029958009507487785,2.078536877966796,0.03964404442738658
2.3005690574645996,-0.05206975128504632,0.8167414798819983,-2.2887423222442362,-0.02932634382235917,-0.011022091215108899,-0.03194327530641429,2.430662321588637,0.04474252757771717
2.3025741577148438,0.7670821233098869,1.2941378473105973,-2.0826485068906604,-0.03779641009503657,0.005971899036760078,-0.026818555278165766,2.569169623632743,0.046727583945518424
2.3045761585235596,0.11704563152040552,1.1142242100977247,-2.02693519546901,-0.0347607072764447,-0.009883940941821925,-0.03765273895263072,2.3159580213935014,0.052189345747336725
2.306565999984741,0.4159094466828949,1.4700111058722507,-2.2117340021853864,-0.05263852553333504,0.002093939890777513,-0.03450593172581971,2.688062613789124,0.0629750607689797
2.308570146560669,0.1439517558097053,1.2590779495704052,-2.186223623279617,-0.04298449834614764,0.005265251019569667,-0.03395713415164143,2.52696915732681,0.05503159934221085
2.310577154159546,0.17070598525384426,1.2741084744924212,-2.4068142093509484,-0.03920974131164644,-0.00856912644923919,-0.029612944485112678,2.7285980972852197,0.04987745204907373
2.3125810623168945,0.27232262953046543,1.24629633851265,-2.040258890558455,-0.03609523213566545,-0.005112760198396172,-0.04046787530269606,2.406256536291848,0.05446700865008503
2.314568042755127,0.2869084911840938,1.3113545494254222,-2.1189058289049676,-0.042003173709173496,0.0025389538371597,-0.0303281713467245,2.5083319454130732,0.05187013461970686
2.3166911602020264,0.3040160464934949,1.0806118196667698,-2.077667854520999,-0.03171170410513849,-0.003177200546698407,-0.031711295365612645,2.3615358085447173,0.044959237474971964
2.3186230659484863,0.6056902478902297,1.0016188081130304,-1.9004420123943933,-0.029956950289616296,0.005172469675068843,-0.041769231949582174,2.2319903126198257,0.051660836722337795
2.3205950260162354,0.5105236269548307,1.4990252459175137,-2.298628143902883,-0.036961915706758545,0.0027737613840491523,-0.023379109598589028,2.7913083680452773,0.04382305021962762
2.3226261138916016,0.35653899401897565,0.7696503513540304,-1.910152970974139,-0.02955537457522402,-0.0007055303489844809,-0.041031879322279335,2.0900158109729157,0.050573046774672684
2.3245811462402344,-0.14478966481537994,0.9583687884152954,-2.0691211954112205,-0.0305887868476624,-0.014599892733793748,-0.041740028369429465,2.284884527267387,0.05376858485147981
2.3265671730041504,0.5325142072938162,1.2967765587024327,-1.8568354664958868,-0.04492838498179907,0.011748488840997707,-0.03066433992107724,2.3265938136698643,0.05564969460756426
2.328571081161499,-0.14534304677524956,1.096158147343629,-1.8953906036326664,-0.037512119942481846,-0.009032663498059361,-0.035394587392098095,2.1943547629252507,0.05235957380561064
2.3305702209472656,0.3542506641312082,1.3232981934342245,-2.3001686160089627,-0.03566590973261479,-0.004429181813501271,-0.034485904648666986,2.677197658720079,0.049809159680012954
2.3325791358947754,0.08183164427503871,1.1904554127377356,-2.047636596161518,-0.035847413979679166,-0.009129750647167726,-0.03175619633234224,2.369956990677522,0.048752901876793174
2.3345720767974854,0.8530571687615967,0.9800469672503075,-2.151882019583684,-0.030569284525642698,0.017650124205187114,-0.03889716150324859,2.513721308617889,0.052526157425401246
2.3366050720214844,-0.43550991971003383,1.0529859541056221,-2.181695084912702,-0.02858157620527172,-0.027059838552190414,-0.045133599159771894,2.461349579649711,0.05988474875929035
2.3385732173919678,-0.23471594919138714,1.1694580081075037,-2.0353963389785448,-0.03700910910317458,-0.005797040220003855,-0.034846931236906714,2.359144308061473,0.051162373367082244
2.3405752182006836,-0.1170565333978656,1.177470490355614,-2.191380388035045,-0.03552274266220725,-0.011239022143462018,-0.03548773318400337,2.490439116447949,0.05145444656709119
2.342567205429077,0.2092802704551091,1.148009072922444,-2.171940351189463,-0.03583989146150886,-0.007377380387620548,-0.029617958720339572,2.465572540453641,0.04707597094183106
2.3445851802825928,0.08368089506778145,1.1648934619824345,-2.18306770730101,-0.04290345239797153,0.003960354963411479,-0.02882969314122438,2.4758359971188026,0.05184150697769488
2.3465590476989746,0.20003879945963748,1.1213878932395942,-2.1841316462438964,-0.03118933500491169,-0.00332827688954929,-0.03945182857570305,2.4633224264228306,0.05040137719416779
2.3485801219940186,-0.2124218469270559,0.9809251533801487,-1.761796442875726,-0.03291538893681208,-0.017033110438127195,-0.023000325758072024,2.0276251881734284,0.04361839824015183
2.350567102432251,0.1528815402817363,1.5247041473157008,-1.930193390170798,-0.0463295705187669,0.0001391369735344856,-0.030154777912807487,2.4644963026264928,0.05527892088781709
2.352579116821289,-0.04033504447626929,1.2640553971018231,-1.8820467995914594,-0.039315463192006704,-0.009794105379725887,-0.04127391312395392,2.267501514576695,0.05783741047760442
2.3545761108398438,0.03197637905182751,1.5582054201046358,-2.280795294843072,-0.05057399174471736,-0.0075256769848364114,-0.03628240146914929,2.762436206872301,0.06269590984620418
2.35657000541687,0.12492254169543479,0.7113687963455954,-1.9459508686240667,-0.02535066274996491,-0.006022990089164751,-0.03891349644084936,2.07566278304945,0.04683153549403042
2.358574151992798,0.3086049380746414,1.4587466597481924,-2.027140036605656,-0.046232704876018785,0.0005324810277578548,-0.048295050949912925,2.5164410490095217,0.06685924380706575
2.3605780601501465,0.35299693496573614,1.391215941830376,-2.0553616551172773,-0.03888913493595033,0.010969563911311493,-0.03108189239178416,2.5069104822918225,0.05097823244410648
2.3625810146331787,0.9730258887646676,1.4926020307734877,-2.4190683444048067,-0.044899870296349544,0.01942050911395879,-0.024434187657234173,3.004418722045385,0.054682575408838446
2.36458420753479,0.27580532298143084,1.1422711873751747,-2.1124584318602952,-0.041884404543285896,0.0005154143012768011,-0.043469601022475594,2.4172986302958184,0.06036700430616712
2.36662220954895,0.31694598201884416,1.2710634087806605,-2.047277413621381,-0.02973181180139739,-0.0019998411948765438,-0.03878620101980852,2.430514709476833,0.04891164878990928
2.3686041831970215,0.027661990918275495,0.9850246364445069,-2.233294200776644,-0.036857408164986796,0.0012456666882117659,-0.030946767569499208,2.4410329181243715,0.04814273200742936
2.3705952167510986,-0.4018629108926559,1.1218509063139204,-2.173401901918247,-0.03657772957669729,-0.016396684600724885,-0.026519838816999205,2.47865267482363,0.04806332716074973
2.3725790977478027,0.11086277876911431,1.2227056679727433,-2.331275804195517,-0.032793662233764995,0.0006767730429283154,-0.044730380320320964,2.6347953585499835,0.055467911697254804
2.374577045440674,-0.26108545853807585,1.105631053370695,-2.2147014200535047,-0.03408987560994077,-0.01736784388087427,-0.03583054018059052,2.4890737278804416,0.05241745157678469
2.3765790462493896,-0.1211914388368452,1.3167286130014162,-2.023120499783215,-0.040670165214163556,-0.007868454395116218,-0.03476812424812785,2.41691500921879,0.05408139584782034
2.3785722255706787,0.22214480039650925,1.1298560588019815,-2.3821440004534318,-0.03727143549960402,-0.0035465921616554233,-0.03875880981896367,2.6458520489345263,0.053888621792961576
2.3805789947509766,0.34226489370057145,1.3133157329021408,-2.0529836840336446,-0.04494374020654566,0.005022972168565517,-0.04323898985275407,2.4610334168102037,0.06256820499779599
2.382575035095215,0.21409178547548158,0.8444961278375657,-2.1805373042440177,-0.017833107227549463,0.00222740936841281,-0.02939298393151056,2.348137972466799,0.03445182970876595
2.384580135345459,-0.04832984049939219,1.1630224842186694,-2.1971798907848314,-0.038133418305350185,-0.0025793292760924297,-0.04126258829028825,2.4864747223227717,0.056244215023228454
2.386587142944336,-0.025511705687420724,1.2546495491645202,-2.0392165891450196,-0.03838223249320886,-0.010048472042198523,-0.03940936938651523,2.394410289777018,0.05592196310027382
2.3885741233825684,0.18095617332461444,0.9405865044292477,-2.2663753993923548,-0.024373237990110458,-0.008090755094575826,-0.031380496784212446,2.4604685651211997,0.04054936037161296
2.3905651569366455,-0.1329280140456628,0.9287298738696829,-2.3902379122475503,-0.022688564145026985,-0.006359540975017471,-0.0317392725524779,2.5677706892714642,0.039529686648598766
2.3926260471343994,-0.060828193118355134,1.0210064955377254,-2.194865023490994,-0.04347031448700673,-0.0016358152001180182,-0.03408580877358772,2.4214844216621327,0.05526469481249122
2.394611120223999,0.6902125736065692,0.7402326996307617,-2.4228052834659173,-0.024012432085381126,0.011697223905873104,-0.04311969512420724,2.6257043413068453,0.05072208640586221
2.3966012001037598,-0.034873788624277514,1.5744243586052695,-2.3625637754801367,-0.03899959205155492,-0.0033400680688254036,-0.036491389739184865,2.8393196078133904,0.05351397723949491
2.3985822200775146,0.1340144346641401,1.073864555025741,-2.4594148382593906,-0.03254032467356819,-0.008435999389255005,-0.025819807989983172,2.686980889007111,0.04238751349390927
2.4005579948425293,-0.045916768288270064,0.9263931334307912,-2.655782126224733,-0.036649666563034006,-0.009971552036894793,-0.035732954830544415,2.813092833386862,0.052148575916584734
2.402581214904785,0.4013785801279371,1.283466656313752,-2.4740085057196035,-0.04284375289869967,0.006842156636371185,-0.027757988888477164,2.8158674522831624,0.051506390060013875
2.40457820892334,0.38662433912153493,0.9757849699255076,-2.277163536925624,-0.02983556191118732,0.004009408589748761,-0.04172171673971983,2.507410708487404,0.05144839899846507
2.40657114982605,0.35954652891514816,1.3027583221869374,-2.437931599551713,-0.04149693617773613,0.0017965885609869346,-0.028458386871816344,2.787465414417734,0.05034980859886702
2.408572196960449,-0.05160496296385123,1.1291928359928347,-2.4409747345872908,-0.041658078128988064,-0.003250323872399501,-0.034877343042701084,2.689999477314733,0.05442783420635634
2.4105629920959473,-0.1401314025754366,0.8494007090280453,-2.1791104508896755,-0.022102543410266153,-0.014789559602688645,-0.03922534229277292,2.3429982355225345,0.04739072669235385
2.4125711917877197,0.19580336078821936,0.9885205547338907,-2.111653287611255,-0.03631216970080328,0.0013992241642649087,-0.02656015609190483,2.339784488004564,0.045010814125809234
2.4145750999450684,0.15623188628407014,1.1920891015112758,-1.9049776550710793,-0.041865646766650826,-0.002415887331671989,-0.04098753529547348,2.252648373482632,0.05863912465570234
2.4166171550750732,0.2148078469619204,1.005504578957286,-1.9536483455407747,-0.0300703991790513,0.004537768507898134,-0.041276564445179575,2.207696475391192,0.05126963060346567
2.4186410903930664,0.03895011454977954,0.9929467285208547,-2.2249355099471053,-0.034030161225723984,-0.0043928087884223775,-0.030811995462934224,2.436759803617766,0.046116458087197984
2.4206161499023438,0.014360086414533887,1.0359029306795806,-2.274473007100775,-0.032837877169989094,-0.00298087447343009,-0.03217974641243511,2.4993056143461967,0.04607328801839813
2.4226021766662598,0.0977341920294824,1.3445837817797446,-2.28119211596365,-0.03829772135842766,-0.011008731597374146,-0.04529594909425691,2.6497726295762605,0.06032935137211657
2.424589157104492,-0.01676215517781785,0.8114531910917395,-2.234362658967201,-0.026278967353464956,-0.012559496247126965,-0.031841492857824984,2.3772071308504343,0.04315328189791586
2.4265739917755127,-0.19211676701899516,0.9729510245236135,-2.1080308395843295,-0.03493877622450875,-0.0004731749165877721,-0.03765299938989356,2.329664475612313,0.0513681841378816
2.428575038909912,0.1980794264222483,1.0496944428933552,-2.0967906854781027,-0.03307459311825174,-0.002599512214127655,-0.045967733966510216,2.3532158977281896,0.056689670485064216
2.4305670261383057,0.34187924532639197,1.0378802556371678,-2.1418457877111945,-0.03406147065552595,-0.00048310198013675897,-0.04195384498956293,2.404491676376236,0.05404204178367747
2.432573080062866,0.13839581653011288,1.1960066330391628,-1.84302630895554,-0.0409290191032484,0.0006710744195149024,-0.030966668142041506,2.201438448789562,0.05132805744863065
2.4345860481262207,0.0614022355001555,1.448276748786256,-2.242986194200865,-0.04767560401464552,-0.009317325160528321,-0.03750065144424533,2.6706296716270836,0.06136835198252498
2.436612129211426,-0.09345182953663543,1.1567414957583084,-2.031242649234684,-0.04161902607167495,-0.014936274636003916,-0.04153256777471303,2.3393868496943493,0.0606645680535024
2.4385790824890137,0.050360556774651316,1.0392895188574818,-2.0518295816866154,-0.03219068006141949,0.0027276601444657655,-0.02759201682993074,2.3005789536483943,0.042485284575056785
2.440575122833252,0.28389928139988896,0.9530839653186802,-2.154596931224501,-0.03454237284818008,-0.004188970453187446,-0.037999643244149284,2.3730267134967082,0.05152374095621344
2.4425830841064453,0.12868994399452832,1.355544429113576,-2.164511711029144,-0.0372744102571267,-0.0047799697708837624,-0.0397741811369875,2.557180624861779,0.0547194230245993
2.4445860385894775,0.7786358855023546,0.9470687384847136,-2.154187180314925,-0.029397857448317376,0.013449573785888888,-0.030782841261742827,2.4786559756126363,0.044639762249807244
2.4465792179107666,0.11270711965816026,0.8747558655077052,-2.1719387892895856,-0.027551405989640218,-0.0005352186817945768,-0.037536547224314175,2.3441883080252928,0.04656563978478652
2.448578119277954,-0.09168222991921439,0.934835700398419,-1.9940816106896981,-0.034625893567635284,-0.011668427719947104,-0.04236991658879626,2.204242474890905,0.05594921395832464
2.4505720138549805,0.7839845822217653,1.3413503800559665,-1.8382624926179154,-0.043764532585704154,0.015100510506417735,-0.03103761396734078,2.4068779900534123,0.05573771802635322
2.452580213546753,0.16958497417384127,1.1053218435577932,-2.544114364110892,-0.03496736426488008,-0.010807041888618144,-0.037541450455599853,2.779031007201415,0.05242965973879115
2.4545841217041016,0.3336069038235352,0.9792739639932444,-2.2693658867902204,-0.028798568311685986,0.008615491606188266,-0.023917746929370865,2.4940514411216403,0.03841409702956161
2.45658016204834,0.19393884036243117,1.362935281337245,-2.2018407923763594,-0.043568567881377536,0.011965013623071678,-0.03585122140887505,2.596787963983104,0.05767748030854567
2.458578109741211,0.10004392606180114,0.8245945680650874,-2.1670964324923103,-0.02382939645135281,-0.010870336357042806,-0.037460615014229294,2.320834319063988,0.04570888343632224
2.4605770111083984,0.08286070413294516,1.2270993443535048,-2.184610857498914,-0.03527896186541014,0.0018509560404080245,-0.03158907734024528,2.5070227952502444,0.04739093790771168
2.4626100063323975,-0.09355880866092,1.1207060657183603,-2.0036032991238226,-0.03761378337524996,-0.00314144055035889,-0.0320917716262284,2.29764259985661,0.0495433865883396
2.4645841121673584,0.05054983150126201,1.3588806880558788,-2.305813587550172,-0.041363850218660785,-0.007370865971439898,-0.04115185417946629,2.6769176883809895,0.05881133285761165
2.4666330814361572,-0.08122663272661149,1.2572098200218,-2.313474990776488,-0.04136956658032491,-0.00524323664270181,-0.040211752864325684,2.634262862808422,0.05793028256410382
2.46860408782959,-0.06281292441521621,0.8762690506185171,-1.873085050513264,-0.03592311972920838,-0.0035042953581576994,-0.03366832258851461,2.068874215364904,0.049358956258824284
2.4706192016601562,0.6243129784188666,0.9078856649581524,-2.1091412211894887,-0.029124860533162288,0.009087020413758739,-0.03652816586848435,2.3796007578119966,0.04759346953933625
2.4725840091705322,0.007536845962958883,1.1958626380260937,-1.9485803590405881,-0.03477781778317653,-0.01364784833581959,-0.033600430660996584,2.2862873110596893,0.05024688363034868
2.4745800495147705,0.2083425518449387,1.2135676917970093,-2.1053103419095485,-0.042161581274443555,-0.0009335500114101402,-0.028340728848169183,2.4389515774680897,0.05081011083269512
2.4765801429748535,0.3415834526459466,0.9008906509140879,-2.166790478544043,-0.02212494484933825,-0.002557124765817903,-0.04078509127716691,2.3713422776847413,0.04647015969566981
2.478579044342041,-0.09579008524830875,1.16090043094925,-2.1376555422168617,-0.03436913230181617,-0.01108896323897164,-0.03586184549670612,2.4344274004743904,0.05089473767811982
2.480586051940918,0.07089128870864438,1.247067322925868,-2.054490124590799,-0.036292617260076133,-0.0038981191716426873,-0.0380428477935461,2.4043985016559506,0.05272198468291591
2.4825711250305176,0.13168637568011402,1.0937504424470983,-1.9352259149991455,-0.0315057636572316,0.0057883782412347234,-0.03668996986614711,2.2268207547930903,0.048705978637819385
2.4845781326293945,-0.1114778298796158,1.2017417081797046,-1.9182947697276986,-0.03490147213049409,-0.007438861229706082,-0.024125262159667996,2.2663771229206287,0.043075256093762095
2.486586093902588,-0.002611912047911013,1.2042324445859895,-2.297055905068636,-0.04172240046992987,-0.0006869379048799007,-0.03213346433668024,2.5935783068357092,0.052666783791447395
2.488586187362671,-0.04251138585863133,1.3416235982897615,-2.1033135948737263,-0.03585134658207428,-0.0029744480402841287,-0.03199169610461221,2.4951330978118635,0.04814182186563175
2.4905660152435303,0.08486644655526684,1.4722155067717366,-2.2306008403037962,-0.04720747521270732,-0.0016837321595144631,-0.04190232613432066,2.673985961237284,0.06314416525230444
2.4926140308380127,-0.20144681833089484,0.8258341121282151,-2.531669350337442,-0.029785434187827635,-0.007700822622255368,-0.03436699046124508,2.6705678236675143,0.04612553297448346
2.494594097137451,-0.22536662789904838,1.0399995201354126,-2.289393777569421,-0.03372844309710255,-0.01025321383574138,-0.039756779085682856,2.5246213552978714,0.05313508963936838
2.4965980052948,-0.3862885844343021,1.0815893579030662,-1.8728468826150022,-0.02709746479228491,-0.016451876018370306,-0.031334458673816575,2.1969546775739723,0.04457336786775335
2.498573064804077,-0.18925956042620926,1.6624449264918415,-2.1941402334015767,-0.056517841433731335,-0.011069594798556289,-0.03478162472588289,2.7593103628737943,0.06727974247799089
2.500591993331909,0.025920510742017948,0.7673707252859201,-2.2562706398185552,-0.026768231259920304,-0.00317892075605143,-0.0389958000126959,2.3833352477169885,0.04740586630985666
2.5025861263275146,-0.2304643734007319,0.9542856845088595,-2.081168347801246,-0.03289938480992681,-0.014288463712660338,-0.0307702479218315,2.3010946714455933,0.0472582042962979
2.504580020904541,0.005622975695400885,1.2131496656623013,-2.2624252114201506,-0.03738901265695456,-0.013764009514500995,-0.03571319497781674,2.5671641097564715,0.05350531301563179
2.5065701007843018,0.4377684182187435,1.2350430972593096,-2.251155804915358,-0.04538818564604787,0.0035255751015851188,-0.0350570925267907,2.604740888856649,0.057458827106624685
2.508578062057495,0.18521235563121796,1.1276192703765253,-2.3996817686865453,-0.036692062286087825,0.0021840138716001318,-0.029337376907199172,2.657875359487261,0.04702934227897041
2.510585069656372,-0.28012071214608897,1.0405138673204481,-2.028464962560334,-0.037361382937305954,-0.009923190105115647,-0.03503659216752509,2.2969124549695588,0.052171883496417513
2.512575149536133,0.32390798962432915,1.6807227159935134,-2.115087281757258,-0.05102839783810889,-0.002332419293019414,-0.03169367939694164,2.720907834391013,0.06011511356887624
2.514557123184204,0.21692353479504323,1.0339504674493962,-1.8655359220569532,-0.03167644641081011,0.005785292823067032,-0.0273071077416351,2.143906169955133,0.04222019663003505
2.5166780948638916,0.20017697107534704,1.1937365565895013,-1.9192071795880565,-0.03910064252097381,0.003602411810689844,-0.03593492925389742,2.2690160829023234,0.05322740606951832
2.518609046936035,0.15341470570385163,1.55320484072141,-1.9978475008266572,-0.04816889474779173,-0.005054055968282256,-0.03321672659436935,2.5352270087165647,0.05872935235978217
2.5206141471862793,0.435781002616959,0.8613470854175052,-2.1806175048639442,-0.029774819120762623,-0.004431321794759992,-0.030972149863796154,2.3847256836621957,0.04319086169212527
2.522613048553467,-0.48786951058068306,1.2654638249535088,-2.113059426894765,-0.04235030961106531,-0.021990225384508046,-0.0422295331425418,2.51086349553476,0.06372167767762858
2.5245771408081055,0.18423161484151834,1.175730819863678,-2.1882962806035287,-0.042299590740682534,0.004148223205563802,-0.035789716037982915,2.4909686590536757,0.055564079283939055
2.5265610218048096,0.25478175761704097,1.3294243692250445,-1.9717829770722266,-0.03964650776981889,-0.0025341892830793846,-0.03666055082723482,2.3916962612705754,0.05405796593122101
2.5285680294036865,-0.02096173420012669,1.1573416758471322,-2.090283736694993,-0.03894058840153544,-0.013750315300232295,-0.045594005659321264,2.389385956442556,0.06151629010250714
2.530569076538086,-0.09774488155477061,1.1016192453846652,-2.0123353840095954,-0.03625891529501958,-0.00814517847684292,-0.04103926698858247,2.2962170457970825,0.0553649194504172
2.532582998275757,-0.13959646535913467,0.9676823154302541,-2.287565041652397,-0.029105513037124442,-0.017181121012032386,-0.038131396813982345,2.487739949538005,0.05095414832346533
2.534569025039673,-0.46639892449997256,0.7395133895846081,-1.9998967742838596,-0.028146486634606765,-0.004891582729456883,-0.034896605501712925,2.182657810546728,0.04509906170879167
2.536591053009033,0.08430992545923988,0.7916997200915079,-2.0971353407440603,-0.023548049429435752,-0.0038292540212018925,-0.04237271984048562,2.243183730264113,0.04862737094446217
2.5385751724243164,-0.4750032679301126,1.2684183063506338,-2.131959219219057,-0.04079810637356944,-0.014655501952383035,-0.03920877687801593,2.525819315953306,0.05845166725950105
2.5405781269073486,-0.42577260534048983,0.7165057890309983,-1.989231626549232,-0.026055221434751568,-0.01822311724650939,-0.03043633343877298,2.156781240932206,0.04401507650101424
2.542570114135742,-0.13164958672539226,1.285440917308111,-2.048130269660621,-0.03855340623512743,-0.0017714590161870877,-0.037334948131693156,2.4216786671800556,0.05369731419142871
2.5445761680603027,0.3586975064299682,1.1869679733875393,-2.455658926261704,-0.0375336475002792,-0.001401811397101955,-0.04264072408223262,2.750966672479982,0.056824036464557436
2.5465831756591797,0.041424324282691424,1.146200956700301,-1.9393104212430865,-0.036874217972339605,0.006814158221333765,-0.037064335570247756,2.253090659011528,0.0527248108066868
2.5485801696777344,0.14218880654397698,1.0692393166399472,-2.0587273998057323,-0.026837826427849293,8.45268875720209e-06,-0.04141651565211297,2.324187789242929,0.049351765597403216
2.550575017929077,0.19078294684988334,1.3909759062845481,-1.9462278445782346,-0.043740347839075794,0.007375519179632439,-0.0401507533177065,2.3997947678258833,0.059830588366084014
2.552584171295166,-0.05823319081806705,0.9812915219661308,-2.1725096843924034,-0.02965199814787526,-0.006846148689380752,-0.03483449366434626,2.3845591803044517,0.046255299100644534
2.5545740127563477,0.43748864891260403,1.25222647609899,-1.9139733180535972,-0.038602188540836746,0.009254690404632868,-0.02871492498985891,2.3286823157295986,0.048993113514055574
2.556580066680908,0.32009328270915555,1.1069839268820092,-2.325214237995876,-0.03946375191348276,0.007538826154843373,-0.029516366908932022,2.5950904370733165,0.04985416261842698
2.5585691928863525,-0.14845663108966853,1.440118390295054,-2.0569689586895716,-0.045485114012987035,-0.014595829530427908,-0.03261871061950368,2.5153730630649944,0.05784387710842577
2.5605721473693848,-0.24039963585761806,1.3739928932630383,-1.8783680899562358,-0.03900010399066528,-0.016531408833989052,-0.03726420643888325,2.339639958844875,0.05641734370598199
2.562573194503784,-0.25159748914087815,1.4424511952894636,-2.2276164900019517,-0.039912532463128626,-0.015798420550364185,-0.03323794489385729,2.665753547097445,0.05428960600587888
2.564580202102661,0.2649730260042442,1.3843634949027666,-2.159345570860264,-0.037248280147908916,0.0032137536602853145,-0.03836385465812493,2.578652028662085,0.05356816154018949
2.56662917137146,-0.07652801665500879,1.118387610249923,-2.060717302998791,-0.03953495995291363,-0.007933978148291278,-0.034945153744104666,2.3458907022647697,0.05335845610524315
2.5686190128326416,0.2053204562989249,1.1636591313633757,-2.108002516666963,-0.047972321661882054,-0.0039026861176597637,-0.036269248647670796,2.4165954717441673,0.06026635049536866
2.570620059967041,-0.1409939604187616,1.1692312153318245,-2.283784726221591,-0.04639107153722524,-0.00918816602694926,-0.03940072641267293,2.5695629214914995,0.06155461928366576
2.57259202003479,0.05986736438827708,1.208455472290249,-2.2229739057581384,-0.04242464217052008,-0.006351093141953079,-0.04509060007940925,2.5309211199696917,0.06223623432467341
2.574592113494873,-0.3072933543548415,1.130107036741142,-2.0905010509263335,-0.03969589546734572,-0.013402228398146131,-0.03667832642856092,2.3961981896426265,0.055683781055084466
2.5765841007232666,0.01770598459899833,0.6559521791784594,-2.078013083349934,-0.0299516868358519,0.010004005321682392,-0.028305970102662698,2.1791569787037117,0.04240768338688201
2.5785720348358154,0.6305171797060453,0.8529733288404405,-1.8603146188118138,-0.027348128733036232,0.014365557456886691,-0.031134540518335772,2.141468163336208,0.043859423155505894
2.580571174621582,-0.30742261209353133,1.0428123707523367,-2.2282216347806383,-0.034254589999517894,-0.012942334363708468,-0.035638596988068615,2.479301909152054,0.0510978526955397
2.5825769901275635,0.131903471495099,1.2843241114439727,-2.2830326561788548,-0.03805458485140892,0.0009863427885781469,-0.03934150788383993,2.622808620202375,0.054743753459951035
2.5845730304718018,0.1163202363419506,0.8733075457907895,-2.356354065458792,-0.027945368175839366,-0.000631149563780008,-0.03557131627479486,2.515671073237111,0.045240031982488264
2.586576223373413,-0.24266514022222654,0.8847836497282369,-2.010860270557343,-0.036094637613320324,-0.01068920530760237,-0.02997642956965357,2.2102686499182496,0.04812139133783846
2.588581085205078,0.46198045956916395,1.2164122142227152,-2.1641339931086736,-0.03694542641711254,0.007166913590072427,-0.032033895268066596,2.5251852526225553,0.04942165142521344
2.590581178665161,-0.30075506183117934,1.175712267852293,-2.1879256045850606,-0.03307263454667711,-0.011414954377752745,-0.040331862748452345,2.5019535157940807,0.05339250408123068
2.5926151275634766,0.09787323184577951,0.9776895825918124,-2.1798559247858997,-0.0383764751053978,-0.005629140019346629,-0.03347206146865173,2.3910725506024866,0.05123299676803834
2.5946240425109863,0.12936268313414157,1.3687685625613026,-2.089763207690951,-0.042580731677820664,0.003106312675661192,-0.037989135500391735,2.501474034616904,0.057148423466659666
2.596623182296753,0.23042061708257627,1.3572175345408644,-2.123618891570205,-0.04180486125393295,0.0007323159915885,-0.031244209352949973,2.530788472685096,0.05219562557593392
2.5985870361328125,-0.0038545196566530625,1.3786414514787706,-2.359444880881214,-0.042609235559493246,-0.002099260714281374,-0.037354996395004496,2.7326996276528166,0.05670405281972099
2.6005640029907227,0.2904428673241786,1.3579362747213861,-2.1121810402455323,-0.048471020675506724,0.0059733306912475815,-0.03292828291252951,2.5277770337109216,0.05890154786115544
2.6025991439819336,0.012389449804623656,1.0316765691769527,-2.488958744936348,-0.02941944134696484,7.042050413890198e-05,-0.035040397516834014,2.6943321391117148,0.04575301024361845
2.6045892238616943,0.20258071950630233,1.4580845955134445,-2.311010792033279,-0.05335874334718835,0.002443071378022594,-0.028792367011619083,2.740040239938746,0.06068051159541259
2.6065800189971924,0.32197131262549206,1.3842663254576,-2.0619607965938,-0.043240041079942115,-0.002690372360538926,-0.030390972486175505,2.5043045167549827,0.05292022736807647
2.6085870265960693,0.399311090494176,1.5428930117305846,-2.4477908201439855,-0.043438936803110964,0.0029119706996318506,-0.02944538917863716,2.9208985076205383,0.05255903107765197
2.6105780601501465,-0.31034925614275993,1.2459130289980025,-2.44221040510311,-0.044544003038078026,-0.01934921820135504,-0.033943994418391576,2.759167917943603,0.059251626211739974
2.612600088119507,0.27581062927545674,1.0152853069124268,-2.048479304048724,-0.040587841711403366,-0.0017646628759237974,-0.03240169856993309,2.3028554485181063,0.05196495934831858
2.6145761013031006,0.2522990578639382,1.4838157536321848,-2.2050936030220156,-0.058953124503737665,0.0006057573862590829,-0.03675060036620664,2.6697943372879296,0.06947261660568738
2.6166810989379883,0.09520193441401462,0.9869348879084271,-2.35339070069026,-0.03289471987015591,-0.00486189440040287,-0.038564022220566624,2.5537328895917017,0.050920373352176584
2.6186630725860596,0.2116413704979841,0.8986156653226272,-2.377969806294215,-0.03133010789183559,-0.00481344833655461,-0.03714767601838709,2.5508905471063317,0.0488333367585074
2.6206040382385254,0.20628806331305832,0.905906232880083,-1.892313560183204,-0.03539672974715329,-0.008728942469474565,-0.03426106929917437,2.108096648137762,0.05002942916875259
2.622598171234131,-0.23160532132630235,1.1127534574818028,-1.8605648866609135,-0.03404152384120393,-0.011150932619635371,-0.03940635690608592,2.180266722096153,0.05325438581308331
2.6245901584625244,0.17360080267972014,1.2112194036188233,-2.069232295024356,-0.03096357896491698,-0.005559876348837465,-0.03179417115475137,2.403936765633727,0.044727226235802234
2.6265761852264404,-0.07286785197299106,1.267616684076228,-1.835438844898218,-0.04358282934346874,-0.010829639949526836,-0.041850872580513586,2.2318148523031374,0.0613859890428483
2.6285691261291504,0.3018553253882901,1.0186670739099255,-1.937563801657374,-0.0296497235136852,-3.906841159458167e-05,-0.03772910069338003,2.209740421503498,0.04798533807226923
2.6305620670318604,-0.25094414279210225,0.9303888161414994,-2.254646747245678,-0.0322991407953025,-0.012198275921506647,-0.04457803617338747,2.4519437731865628,0.056384694205500706
2.632575035095215,0.16681018788773738,1.1745315417890754,-2.1694302062134048,-0.03764722864845772,-0.00254705440985413,-0.035094062045300134,2.4726053872528264,0.0515305201013476
2.634580135345459,-0.30675386748564265,1.5098333070621053,-2.098170015241495,-0.04967320623631854,-0.012368865073384925,-0.037597635782276574,2.60307740245848,0.06351376588910596
2.6365861892700195,0.26173055930405964,1.410025311474784,-2.4819314143334616,-0.04920026979374579,-0.00530817253948422,-0.03799151491093791,2.8664713168159337,0.06238748631508026
2.6386001110076904,-0.2701221746031584,1.147879677368683,-2.1203045265506124,-0.03935585802216731,-0.014747989433939995,-0.042045698411151675,2.42616673545727,0.05944936928081003
2.6405880451202393,-0.21553765725357427,1.1580697816210734,-2.4052902245751873,-0.03506448957756036,-0.019664389452845196,-0.04010595773682599,2.678246285395575,0.05678639351003091
2.6425721645355225,-0.11040185482847603,1.2593990560266326,-2.3602531251885788,-0.043518230926179,-0.009212820740158716,-0.026617355526403937,2.677511786497455,0.051838172268643186
2.64457106590271,0.31839755493496646,0.932788658859217,-2.188626356394607,-0.028049276321580194,-0.006629031056749461,-0.030313666466270584,2.4003243557882077,0.0418285109649388
2.6465721130371094,0.1788917549341439,0.7028202141168224,-2.1029932699110874,-0.026678468067987876,-0.001513609197998328,-0.03846834188559727,2.224531233012016,0.046838499107957246
2.648576021194458,0.34189212921086154,1.617148300771189,-2.087297790604915,-0.052610885712087226,0.004677646447305183,-0.0309731506733279,2.662493365506784,0.06123007214048472
2.650562047958374,-0.31360463240934283,1.24417625716116,-2.314959624339797,-0.03987228472038119,-0.011857450311643208,-0.03804279890358699,2.6467641539577356,0.05637067291717379
2.6525821685791016,0.5458837077635981,1.6284839296514784,-2.110727712083055,-0.05361335169390874,0.007558667551484742,-0.03248077479330927,2.721235088354224,0.06313893938119558
2.6545701026916504,0.47393803352950986,1.1410022542003233,-2.412886553049223,-0.04064326077869175,0.008777985238680883,-0.045042806540112744,2.710816283262626,0.06130075115840968
2.656590223312378,-0.028367535344900406,1.0843106262745903,-2.396243217887021,-0.03358553229078926,-0.008945725873626357,-0.038031530852607846,2.6303071703858247,0.05152097950985189
2.658567190170288,0.3906968297897216,1.0768980357359086,-2.3280652707382954,-0.04122895883884702,0.004755175096403645,-0.03624690193026632,2.5946562965058337,0.05510241951743266
2.6605870723724365,0.40563672109285304,1.3739875828452526,-2.65452006141259,-0.04559960728111763,-0.0012402926331525686,-0.037426055671693326,3.0164316308767556,0.059004848556272874
2.662626028060913,0.5174197391124157,1.7524640593848173,-2.5897153176022583,-0.058802059240556884,0.00797690342686545,-0.03125062805682657,3.169460347138364,0.06706649620457009
2.6645801067352295,-0.002642245486165526,1.130583247502452,-2.5727713862280144,-0.03822415656423197,-0.00652803803370788,-0.02500874530502836,2.8102274048176277,0.04614259168434552
2.6666111946105957,-0.021281546850724517,1.2044625463195644,-2.670489844822108,-0.04334905065418742,-0.011104185776341763,-0.0434524228694575,2.929624368587375,0.06237432314342955
2.668614149093628,-0.01720395212527888,1.4018214949802106,-2.4451654920721757,-0.04759600216063788,-0.012054126913748367,-0.03848116257759723,2.8185517138022935,0.062381738278535236
2.670598030090332,0.1814954442480841,0.9839635090625224,-2.259534183954909,-0.033782166566130395,-0.006056478376821431,-0.041405372593778585,2.471157524705825,0.05378029925409782
2.672581195831299,0.2676773386911665,1.505583882085102,-2.5403826058472507,-0.04634035879787675,-0.0033127467991524266,-0.0344638919877276,2.965126939565067,0.057846028349515945
2.67457914352417,0.16594198410055266,0.8636807413734437,-2.3446689303905752,-0.03141900394033609,0.0031681292528935195,-0.03613812807844569,2.5041872051117693,0.0479911986991369
2.6765739917755127,0.3416169953531786,1.2665680003896385,-2.318986407457925,-0.03855802220536081,0.0026568750192925593,-0.04483006465200031,2.664318792693501,0.05919049550358373
2.6785712242126465,-0.5555039963834209,1.2285900843854534,-2.215115452505896,-0.04020481526716782,-0.028185513591992978,-0.03641834487051471,2.593213210165837,0.061132202563127534
2.6805760860443115,0.5833029978955577,1.0113570322275984,-2.3278986784901905,-0.03235801317450066,0.011814409634327805,-0.04741003942081499,2.6042652881967565,0.05860318361225853
2.6825740337371826,0.019635590690558105,1.191903476518568,-2.476441733695207,-0.03557002781029039,-0.00539745910254454,-0.035279725484446814,2.74841465469571,0.050388674059220866
2.6845791339874268,0.22904223866255835,1.334103107246068,-2.260747075117662,-0.045136760132977294,0.005540118371388566,-0.03646719954406408,2.6350083084324867,0.058291308695701045
2.6865711212158203,0.595467748709535,1.6020990114567828,-2.132655620240241,-0.04639429690940501,0.0056491352135164125,-0.03477665189691698,2.7330428238149307,0.058255978504681886
2.688577175140381,0.6125604847471837,1.4256841982113293,-2.394851838787377,-0.048163199908977,0.0070399533835654,-0.04051844697871082,2.8536154454036837,0.06333245072379133
2.690570116043091,-0.0746026993423719,1.0004708220847016,-2.200257094168679,-0.03361706486155851,-0.005915259807687053,-0.04612705925921334,2.418189138390876,0.05738294994509823
2.692589044570923,0.2736736005735423,1.1024386767184524,-2.193687004828568,-0.03667883135534862,-0.002495719218620089,-0.03914625600299121,2.4703301299076106,0.053702836452686746
2.694615125656128,0.2913743216020679,1.1967613637451822,-2.3797205856474637,-0.03887642265274075,-0.003954805594142694,-0.033757582433775364,2.6795907939080177,0.05163904624734209
2.6966350078582764,-0.30971931923979246,0.9015209689591742,-2.3365794696148776,-0.02983305550570029,-0.014517873192778264,-0.029651009697601895,2.523543090975304,0.04449676638740242
2.6985671520233154,-0.043759450603813844,1.3633503792213058,-2.2269331047958913,-0.04744594338684687,-0.002151336951543003,-0.037380363128873204,2.6114881196888287,0.0604403618635211
2.7005670070648193,0.20068117754681233,1.6172592523804117,-2.4053934046453467,-0.04670378322576778,-0.011991647751559675,-0.03310924848781865,2.905463449355878,0.058491583316107244
2.702552080154419,0.27429334981005815,1.4087014064597434,-2.4166339968552277,-0.041364147385967595,-0.004406104429742382,-0.034611315138069865,2.8106576399604695,0.05411422715701139
2.7045841217041016,0.41747654895249103,1.2111340964767479,-2.408334546727785,-0.03953022116548686,-0.0005483898426330235,-0.028819744996732552,2.7278577231110046,0.0489235814151877
2.7065670490264893,0.5154023198720188,0.9498503393531669,-2.263762961674309,-0.03528327026068019,0.0016177199992859614,-0.03667398856768205,2.5084812068554996,0.05091667325883303
2.708588123321533,-0.008120047563169301,1.398610271059393,-2.349254479790854,-0.04344940214608453,-0.006279841012253929,-0.03979519571398507,2.7340763040381026,0.05925322397900166
2.710574150085449,-0.05187664068385739,1.324479130503737,-2.2713062962513924,-0.04452150407879983,-0.013610263823926692,-0.043668539059281496,2.6297848665584405,0.06383059540978347
2.7125701904296875,0.12876954825134718,1.09516852495119,-2.394388291073919,-0.03740262299230347,-0.013210083807526947,-0.04108444340086051,2.6361090612932734,0.05710861590394907
2.714555025100708,0.3572566744661799,1.177051719405066,-2.2905001393242403,-0.036730790818539756,-0.0005699360199777636,-0.042653375657647916,2.599898838387644,0.05629197346171676
2.7166240215301514,0.03207264934175057,1.4925747511780032,-2.1073300976136964,-0.054245154776805506,-0.004060053633747101,-0.03387346710863369,2.582566201087288,0.06408145305958797
2.718600034713745,-0.3116385704950372,1.159893986715895,-2.1562750914996434,-0.04007655097491448,-0.013352059883305711,-0.03799073418535274,2.4681966958209953,0.05681287992272905
2.7206079959869385,0.36743370645496864,1.3278582666926007,-2.13299067076626,-0.04253950474581716,0.0012872161779794175,-0.031728122531463385,2.5392645208089313,0.05308427402611631
2.7225890159606934,0.12325705074499445,1.3729546962330945,-2.4864144085907958,-0.044572110472247274,-0.012665154942739305,-0.03516757868871524,2.842965618806316,0.05817076389820566
2.72461199760437,0.581912898883911,1.3895943010098801,-2.1821529542954226,-0.05097409326640416,0.0031898734102091876,-0.0361831740539667,2.6516761603232877,0.0625919768127264
2.7265682220458984,0.3240654067211543,1.1138090849464466,-2.1720109859504064,-0.0342777485949418,-0.005427788064944117,-0.042687381703018695,2.462360816093337,0.05501488424667637
2.7285702228546143,-0.19869196648031792,1.0943333386927478,-2.0415975469292884,-0.03826394878859033,-0.01563564270065356,-0.03685061151279777,2.3249009650619357,0.055376625650408746
2.7305641174316406,0.100110635307498,1.4300669176887477,-2.3321112209753956,-0.045664796808393956,-0.006960673477137567,-0.029891927194304762,2.737490872198265,0.05502046850215699
2.732572078704834,0.20817975578461814,1.3768482839017349,-1.9875518316699348,-0.04274888951902271,0.0017373893426932652,-0.03620962762912895,2.4268111362807385,0.05605018474436897
2.7345800399780273,0.11423627841289284,1.0480275910343162,-2.0773300899795086,-0.03629574641569157,-0.00928878658798993,-0.0332247942452799,2.3295304380087187,0.05007544025558431
2.736574172973633,0.23761461433370723,1.614873870099681,-2.290783658497973,-0.053586762263552974,-0.0012391724147768355,-0.030778210894061984,2.8128220866803924,0.061809181389203376
2.738572120666504,-0.021335956194868343,0.7352954623826945,-2.008797250586074,-0.031619651281234486,-0.005209989287923062,-0.03944316072872307,2.1392477729308266,0.050820362688582116
2.7405641078948975,-0.0897180696112107,1.0155584669055329,-2.181507072883722,-0.037395426836757194,-0.01446400269791758,-0.04175383672594345,2.4079828572396407,0.0578878934120544
2.742575168609619,-0.08359832895742744,1.1476681162103226,-2.1507786147710464,-0.03566023414389126,-0.006134107554714759,-0.03231782735892143,2.4392579681793984,0.04851516814245836
2.744570016860962,0.13854360425500178,1.018362819593481,-2.1039766997318923,-0.03556839384512896,0.0011344637197223653,-0.03133655181666905,2.341575349123973,0.04741705524821589
2.7465641498565674,-0.17168009030660597,1.3444084415702169,-2.5820448999062786,-0.04099032077015633,-0.01269456525167153,-0.034362261732056726,2.9161385385994554,0.054973843008394696
2.7485780715942383,0.1127293660267533,1.2479613799629852,-2.4293637965120154,-0.04172119034677539,-0.004790737948247885,-0.037460842149607765,2.7334820232895596,0.056275426152082364
2.7505691051483154,0.11213194622675687,1.0953591671212977,-2.3124223739613674,-0.036746029939112655,1.6201948660927187e-05,-0.04367765110197053,2.561187715486389,0.05707896446655958
2.7525742053985596,0.7530361407294628,1.0504446756196066,-2.357546638232429,-0.031821436130618413,0.014386508850242563,-0.03769326931219473,2.688591377882353,0.05138441384072388
2.754564046859741,0.021403133296647545,0.9040657562255856,-2.1474401363855424,-0.03073143279543016,-0.004720692437544891,-0.03398423998542509,2.3300841454879286,0.04606120348120422
2.756571054458618,0.054133857586096734,1.289411771263913,-2.25380262244916,-0.034866467956407535,-0.0006369223800151802,-0.03232848583425141,2.597140629879292,0.04755215299235936
2.7585670948028564,0.8920716920599577,1.1218895134727047,-2.3992570870382557,-0.031774490990361136,0.013513219592433713,-0.030019499149242602,2.794792041264973,0.04575364150121007
2.760585069656372,0.18843819610274334,0.9249440175323019,-2.3317887129242596,-0.0333244818851296,0.0001831683591609996,-0.03237781748546232,2.515605094413713,0.04646372465356214
2.762575149536133,0.6566009305552953,1.251321849502263,-2.2482047354941948,-0.038189230925545145,0.002917341780631251,-0.0381020492360666,2.655438887593982,0.05402494236681122
2.7645840644836426,-0.3154744512757976,1.1588629876039072,-2.226922240269277,-0.043479506949621806,-0.01694814821565009,-0.040928933645820925,2.530152212348489,0.062071610756495324
2.766613006591797,-0.33621722050295333,1.072370551040107,-2.2510886577107043,-0.02915580124366816,-0.00588763627802827,-0.03309210989926434,2.5160327428264075,0.044495086747725586
2.7686002254486084,-0.15152922539908686,1.5082571791596835,-2.396676343102018,-0.046158209743020415,-0.011677907869584857,-0.033254247683345665,2.835817045971343,0.058075802602086155
2.7706100940704346,0.03601586328499437,1.138241719886762,-2.150720258095138,-0.03741272232505149,-0.005786496111407571,-0.03976366103193866,2.4336164414056203,0.05490304242645992
2.7725682258605957,-0.3850025785339383,1.6738873797816718,-2.355436845065492,-0.04712843881131009,-0.02196824130434182,-0.02669928793054302,2.9151687218345033,0.058451221944414725
2.7745721340179443,-0.04247422069110962,1.3807015879383193,-1.9197742198017702,-0.04134693297063028,-0.0026119561924100683,-0.0375792998761396,2.3650949218528647,0.055933844498744126
2.7765731811523438,0.4121914405529515,1.3553955660612989,-1.9859297325485796,-0.04372065171368573,0.004952320585357587,-0.03705894942208944,2.4394499024952774,0.05752726829703068
2.778569221496582,0.3507365981786852,1.2341541284847917,-1.9776323011683492,-0.04932704030857932,0.01276743792471373,-0.041117131401095124,2.357367619354782,0.06547352802026594
2.7805700302124023,0.262894105406189,1.334608313445689,-1.8410842367984552,-0.043390341679269265,-0.006073442325149136,-0.040335817523074406,2.2890792533163675,0.059553225168544825
2.7825660705566406,0.23183694671316696,0.7704770199318196,-2.0425122644449063,-0.02582699933086856,0.007671226597744246,-0.04355787605464258,2.1952766473754877,0.05121689348586293
2.784572124481201,0.0827830888155794,1.0995192543904235,-2.4184071408479983,-0.03700238745547383,0.0041065060492844795,-0.04089655686880143,2.6579105947103847,0.055304325627033246
2.786569118499756,0.13529161256525454,1.5747394310415435,-2.267460544922784,-0.04857735410971146,-0.008653248678925295,-0.03494655033661043,2.7639619061935496,0.06046403414782105
2.7885851860046387,0.292775999260779,1.0848920063944159,-2.230030149564424,-0.038724507674413114,0.0038266210592847356,-0.04057466212865075,2.4971469558774424,0.05621862440696327
2.7905681133270264,0.19873189777483352,1.1777793248719866,-1.859297471847369,-0.040611957047729574,-0.0014272255167625389,-0.029502111398321297,2.2098971908455645,0.05021695535256284
2.792586088180542,-0.009847023112636383,0.8748510944203098,-2.200812327489053,-0.029359215684092516,-0.002874547933993747,-0.04535712911690836,2.3683404109418853,0.05410633727335263
2.794619083404541,0.6204911927019392,1.5801425780315526,-2.055597808754121,-0.052550453179402094,0.005439875890249488,-0.03785230939348877,2.665959909391666,0.06499184337655185
2.796603202819824,0.683002354297864,1.0646353906288013,-2.2512383258125164,-0.03682300570140117,0.01673422202289064,-0.030332377398136698,2.582249935727157,0.05055710686164523
2.798570156097412,-0.3607460525195063,1.2008527167522371,-2.1120732187036784,-0.03917132418678077,-0.02277504501332436,-0.04330284815604469,2.456224387735158,0.0626756090702778
2.8005731105804443,0.30518297772349523,0.9591295362059299,-2.187368969073468,-0.03360100396779506,0.0029308689263746607,-0.03238430205003433,2.407830792223637,0.04675853376203348
2.8025460243225098,0.14308692391339176,1.0656403776774956,-2.060681981790247,-0.03777383033922938,-0.006985230633341586,-0.028339198399295357,2.324322161923044,0.04773642080647107
2.8045551776885986,0.38189673650501293,1.1847245118831131,-2.2421467117851015,-0.038829467889415735,0.002105798795042124,-0.033982298954032555,2.5644958887817704,0.05164260457550152
2.806563138961792,0.2864195665271664,1.1094000481953397,-2.35613864443589,-0.03154147483976501,-0.000683076056192084,-0.03983974062344772,2.619960676580781,0.050818659574113745
2.8085780143737793,0.2969614366463639,0.951289217180594,-2.3305689223467554,-0.03096167821911156,0.0014314028234005476,-0.030813130734532047,2.5346969782180384,0.0437049591905771
2.8105790615081787,0.47967470018129643,1.351811249041794,-2.332345457621083,-0.04600539787494129,0.006333121614805651,-0.04065869518070732,2.7381228615085282,0.06172304720942773
2.81257700920105,0.4613487073803042,1.0726764554624304,-2.3944095369135505,-0.039854765166384566,0.009524780260106766,-0.030567586261042883,2.663958415284947,0.051122412651373156
2.8145761489868164,0.6631871919118459,1.0389466194049284,-2.2597516423745256,-0.03702625708367709,0.007669889925878948,-0.03649477210618876,2.5740444469168002,0.0525513017553733
2.8166120052337646,-0.07994482172486034,1.1965039483530417,-2.505846978588465,-0.04523188774840274,-0.017488944557616445,-0.03881966244119705,2.777999631577725,0.062118862216495666
2.818627119064331,0.634447191695291,1.1809458968370123,-2.4324414405615564,-0.03736506711942346,0.010257403862112406,-0.032708274012806786,2.777395868807217,0.05070693999568847
2.8206100463867188,0.09631048800460135,1.0515643758861852,-1.9514505393644577,-0.0313351299916855,-0.011292445108226088,-0.042363470569764125,2.218833602215006,0.05388945469044383
2.822611093521118,-0.05298387302407187,1.1642703188637997,-2.1552765846979445,-0.03541132705228036,-0.015756959939006294,-0.02786751889014853,2.4502142401706593,0.04773722320386679
2.824597120285034,0.40646587673543144,1.0766879891318988,-2.325692880239803,-0.04008940310028476,0.00911307797138322,-0.039365527576621505,2.5948639478957864,0.05691970829541715
2.826566219329834,-0.42397172340603406,1.123876533461985,-2.1693498920937957,-0.03503208619816961,-0.01970758779228429,-0.03750564765611234,2.4797034982113835,0.054975537160550085
2.828572988510132,0.13201464995978018,0.9182797573345834,-2.286631240702084,-0.03106366296627677,-0.0018411255358126049,-0.03819960499048351,2.467660432776199,0.049270180855665924
2.830564022064209,-0.023200903186235335,1.5855458327289926,-2.3378843522626944,-0.05405219417529685,-0.009031383806147998,-0.04184473339230254,2.8249242669756103,0.06895061494497948
2.832571029663086,0.29003167185274803,1.2369914285122465,-2.2165704714960732,-0.03712856571411146,-0.0052484087747036445,-0.039761879226374426,2.5548876335367066,0.05465421508233619
2.834564208984375,-0.010823468032123047,1.144518700830631,-2.457870339859064,-0.03960131873713633,-0.009013570191488275,-0.03403324001570127,2.711303526271116,0.0529883979686448
2.8365731239318848,0.0729500227466328,1.023117243436826,-2.5088639136992,-0.03317943486994552,-0.005021130050131462,-0.03487217795259725,2.710440690570183,0.048395820485109035
2.838587999343872,-0.28339198046694,1.2479334649319627,-2.536823838638271,-0.04306376932084353,-0.010066020969708543,-0.03567118707547336,2.841324362999318,0.056817660930865974
2.840576171875,0.2548107956046196,1.066647380934026,-2.321283497861795,-0.03764037968175925,-0.002152316451104777,-0.02866658477686046,2.567298629738186,0.04736247176258455
2.8425710201263428,0.5619840211928043,1.3338280275898853,-2.193301059066713,-0.04544938590515153,0.008086566475795386,-0.028258733805983517,2.6278304326884414,0.05412573577181451
2.8445770740509033,0.32683050302647954,1.1464529421237517,-2.3596452363078573,-0.036345132730238754,-0.004061541675230158,-0.03554201204107122,2.6436902555789534,0.050997052992167655
2.846574068069458,0.22745768802150662,1.2656038815929096,-2.273486801847168,-0.04085892227566229,-0.0058153236371497235,-0.033059523919409424,2.611940355964583,0.052879122915489137
2.8485660552978516,0.10798529586907626,1.3611735622461931,-1.963467041289439,-0.03984598268312504,-0.0016052791346276457,-0.03926596664119861,2.391580463399011,0.05596512658211087
2.85056209564209,0.3353016975342977,1.6088223956286538,-2.042749056359191,-0.05334780362781649,-0.005782220515309343,-0.038898578894436486,2.6217475920275137,0.0662761017713507
2.8525760173797607,-0.072072799865049,1.0716223787801276,-2.2659139396472168,-0.037607842456884595,-0.008738874205666486,-0.04091673293503127,2.507575520910654,0.05625741525097814
2.854581117630005,-0.04238748750294634,1.0114720410794305,-2.443767004510284,-0.027910168520126784,-0.004460641852653143,-0.03940612557500691,2.645159647604539,0.04849451067278368
2.856579065322876,0.19081986863680087,1.1463775555243918,-2.3681266553070173,-0.04521721566861451,-0.00873374182385017,-0.03762338013087596,2.6379191757239733,0.05946758420803774
2.8585760593414307,0.6581880889690455,1.1565857103493553,-2.220704377911559,-0.03604008675232993,0.005768164365938206,-0.03608640671305305,2.588905173991626,0.05132629270391372
2.8605780601501465,0.148134861649949,1.0501035221213373,-2.2843243403067537,-0.032130338560769384,0.0070922959453271475,-0.03427950225055851,2.518491420697234,0.047515719423700344
2.8626232147216797,-0.026068920874381805,1.4701720322616072,-2.5316801140537875,-0.0412697108779895,-0.007614797964175634,-0.04251388574268591,2.927710640240114,0.05973779929768262
2.8645870685577393,-0.11590483716718669,1.329613316017858,-2.508964483068048,-0.04625773855051474,-0.012281392930106022,-0.043103720352803306,2.8418670409974625,0.06440917400777707
2.866568088531494,0.2932792502067592,1.0992916128438055,-2.4198152490047518,-0.04481204161619288,0.0022219014641949465,-0.04349672876161022,2.6739410255251523,0.06249016989006418
2.8686201572418213,0.1463099947531998,1.4910101006740621,-2.186779931195292,-0.04844707597916651,-0.001996203686787173,-0.03525109260477168,2.6507591747186776,0.05994784007719097
2.8705971240997314,-0.210456286174352,1.3499538741013408,-2.5167557478399654,-0.046412196337499,-0.014123139689374314,-0.038653190581265276,2.86369111547964,0.062029220418023556
2.872598171234131,-0.00012623663957868347,0.5942003332339925,-2.1505898907656635,-0.026236206676681906,-0.014058169655169653,-0.04888605101813748,2.2311680640898715,0.05723475044920736
2.8745720386505127,0.05162443277689438,1.2238897655231327,-2.478730509065871,-0.0404608329844116,-0.004464635995706149,-0.03277690804397042,2.764900753514628,0.05226220126716342
2.8765721321105957,0.03352075338847794,1.1263702904858715,-2.221972405129979,-0.03852324518915535,0.0004349146910936592,-0.02902365064632861,2.4913841617374186,0.048234861537403015
2.8785781860351562,0.4715733776079518,1.0743009315111833,-2.236066249800192,-0.03578192754542223,0.006773601390657028,-0.038765332884996104,2.525172512009796,0.05318814763036891
2.8805761337280273,0.1149013159814943,1.1469258072823008,-2.3265914435634483,-0.035324268270703035,-0.002908825321926047,-0.03936671750830661,2.596472388662565,0.052971724919931476
2.8825650215148926,0.29359849885370576,1.0930993840435324,-2.2197043679619677,-0.03304818756598426,-0.0021889397731126078,-0.029032038592889175,2.4916167087003847,0.04404354008916401
2.884559154510498,0.5415461350045135,1.147793901565066,-2.4483501121280877,-0.03877581254007969,0.007195517351811601,-0.030617346295547732,2.7577384445167934,0.04992755754375647
2.886568069458008,0.03793100973583533,1.1140153653415978,-2.3601256432816573,-0.04092930887597749,-0.010210120305348654,-0.033757909278500774,2.610107669770044,0.054028245581087965
2.8885750770568848,-0.23471000777717327,1.3143543753957045,-2.156626879183893,-0.034630793918839296,-0.012270092937991231,-0.03695652687812092,2.536465199424398,0.05211172561956985
2.890562057495117,0.5953649258180931,0.9540959814082246,-2.524859203166369,-0.038936430517308475,0.0017052428542379528,-0.038235003302626094,2.763995754781041,0.054597334661803304
2.8925812244415283,0.5471197671827964,1.1961934836770058,-2.551543688039179,-0.03459109160852344,0.007001487084462703,-0.03468103350058835,2.870643496153095,0.04948068840196233
2.894611120223999,0.1975913563974162,1.342243448195833,-2.12685476540375,-0.03917667843589562,0.0026679411572246366,-0.0366330727831526,2.5227308638592922,0.053702067602874826
2.8966281414031982,0.44392724519590254,1.057315983065641,-2.460116730332485,-0.03144365957602489,-0.0007085836539922096,-0.04366554761965696,2.7142517963400303,0.05381343575030474
2.898583173751831,-0.14239556269658665,1.255746413434538,-2.5969425050268296,-0.04342587406303221,-0.008346304690574508,-0.03930883671640687,2.888128446856962,0.05916630784596396
2.9005861282348633,-0.13314116817152774,1.0666332658155104,-2.2553517891939383,-0.03592522523106075,-0.009237069592168344,-0.03040587167229382,2.4984084508796074,0.04796313474643838
2.9025700092315674,-0.16356791355609637,1.1261220710364035,-2.0961900726947715,-0.03852910995292332,-0.018943365122958827,-0.044175554653509516,2.385145320957305,0.06160213490530498
2.904576063156128,0.09982385167330138,1.3364942034445333,-2.2688262616859203,-0.04186017203431835,-0.002503728490891925,-0.04390316409832247,2.635100408508078,0.060712687940356114
2.906569004058838,0.061311117390619535,0.9847485991482844,-2.350473006184859,-0.03827140609477707,-0.007498275439688542,-0.038684178640116286,2.549159118110104,0.05493077767610072
2.908581018447876,0.23775599337946726,1.4892753945356216,-2.6294725692575196,-0.04508075108999113,-0.005039080328464089,-0.04215788756569046,3.03126955344371,0.06192700487990557
2.9105679988861084,-0.08115004158317554,1.3293689828842463,-2.300937035883196,-0.041976922687623215,-0.009964743226127278,-0.034000013999187215,2.6585933244862017,0.054930493333214044
2.9125730991363525,0.13132983377911786,1.2018530190561714,-2.141914683213899,-0.037152791812267175,-0.011961562908346485,-0.03938213010120333,2.4595724658611267,0.05544692144712908
2.9145591259002686,-0.007760742254985058,1.2195548767342101,-2.368283640867007,-0.04069327792820857,-0.012059131519908005,-0.03798655042348182,2.6638584290620306,0.05695913916688518
2.916579008102417,0.4587543462346908,1.4585908878482086,-2.385639975005885,-0.05162208870505756,-0.00902187241815904,-0.03410506655337797,2.8335880114528162,0.06252511326509301
2.91862416267395,0.27466836971861674,1.115821306490762,-2.3003226588563135,-0.039609463997645866,0.000828762362839971,-0.03754234454535474,2.5713778866962382,0.054580437147360696
2.920631170272827,-0.19943927694167285,0.9109732530691177,-2.3246985597226937,-0.0304089619950431,-0.017023857016801914,-0.043698116831116185,2.50476978714035,0.055893130990582116
2.9225940704345703,0.5350266754369741,1.3608689720294647,-2.222004307111556,-0.045344317429751535,-0.0004546084627252641,-0.04211990183442559,2.6599851584706213,0.06189022477391805
2.9246201515197754,-0.10862811271918346,1.1704075510293297,-2.420076691503768,-0.03160270663002895,-0.01141766005199453,-0.03442497673674951,2.690432139106881,0.048105852562160586
2.9265811443328857,-0.31780446125221756,1.179668459317179,-2.269551783318335,-0.03478863813435125,-0.02513963624728335,-0.035793362950074376,2.577495421269069,0.05588752530900181
2.928582191467285,-0.004206181216149102,1.1500585738474123,-1.888188293887443,-0.03417868463842863,-0.008527967603423305,-0.04431084721819133,2.2108612458528327,0.05660706578027242
2.930565118789673,0.18421288226730265,1.2630842877949005,-2.352034524744031,-0.03845418364835381,0.001234530411835111,-0.04238319064218966,2.6760759910091227,0.057241446124388404
2.932577133178711,-0.25225806854021077,1.3256551736871378,-2.2471701259365844,-0.042187623092332524,-0.018512795727245117,-0.037022383133343495,2.6212152425104196,0.05910309637143802
2.934575080871582,0.4345485666895039,0.7861663122915321,-2.3436420806938165,-0.030310134287064066,0.008283207088934794,-0.03846901890557746,2.5098900632881933,0.049670727553919644
2.9365789890289307,-0.22342735467174243,1.1538271259953867,-2.366843355217667,-0.03609504017830362,-0.014226431179806934,-0.040874591214839655,2.642571529332065,0.05635579363798705
2.938585042953491,-0.090059070747735,1.1307290386521256,-2.7308908273826242,-0.03426223986131665,-0.004191801548391191,-0.03557178211263971,2.957097141819602,0.04956635918851217
2.940582036972046,0.1565209157816396,1.529436674923127,-2.1163770306266443,-0.04920739805355577,-0.0032134470820551447,-0.03898439095173062,2.615860675846687,0.06286077475841058
2.9425740242004395,0.3724957927287259,1.2064553009863852,-2.2783532218365936,-0.0452278069453415,0.0033633477173265845,-0.04002739282564813,2.6048379819735312,0.06049015461520556
2.944580078125,0.07267185216302224,1.0369843605355586,-2.2435434236451774,-0.03918310019743867,-0.0024742358476241995,-0.04128706354065733,2.472671602917312,0.05697419415772778
2.9465720653533936,0.24708530293885658,1.1149089786619328,-2.005550569504708,-0.03239581474833356,0.0019727318961958572,-0.03992962748500435,2.3078791702491785,0.05145634689165011
2.9485599994659424,0.030494948499678994,1.3978065959069177,-2.300485399156645,-0.04283017572167852,-0.00731831118991401,-0.03878125634066072,2.692030143437809,0.058240599880000535
2.9505720138549805,0.08081637037361258,0.8602901668393297,-2.423159370307546,-0.03380788922208836,-0.0001495231742915383,-0.03877236263282984,2.5726118616670623,0.051442121213693244
2.952571153640747,0.16465479299594582,0.8586884983045842,-2.3115309974564933,-0.030882549783299792,-0.004109293038487086,-0.038327092494390654,2.4713625169487643,0.04939214704249781
2.9545750617980957,0.11168894783959979,1.2040243677084637,-2.5620435933592582,-0.04117235709551611,-0.00921599309870472,-0.04283550635432765,2.8330577956297507,0.06012468812582493
2.9565742015838623,0.22442528421698754,0.7185433260361421,-2.2127149987462316,-0.028128536402121238,-0.0021938885178455544,-0.041769493073024015,2.3372588400225367,0.0504055379748257
2.958566188812256,-0.053981337568623784,0.9253195927842072,-2.3255114278145546,-0.029545176003121638,0.002365527990307177,-0.034296878878209286,2.503424401593169,0.045329781033167586
2.960581064224243,-0.06114568560456221,1.2434843940031,-2.3267157838816472,-0.035108120488065796,-0.010899002671604627,-0.03670568695947772,2.6388631211113047,0.05194878091550718
2.9625802040100098,-0.2225979829666075,1.25474812945677,-2.4203251361449354,-0.04089206582946587,-0.011241034063423822,-0.0323077217850556,2.735309213791206,0.053313326491197126
2.9645800590515137,0.24917576820904025,1.3458865650107597,-2.3121922029741095,-0.038245243490030355,0.00709560525258159,-0.028610617931011148,2.686955897076335,0.04828678620395511
2.9666202068328857,0.006587740395435235,1.079798859219287,-2.459165779966814,-0.030171365003800635,-0.005802996337853506,-0.0358201289611621,2.68579695957356,0.04719181784466446
2.968614101409912,-0.1693579922189382,0.6608480118440917,-2.4785724774527997,-0.022814858802237395,-0.011342856766751553,-0.03381138449889663,2.5707438126490216,0.04233660240890025
2.9706602096557617,0.1655241705815739,1.3792891022815517,-2.3312642696882993,-0.03987656571707021,-0.0011729791375159756,-0.03314141905099722,2.7137851377448228,0.05186395694659894
2.9725780487060547,-0.16631528286071273,1.036477636113263,-2.154097022091841,-0.03402467717394411,-0.009951720247662211,-0.038867959524637875,2.3962638928258535,0.05260640332020173
2.97457218170166,-0.0314962362878951,0.7961993108254755,-2.3776943010485203,-0.020141180920663658,-0.014847779699829214,-0.035371936463993635,2.5076593757322536,0.04332779269829434
2.9765710830688477,-0.009252521005616195,1.4010802640304918,-2.3014938672895124,-0.044051322598389925,-0.0072648255318160816,-0.026758019082997082,2.6944360331193518,0.05205082418099815
2.97855806350708,0.6103544558289908,0.8482591736373775,-2.3662370525371985,-0.028238150185279746,0.008036025370103842,-0.03591658081751272,2.5867264981459095,0.046389347993437996
2.980579137802124,0.09003958098177132,1.2742358840853785,-2.484731318777402,-0.046024132439071684,-0.0002602754431859028,-0.03511119759882205,2.793863622467551,0.05788855419596402
2.98258113861084,0.1446399067848594,1.5646110987546884,-2.3329423361727217,-0.05317388251255007,-0.002054602502381743,-0.034006730888250306,2.812747506778403,0.06315172933979835
2.984588146209717,0.0054496168924744876,0.9768687085709237,-2.401219812428811,-0.033087150130253394,-0.007974567021169268,-0.03493146080195247,2.5923269006261447,0.04877048468772265
2.9865670204162598,-0.16997281774437734,1.2313978388762272,-1.9889961245360772,-0.03649869767984231,-0.012431015974915022,-0.045042064603063425,2.3454929076380813,0.05929142159030814
2.988579034805298,0.13856068642757807,1.1107550283734928,-2.0836482904315954,-0.03510376455814529,0.0009678827297098808,-0.043632644890259066,2.365283491486547,0.05600909554038182
2.9905622005462646,0.00351771478832337,1.104077432166857,-2.4840000758237566,-0.03498555442178867,-0.007779698525282174,-0.03492143583798983,2.7183185477846266,0.05004017794064141
2.992575168609619,0.20261277463697758,1.106714805563353,-2.0502701960020304,-0.038511898544614884,0.00029186510841875475,-0.04703228953854696,2.3386914020266607,0.06078887870318004
2.994610071182251,0.27398886651309434,1.0465686456065284,-2.11002349829044,-0.03527583542511864,0.0008107668411334037,-0.03998383113015397,2.3711969534978827,0.053326809951987623
2.9966142177581787,-0.09009397071979117,0.6811228387710663,-2.5008445344035097,-0.025017450735753028,-0.008902175182238964,-0.03645369952919598,2.593505085846473,0.04509982010669227
2.998566150665283,0.0028885060951085798,0.9743129650203397,-2.460210807300099,-0.034141728019268174,-0.003547234791020562,-0.03991482801917805,2.6461162698623792,0.05264441055425419
3.000577211380005,0.31352225480433366,1.5058467016683916,-2.300678418311203,-0.04960881039041461,-0.008053356283556468,-0.034790427716596656,2.7674883337904257,0.06112499060519964
3.0025720596313477,0.46794315578900214,0.9917802111138452,-2.4288553065968363,-0.0350509958774059,0.0024698421535860387,-0.031186413559223688,2.6649459440278345,0.04698153704327357
3.0045552253723145,0.23557411104848366,0.9902766962651972,-2.1488736336621863,-0.0324344494294838,-0.0008601625738666783,-0.0431223710294522,2.3777722747165515,0.05396547296789829
3.0065600872039795,0.01405073339193607,0.8398212794579442,-2.3852951592421943,-0.024154800844196016,-0.006989893840702921,-0.031436845682873395,2.528859466487506,0.04025653097592818
3.0085630416870117,-0.215431215882788,0.8114740720984045,-2.175289284113533,-0.02921567313787215,-0.019337808500725386,-0.030354008793551455,2.3316912848925497,0.04635592998041039
3.010557174682617,0.883739725396606,1.159464358747834,-2.161555154523951,-0.039692628493260974,0.014028440143519097,-0.037954737591919155,2.6072349697523727,0.05668213118113831
3.0126030445098877,-0.30044002421370314,1.3972586006179446,-2.132570585563979,-0.04978685363036043,-0.011699733269443253,-0.03464656184805939,2.567187781905141,0.06177377114017288
3.01459002494812,0.14828229872348464,1.3106502498028871,-2.373335550333074,-0.04753668754840768,-0.003251778748069434,-0.03872791434957653,2.7152372551764032,0.061401645564019454
3.0165750980377197,0.5087659598352666,1.2011345962218456,-2.4493315508195495,-0.03091335194667415,0.0031461643300800743,-0.02923993915479666,2.775030119830813,0.04266740817470662
3.0186471939086914,0.02432172933586864,1.3223888475877428,-2.174722354042621,-0.03947514016405287,-0.014462722742745777,-0.027323693668251287,2.545333205675635,0.05014021615212275
3.0206379890441895,0.0015608120036661038,1.3767354396424818,-2.796885742651053,-0.042430350160860664,-0.010248124245824894,-0.03583972416722809,3.1173663186007547,0.05647870832193408
3.022588014602661,-0.23418029459481995,1.5046141957262578,-2.445279781195377,-0.048062900249262,-0.00868001164513471,-0.03658598633831851,2.8806418549830872,0.06102392464335453
3.024637222290039,-0.12945154434617248,1.2509758301759848,-2.4370248593547474,-0.03595696436417091,-0.006058188767556805,-0.03136438541020427,2.742405585454334,0.04809708525045403
3.0265750885009766,0.5131651048255674,1.2768474061189392,-2.398863292012423,-0.03739625231342919,0.008909241613253611,-0.034263323176867665,2.7655420476080232,0.05149591817159361
3.028590202331543,0.4380475213728367,0.9659955877824032,-2.3041053310995565,-0.031308058385274645,0.007556564381657095,-0.0307872671997566,2.5365201523735927,0.04455504468339251
3.0305352210998535,0.6472591211195364,0.6945557611751827,-2.5958498368061718,-0.022665074903221217,0.017603963367312857,-0.03453472878070003,2.764016723990776,0.044902701907155125
3.032534122467041,0.1719533686433794,1.1294230506213532,-2.868452132877854,-0.04120181634149987,-0.008451693623642545,-0.03419653390970781,3.0875851448784633,0.05420722946604449
3.0345280170440674,0.239271909868412,1.030334814586269,-2.411354959355116,-0.03533601660000504,-0.00572995895965872,-0.03664717299320746,2.6331489925576017,0.05122969634137293
3.036527156829834,-0.11750947961497984,1.4479634898773033,-2.6684728962598045,-0.04810206744270307,-0.009853207407999746,-0.038241916117083614,3.0382814787129635,0.062236152972315655
3.03853702545166,-0.009655561775208626,1.08014151588794,-2.362313854491241,-0.039786735260788346,-0.0024020403797450317,-0.035781760847133054,2.597561485574337,0.05356387317977863
3.0405330657958984,-0.42848116354486737,0.9366116066812079,-2.3514901903855434,-0.029863184711695703,-0.017029121840148483,-0.03967361860407063,2.56716643885085,0.05249568367887723
3.042546033859253,0.23741756377044598,1.607886421400928,-2.578001116185106,-0.04479703609723735,-0.007626286798317435,-0.03457551083724732,3.04758192650564,0.05709991806547522
3.044532060623169,0.06596501716357811,1.3204526148786846,-2.2708674041729684,-0.041480026020143765,-0.0038906731220821025,-0.039346545409458734,2.627695807920815,0.05730515274941071
3.046535015106201,0.1337980257408023,1.103003238599687,-2.430771055055424,-0.0327393851198616,0.0029033070147516287,-0.035901504524488176,2.6726701962922386,0.04867457813654235
3.048535108566284,-0.09037453453872978,0.7110275761904077,-2.478961888091766,-0.025877263172392403,-0.013224181462036175,-0.0366772717877456,2.5804999153667474,0.04679459360253358
3.050539016723633,0.11417115839973216,1.083728909822049,-2.3866026978539083,-0.03325120006405612,-0.008279068878847154,-0.03879597305132968,2.6236188444204274,0.0517620789014514
3.05257511138916,0.07786148554429959,1.622101857297518,-2.2582169385372364,-0.05031183749254084,-0.006680985573047247,-0.030100543906480003,2.7815140819121718,0.05900812913123949
3.0545880794525146,0.4991795970723467,1.0172356238776532,-2.2218005566210177,-0.03295505703435411,-0.0012236308242461157,-0.0359207838779953,2.4940622081296473,0.04876305744045614
3.0565390586853027,0.1830819995254682,0.7067743216928869,-2.520405558894283,-0.02149865725728417,-0.009099198829334578,-0.03894334760859307,2.6240223211054983,0.04540453728610889
3.058537006378174,0.543822232707424,1.0003528726866735,-2.583274126073714,-0.028279755495944567,0.009154513544535304,-0.030219515952761084,2.8230752205921257,0.04238831010510644
3.0605320930480957,-0.018505154504114055,1.3878835878031195,-2.296447459642857,-0.041924535942020696,-0.009105948610136558,-0.034693493307001826,2.683325218630163,0.055174482253005454
3.0625970363616943,0.031569774394240184,1.2340761335509298,-2.450673506084917,-0.0366626858052088,-0.002733783446878473,-0.037724308614470695,2.7440373881348363,0.05267589166616654
3.0645341873168945,-0.004492650546426544,1.0717983794088632,-2.4199994148097743,-0.03604941085490796,-0.0022343196061271383,-0.028755732750133857,2.6467280022117965,0.046167568412094226
3.0665810108184814,0.35200435421002113,1.2161712985610469,-2.403469960644886,-0.03332380115858773,0.0008585611838071638,-0.030925979014820526,2.7165506703444366,0.045471188999063494
3.0685830116271973,-0.16203405670617516,1.0706740983546505,-2.4190095055316223,-0.034555867075894885,-0.007617672431350161,-0.040646553757213745,2.650321687696146,0.05389136493888734
3.0705761909484863,0.3736686005688765,0.7676569466913837,-2.5686483265325144,-0.030517923604290648,0.0008574658286327123,-0.02550750145806665,2.706820946470772,0.039783307295873045
3.072542190551758,-0.17721512226502806,1.2225710696302186,-2.4707526618877016,-0.04072935618768182,-0.014959326048369966,-0.044009180056562174,2.762372881433886,0.06180185936147395
3.0745270252227783,0.008978602453336548,1.162889220119021,-2.2093822998475736,-0.03912488819502591,-0.006990946032899276,-0.04505660872965885,2.4967503079905273,0.06008101358104537
3.0765380859375,0.45818345010822853,0.9206246308166495,-2.3516219152669096,-0.03335874425963587,0.010538787616313838,-0.03677372130564577,2.5666334793232513,0.05075606802803843
3.0785300731658936,0.4803442548507794,1.3967488115219748,-2.5185512507430388,-0.05087857840195792,0.0013606576778015837,-0.034951319370375544,2.91971543960632,0.06174201045682209
3.080538034439087,0.03039491521312259,0.8513522559647121,-2.479497865117077,-0.030795817388544876,0.002895589128098303,-0.03417883095323078,2.6217616554002694,0.04609728072627376
3.0825212001800537,0.04259047240825051,1.1597041003548942,-2.513711998952318,-0.03228991358979784,-0.004887766581147789,-0.034200638929370246,2.768659524462474,0.04728860840588938
3.084536075592041,0.22903402270274553,1.5909006094760125,-2.0597254121312267,-0.04878039131302008,-0.00583850732060293,-0.036784055599286596,2.6126404471656066,0.0613732962347266
3.086527109146118,0.28561462991987635,0.994740930247392,-2.3533200979471562,-0.03335239635553159,0.0005826382019403583,-0.039573052078669416,2.5708365795078705,0.05175662528364769
3.08854603767395,0.5432682527721108,0.9908300410385767,-2.4652020093472076,-0.03967222819642893,0.00574993664518951,-0.032274244552074866,2.7118454070215874,0.05146430144187676
3.090520143508911,0.302866810654339,1.0885545783065702,-2.2402633890569703,-0.03505116994584687,0.0026296146830156247,-0.024657310698018083,2.5090754128358017,0.04293579344570643
3.092531204223633,0.39582462425854104,1.2885843589590567,-2.0197674383017676,-0.04184951787913857,0.010916321709326215,-0.027017874547368502,2.4282889630658504,0.05099523283048317
3.0945470333099365,0.20185505372292423,1.1062617540990438,-2.1166087700681957,-0.033786545834414365,-0.014483050818126555,-0.034531061266656546,2.396788104281515,0.050434944558540036
3.0965871810913086,0.0666550698056784,1.0453348655484305,-2.1498162329011583,-0.03964502739712886,-0.008862662819689891,-0.03997982568204254,2.3914175115833043,0.0569970301958016
3.098534107208252,0.9692327753253174,0.9732712741129094,-2.078393896849415,-0.03458424904870408,0.018183609808877784,-0.034085639811405555,2.4912627995133474,0.0518511792469292
3.100537061691284,0.6376389499785599,1.0853562556934402,-2.4379390405852464,-0.040932280828655236,0.007390378116570663,-0.025589703016550207,2.7437435007508184,0.048835460507883226
3.1025280952453613,0.20672846731256664,0.9920387610828606,-2.0184409911876235,-0.03822470193275804,0.0001311065336710508,-0.03761576197676668,2.2585352770312657,0.05362919518195414
3.1045420169830322,0.5129101557705452,1.0806256279351538,-2.2583085583845435,-0.039515438620042906,0.002362757256521177,-0.028662702972437493,2.5555402795721465,0.04887333682974592
3.1065351963043213,-0.1860625838578661,1.056150298809266,-2.541745312509811,-0.034279142960711585,-0.020042671204047516,-0.03411973179070707,2.758721075508063,0.05235383852769771
3.108532190322876,0.13139765318515423,0.7226396887601584,-2.221067793514567,-0.024674177047056964,-0.00116914057866347,-0.03477387601407224,2.339362222149792,0.04265447638506724
3.1105329990386963,0.3017120200999049,0.8302802620193738,-2.3672525537095415,-0.030757871443658838,-0.002100256915774878,-0.03048556269665839,2.5267133018243424,0.04335697484590909
3.112523078918457,0.3592356138248076,0.7839591566249016,-2.430106156831798,-0.028219590066266943,0.0041911817902360315,-0.03349256082098864,2.5785767622795186,0.04399616913612572
3.11452317237854,0.27597621988140075,1.0215398854520636,-2.488939875830683,-0.04196374708490078,-0.004452573717203381,-0.03521804503284346,2.704538466542766,0.05496446286509164
3.1165771484375,0.14639389557514482,1.3876635955122911,-2.333147336412674,-0.0503324475994036,-0.0023100948632891684,-0.036502126620445496,2.7185690942812766,0.06221814098347153
3.118612051010132,1.0078838947792155,1.145535833237883,-2.4391772309543556,-0.045666020669953504,0.012960338411569874,-0.038942369574657826,2.8770936471713062,0.0613992179401356
3.1205711364746094,0.15119254029847778,1.2663481773667595,-2.1656450816593664,-0.03982913643684172,-0.0058417836360180565,-0.029827203023570847,2.5132678946497973,0.05010138307036957
3.122584104537964,0.6854587725725665,1.526192362206664,-2.2281559862353686,-0.050302908919507054,0.00304647201108913,-0.04188724848427004,2.786358906234291,0.06553018558696103
3.124541997909546,0.06734358102656456,1.3264883333719069,-2.728077986588248,-0.047330227460627664,-0.007278900431152811,-0.030590530088532727,3.0342241112654564,0.056823528173273574
3.1265451908111572,0.3920855663593095,1.1915733350503155,-2.4667823383240113,-0.03487624851192399,0.005060247071448136,-0.03254075226596397,2.767416341792017,0.047967273934677784
3.128523111343384,0.18715747342318337,1.0637516235981879,-2.581878084922219,-0.034196812149801935,-0.004229074437419853,-0.04532747300566617,2.798694317350067,0.056937569678424754
3.1305251121520996,0.13830027252648944,1.0246372635465766,-2.354554459149409,-0.03763071494444681,-0.009483961927480335,-0.03282766621077647,2.571562791053231,0.050829832873208074
3.1325221061706543,0.5542135171987661,1.3151675116053212,-2.1203779376291703,-0.04417581395478843,0.009190492319361164,-0.03174421406224998,2.555938341316647,0.05516940106680755
3.1345272064208984,0.1686154589647295,1.2001487998213574,-2.358808372852306,-0.0463885470549896,0.002576698076413169,-0.028436663049526165,2.6519361331964,0.05447183195232433
3.1365251541137695,0.45413012048816204,1.5897731271435904,-2.2239593950447705,-0.04467088620491212,0.00569702667618832,-0.04054813952847268,2.7712105933924263,0.06059782014645327
3.138540029525757,0.5090627234200843,0.9934301332171781,-2.451342288853381,-0.03558867484783151,0.014002924070931823,-0.0299895132913787,2.693534351568717,0.04860047908626762
3.1405251026153564,0.6531813562367332,1.217827660499603,-2.611533034158826,-0.039838765067944766,0.008323498833533331,-0.027334960556369026,2.9546327831586785,0.04902660403891929
3.1425230503082275,-0.03557312330642651,1.2788592078803904,-2.244553425405291,-0.04596142460427972,-0.0020021689239680418,-0.02891782081234049,2.5835569279930444,0.05433876694027594
3.144538164138794,0.6488902913087132,1.0701804545831373,-2.4204898212303343,-0.041474292058006006,0.011983054483636593,-0.03449484145538383,2.7249065654084608,0.0552594298152148
3.146522045135498,0.6916102493342368,1.2520390649588715,-2.168480384563676,-0.04233851956430005,0.008423084379138976,-0.03754150360154779,2.597736271334078,0.057208942325651664
3.148522138595581,0.6501498975896346,1.360828749881499,-2.325689006442107,-0.05246987570189701,0.006090266541850298,-0.031462273023509554,2.771890894412248,0.06148214233848037
3.150524139404297,-0.20795289464203617,1.1804575715397128,-2.0491625558895405,-0.038794220757407884,-0.004707736145599809,-0.03548192788997973,2.3739822377295057,0.05278372429623364
3.1525280475616455,0.10089822894856618,1.1989577166542404,-2.409894744637074,-0.0378570769364152,-0.006224264532045715,-0.04010484743322988,2.693561348690446,0.05550043721248678
3.1545231342315674,0.043368545675449184,1.5054790598838306,-2.282646635589485,-0.0473087226265468,-0.007094586661948561,-0.039485359438346974,2.734743807648296,0.06202855799093588
3.1565301418304443,0.23833515136483996,1.1892829548644595,-2.3982035970157476,-0.04111649822117436,-0.010795911953211274,-0.03807001479347472,2.6874854574204696,0.05706526235152791
3.1585299968719482,-0.0037208483550749856,1.514498055259389,-2.3471003260093695,-0.050832541574527726,-0.01029521905467036,-0.026407600399481833,2.793313112497459,0.0582005169836871
3.1605331897735596,-0.24928291796663204,0.8458466613958789,-2.239631315115341,-0.02185062526022296,-0.011136232321170825,-0.03524325364439303,2.4069788066017086,0.04293660934467003
3.1625301837921143,0.3056965846648128,0.9049968688352673,-2.388252121210472,-0.029078954324523034,-0.0027878237858865802,-0.03361571229756408,2.572200989219872,0.04453508346620059
3.1645381450653076,0.23529737729911457,1.3334352505018705,-2.351557056492517,-0.04923829777282039,-0.0017174269954760288,-0.03224837083041099,2.7135281485520983,0.058883927724510884
3.1665711402893066,0.2685045638380985,1.2308216005403696,-2.237517634885989,-0.03447796703134281,-0.005143618046596202,-0.03330231173326662,2.567781470371736,0.04821027882104914
3.1685681343078613,0.07831705132668304,1.065957956184823,-2.321620890399884,-0.02972366289092395,-0.00859308245047909,-0.03301308030846539,2.5558410521046455,0.045246001736144674
3.1705760955810547,-0.11485235821257023,0.9761581451459982,-2.2452154383796206,-0.038824423522714965,-0.015388515265946756,-0.03562360377336723,2.4509320988677055,0.05489247133954968
3.172537088394165,0.7073128482236322,1.4343334539857338,-2.258959258587556,-0.04619074329325582,0.015882861084891224,-0.03577788057909069,2.767760982173734,0.06054673220709012
3.1745262145996094,0.46673941126319446,0.9928500712834515,-2.170019905318949,-0.03919368920693365,0.0019638801448268565,-0.03916240016132636,2.431580418483898,0.05544092067479406
3.1765260696411133,0.13200184463824954,1.410666099778732,-2.264114110813597,-0.04293915712581494,-0.004277279800961446,-0.04004494721640562,2.670883007328866,0.058869891580805966
3.1785221099853516,0.07184305520412662,1.1142134381937998,-2.092561660624901,-0.038759406048542354,-0.0054730928302595865,-0.02980430521932472,2.3718025453123106,0.0491990133231459
3.1805222034454346,-0.1252343815798914,1.3423475056090208,-2.1174457293479203,-0.039992231550253075,-0.022708251556993644,-0.0324299152653911,2.5102105276008633,0.05627381875495219
3.182526111602783,-0.19771812329845706,0.6949821857303338,-1.857439369157627,-0.021878115793969158,-0.01679818057571656,-0.030884372733971363,1.9930312854694128,0.04140863799401735
3.184523105621338,-0.029449560921080194,1.418056619333731,-2.397777551795012,-0.04832804762609588,-0.006018425954656072,-0.031156230248622616,2.785873119897375,0.05781463760698545
3.1865241527557373,0.47400344575666115,1.0409744075599048,-2.222530170576288,-0.03809081652650426,-0.0020914183757175095,-0.029270723870955327,2.499589434868404,0.048083880983213215
3.1885290145874023,0.14101373029633923,1.0443140578249956,-2.3002400535000938,-0.03727161923283231,-0.004757626883115623,-0.03193591161500788,2.5301345867817213,0.049312382466047765
3.1905291080474854,0.4227971817277034,0.971812143998875,-2.436345729883862,-0.03590951096671237,0.004770592246396252,-0.03833070142111836,2.65686974005575,0.052739872958557046
3.1925342082977295,0.3453354359460446,1.1211770952998994,-2.2027048621914482,-0.035143957594212814,-0.0029238268797615406,-0.04261269717767056,2.4956368630606116,0.055312643037216155
3.194545030593872,0.2447928312882695,1.083122111449432,-2.0413497625251273,-0.031173531067109437,-0.010242519963814005,-0.04242669609628955,2.323830004867438,0.05363508922382881
3.1965811252593994,0.5520889381721906,1.3454306607205582,-2.4439314104920062,-0.046410263875150105,0.004002954114577292,-0.030598343506579365,2.8439034086354797,0.05573324734797984
3.1985599994659424,-0.014728250635903054,1.4295315186442905,-2.4978122240049916,-0.04774297016251922,-0.01773967718396836,-0.028407067309434812,2.8779929100942914,0.058318511809316326
3.2005221843719482,-0.4248769647528801,1.4133242278296725,-2.0329805814941992,-0.036637184904601945,-0.0188683858004768,-0.038880403435009564,2.512173531601759,0.0566567301537843
3.202526092529297,0.20949493683983542,1.1308079412653387,-2.2932482642424845,-0.033471823720731646,0.007166995104259049,-0.026228892128536296,2.5654633753069733,0.04312404879306441
3.204580068588257,0.2665613878558788,0.8258967262627505,-2.0347695145033393,-0.02662125674343761,6.76983595301797e-05,-0.040972797846946934,2.212113774899324,0.04886170337876776
3.2066030502319336,0.3070491181634193,1.0046160021045694,-2.0223050325875285,-0.030325052427677125,0.008783930662974311,-0.025296373928428085,2.278870359954323,0.040455812642439436
3.208534002304077,-0.058445769362642785,0.9949421614426762,-2.3705116157286112,-0.034236271305065236,-0.00865588763248598,-0.04197469277684544,2.571507560338271,0.05485363704706205
3.210543155670166,-0.09981219675937625,1.1699380563993025,-2.049013885517134,-0.030789245903630993,-0.01789245438942409,-0.039862582920517135,2.361604419346164,0.053452250696177275
3.2125260829925537,0.1852952619795843,1.4557271927355706,-2.0277352904722408,-0.046443931711351666,-0.004695514840934598,-0.032467780492917646,2.5030354376253667,0.05686161642590209
3.214529037475586,-0.09083425398601848,1.0877542237813143,-2.0423572052925065,-0.02710722815882886,-0.013235461238300664,-0.03494183748753511,2.315746762291055,0.04616179437208521
3.2167410850524902,0.2595218371477794,0.9668450368224272,-2.050301215026249,-0.025706019860883635,0.0020576279813213647,-0.03697734791695416,2.281638880612537,0.04508167642145903
3.218654155731201,0.012272037731299396,1.222178379444657,-2.0854627130736425,-0.04114711932398588,-0.004952892269649027,-0.030327579402323192,2.4172350571908647,0.051355414932617374
3.2206101417541504,-0.09189704476229173,1.2270163200013764,-1.9366397972208358,-0.039569606898764445,-0.01199271785227511,-0.036509146160707245,2.2944689626502517,0.05515883270148952
3.22261905670166,0.15118718016454838,1.3208272194864892,-2.011366472450623,-0.044609087894029294,-0.0031490531809300498,-0.035828184029695724,2.4110240964538243,0.05730223407110145
3.2245900630950928,0.41846260599213975,1.0221438453722977,-1.9784640375035165,-0.037091731971830855,0.006152371306964993,-0.03068626738251742,2.2658792864892243,0.04853138427080211
3.2265660762786865,-0.05071217671220507,1.181761265972076,-1.9178794711033025,-0.039952604596281784,-0.007134772669924628,-0.03640093746290218,2.2533071429120124,0.054517371940111484
3.2285702228546143,0.24243144525591745,0.9669887168907488,-2.1320182200638422,-0.034678397621201576,0.0024272498815091402,-0.03692792367923594,2.353580649760506,0.05071641106013831
3.230560064315796,0.5926046785143174,1.3469122920695091,-2.1295480787749823,-0.04444525888580599,0.00738442349751299,-0.03023015413978056,2.5884991882052453,0.05425654768902856
3.232574224472046,0.3399521228793976,1.0207252690395938,-2.360919354317624,-0.03474383709309519,-0.004369173165112935,-0.04376163342966394,2.594491803474759,0.05604734115487157
3.234544038772583,0.38061669767054224,1.05722046918926,-2.073487563760531,-0.035954187206857606,0.005331899075066109,-0.035289980048933946,2.358375472245242,0.050660787768318505
3.236582040786743,-0.24681221763160552,1.190870323905046,-2.091621605195962,-0.03941399580558193,-0.009811647241864556,-0.035836524609597145,2.419497745081089,0.054166299329522966
3.238542079925537,0.006498353836962373,1.4016146913379925,-1.9141690296268958,-0.04642677076266341,-0.007819232103265362,-0.03873655305375692,2.3724689767328586,0.06096807342060399
3.2405261993408203,-0.001219799875412285,0.9916186687626833,-1.8942158106853224,-0.030241668510414974,-0.006297946295872736,-0.03719576744279584,2.1380745098337113,0.048350261193690285
3.242525100708008,-0.0015340650942640005,0.9736630700865048,-2.1480260810950016,-0.03654938800652233,-0.005762099609836431,-0.02507863079583461,2.358397373741402,0.04469896283090671
3.244525194168091,-0.024943125959685328,1.316317325306564,-2.1459663082967224,-0.04108500327391544,-0.004058372791179466,-0.03059067021478544,2.517634774302963,0.05138323644847208
3.246528148651123,-0.16712289638603536,0.5892975997080325,-2.0605846744248617,-0.02526039365941002,-0.005851804336474361,-0.03759213203830685,2.1497001939788536,0.04566726938416877
3.2485270500183105,-0.11000356493160629,1.3478266997075756,-1.8492513243982676,-0.03596981757500414,-0.011175633264079547,-0.04814627352425719,2.2909535258339537,0.061129258211636
3.250523090362549,-0.07551058526556591,1.034166501980656,-1.8855434195047405,-0.037663511780165165,-0.012358574010758773,-0.02975703810931363,2.151854128221447,0.049565671469608746
3.252526044845581,-0.5282083865163922,0.8133271455891907,-1.9961658470955588,-0.027149462389124836,-0.018398697731033593,-0.03469994896152784,2.219275384996022,0.047746118629152276
3.2545270919799805,0.12932726045309942,1.058862952200499,-2.114285282009568,-0.04094301480875549,-0.004495756443035214,-0.041977857227718275,2.368146647815827,0.05881056695064046
3.2565300464630127,0.14772284980468584,1.3310987274377344,-2.385079680061649,-0.03961438699991434,-0.006310521174347003,-0.030251321531551655,2.7353703483776655,0.05024206195287157
3.2585270404815674,0.0805429940545678,0.8471276373025292,-2.279114054599336,-0.02225000274733614,-0.0054818334549737065,-0.04902112478416664,2.432791253199761,0.054112695325490595
3.2605350017547607,0.1011720301265806,0.9831732913458048,-1.860154983526736,-0.035336611040248427,-0.005562804475882207,-0.04807217085080206,2.1064287462990596,0.059921235666125956
3.262576103210449,-0.1219357255719747,1.4151995394596655,-2.2222641797690956,-0.04706428912708212,-0.009664424656858961,-0.042435191629160256,2.63744500271426,0.06410299449783322
3.264536142349243,0.3598853367157595,1.0763859824648014,-1.9414657187661941,-0.034577639078255264,0.0015685273726269277,-0.03472146110132859,2.24886935502578,0.04902706664033491
3.266555070877075,0.23736924547209698,0.9482277411981168,-1.8317786678207684,-0.03019365737904208,0.003843614101456214,-0.04445627596209404,2.076269032605578,0.053877553653648345
3.2685630321502686,0.17169131325437997,1.0307543660928262,-2.2316738564666627,-0.0296933576906748,-0.004075841524513782,-0.029150848939836712,2.464203861676875,0.04181004626871975
3.270583152770996,0.0383000400040779,0.9133692798838116,-2.3815859781382294,-0.036936723291428414,-0.0038016309656061726,-0.034742076457161285,2.5510119767975246,0.050850622435339436
3.2725369930267334,0.29673535217303565,0.8524415794235106,-2.0255415892499893,-0.03208317652666957,0.00016489568349600217,-0.038298260616992874,2.2175498292802076,0.049961126617751365
3.274529218673706,0.12498753102828833,1.5287308884767878,-2.0213124984101065,-0.048154752004046224,-0.003990728840817422,-0.029312705417592434,2.537389254435449,0.056515845177708156
3.2765262126922607,0.3977006264525125,0.7510133707730818,-1.9720079709728053,-0.024550751821980483,0.011847401042894397,-0.03971317972576154,2.1473244535796048,0.04816883816770227
3.278527021408081,0.37408110604552935,1.1150669325603673,-2.173629339068099,-0.032597040941991784,0.0007515932081765194,-0.03237187170055125,2.471431860611871,0.045946382315927944
3.2805280685424805,0.011740333984380971,0.9115889937727537,-2.232115536158415,-0.03421610395268403,-0.008681496770314726,-0.04423648163161814,2.411114285090911,0.05659484484490044
3.282527208328247,0.1391901870807174,1.157884174788278,-2.257350013286324,-0.04102813541284691,-0.004691544825072611,-0.03858234345432095,2.5408067130123184,0.05651473891585938
3.2845261096954346,0.13229846225937236,1.0490338078531476,-1.9587680936703502,-0.03175523805934304,-0.0019433017975731956,-0.035984558682991254,2.225926157336772,0.048031864732608925
3.286534070968628,0.2783315257121215,1.0692459399986736,-2.194805259547168,-0.038353636487667014,-0.002332253522777204,-0.036846867111201,2.457219047163845,0.05323657064681304
3.2885282039642334,-0.10969209432975094,1.1317484758690763,-2.064586531136087,-0.041704705043782216,-0.0017447974302064295,-0.03903675180155979,2.356990562717417,0.05715063194819381
3.2905261516571045,0.1621045683260665,0.947065975342365,-2.5934795812737637,-0.029739459087331454,-0.003341195845982386,-0.03042416536187057,2.7657455036946734,0.0426758579814714
3.2925310134887695,0.5072998808836842,1.1015752661204337,-2.1899145182378033,-0.03725200792426249,0.00925684760292402,-0.03869305949020301,2.503307179165516,0.054502790521637194
3.2945401668548584,0.5221127268591729,1.4074067947142197,-2.428544919429875,-0.0454519224564801,0.0016216904313390219,-0.030754058422090377,2.8550352031182964,0.054902816360131515
3.2965869903564453,0.6749950086767249,0.8235881218898885,-2.210545062038745,-0.02860540338217633,0.007842527267523408,-0.030620135132374167,2.4536554622767404,0.04263058775250147
3.298582077026367,0.21645340069213947,0.9612756202418535,-1.9831376858238126,-0.032392801899578647,-0.005981558457212774,-0.02690096033830376,2.214438523345631,0.042529217293589966
3.300530195236206,0.2247147746335189,1.3353075824215084,-2.208818394865531,-0.040933238832930076,-0.00393739861223856,-0.04250558281343771,2.5908341844099763,0.05914184406573204
3.30253005027771,0.3353334216563555,1.2822801048410533,-2.4478741445455534,-0.04002104316430686,-0.001446954540655466,-0.03661783865878119,2.7836628025832377,0.054264571144003036
3.3045291900634766,0.305249824572289,1.3940395944396555,-2.1213084367796267,-0.039825538221223505,0.0008185638138558739,-0.03853342598725507,2.556652759022882,0.055421732737643205
3.3065261840820312,-0.19456610417281026,0.956135320745033,-2.165296718774638,-0.026377336555182894,-0.013126072749819251,-0.037532426148123674,2.374986442236125,0.04771520388873229
3.308523178100586,0.03421220341248154,1.326846743177023,-2.446292992242888,-0.03955197868707631,-0.008230139251005268,-0.039745713671174486,2.7831712413429526,0.0566728856278279
3.3105311393737793,0.1847995486834937,0.8384764875092959,-2.1811283671517496,-0.027903972074016587,0.0027005894924912134,-0.03482524226308333,2.344038107048093,0.04470707259256523
3.312528133392334,0.1889527681649092,0.9994396930289238,-2.4570224211275216,-0.03499460505448529,-0.00524781634306651,-0.03724925181143179,2.6592371136328325,0.05137770644746044
3.314521074295044,0.668901376399489,0.9096086661946327,-2.0587759057039485,-0.032431507786002636,0.009751269930221698,-0.0388149373933913,2.3480577520309467,0.05151203089937807
3.316526174545288,0.23253470607817972,1.3790116121485154,-2.1810582789680484,-0.04424290631956886,-0.0023700642321109007,-0.03460178400247084,2.590899579726389,0.056216860640026185
3.318578004837036,0.38574027077151846,1.0516194257651759,-1.9966891443119872,-0.026121991403421526,0.005169100419056777,-0.04177827845332439,2.289424930447578,0.04954293677756931
3.3205740451812744,0.19419185047491938,1.4124643420385592,-2.347411540913499,-0.04168905891085452,1.729661755195145e-05,-0.037430027860260784,2.7464717247288712,0.056026644711829526
3.3225650787353516,0.3665223886664277,1.1807865494027472,-1.961729383076236,-0.03937767808111424,-0.0020268692730487743,-0.029602761096269487,2.3188311083537023,0.049305508765580146
3.324547052383423,-0.020565628978373718,0.8212157393126546,-1.699920779439082,-0.02226373047547649,-0.007344284060997389,-0.033048701386215365,1.8880012955395138,0.04051948748896652
3.3265371322631836,0.3315639259786018,0.7908496460789857,-2.162567921966014,-0.0238810505538449,-0.00025763588005338063,-0.030004795518805062,2.326387288658104,0.03834916825600382
3.328526020050049,0.3835188563565151,1.243623312457448,-1.9435013959276992,-0.04184393347466551,0.018558328391082866,-0.0390172714556273,2.338991947921489,0.06014710128630983
3.330519199371338,0.12180410884914428,1.0857890192200135,-1.987584873716826,-0.0359804869009046,0.004071903863899098,-0.026114723223735533,2.2680978077277056,0.04464476013772855
3.3325281143188477,-0.4700751381376726,1.0801834880005665,-2.120009040730372,-0.03422668267902819,-0.006772428469585494,-0.040876188817035614,2.425325820590449,0.053741924107650704
3.3345282077789307,-0.02161730816014428,1.113061877482051,-2.1808737782687517,-0.03838498802978073,-0.0031513734309141063,-0.029065800872477593,2.44858826425681,0.048251002486020954
3.336527109146118,0.38119616398433154,1.0224614256076228,-2.016658270996721,-0.030076393460911406,-0.0014113818491874753,-0.029840903773807093,2.2929562717748078,0.04239175604262443
3.33853816986084,-0.11052850160002717,0.8036345851023218,-2.0952532873340175,-0.03323863428718198,-0.004255426465596045,-0.03190993351535316,2.2468047165079867,0.046272662778744256
3.340534210205078,0.0351417812765101,1.2674389452496373,-2.055288612127464,-0.04642677149562065,-0.0071605637432918786,-0.043056345813174975,2.414921883595334,0.06372258390407619
3.342534065246582,0.4923773395480515,1.1658213064569625,-2.136137914593166,-0.0349691930260433,0.006814180482407837,-0.03284484361605382,2.4828733260583142,0.048456797961715696
3.3445281982421875,0.35797488341185246,1.2423749748268482,-1.8730980036219083,-0.04627545322990321,0.010377031132468942,-0.03288029782192059,2.2759915919005764,0.05770800925014989
3.346527099609375,0.2523523692796835,1.4239853292088107,-1.9325737779410863,-0.04617677733721248,0.0021252852067020164,-0.04175179663852685,2.4137641440846034,0.06228983966109745
3.3485260009765625,0.20680526313965447,1.0498894084215127,-2.07613044960802,-0.03603506382524297,-0.00010675123245770248,-0.03745450850335937,2.3356698890398735,0.05197477684361122
3.350529193878174,0.00682818598533428,1.3425607336704324,-2.0768962558882738,-0.03889860050973335,0.0003507004794220075,-0.03838454748003356,2.4730576227496743,0.054649772165024126
3.352524995803833,0.02036698972408652,0.8571572440983916,-2.1600335669222734,-0.02811735378965976,-0.0061038266868269474,-0.037243118109614344,2.32397899422773,0.04706264050053289
3.354526996612549,0.22306543594667078,0.8533239746947271,-2.3020737217224814,-0.030137352916933126,0.0007978291406547289,-0.03533508256046521,2.465251186947911,0.046448515926048144
3.3565261363983154,0.7366045269998034,1.0549894697656081,-2.5195839196613834,-0.036550776622893154,0.006996070391202587,-0.0374469440428957,2.8291150805029375,0.05279372965425966
3.3585240840911865,0.068251794455257,0.7158049291095759,-2.2288192380415732,-0.02086504282192045,-0.0004797098260627663,-0.037117506515665685,2.34193727496023,0.04258273621337971
3.360527992248535,-0.19671839513656275,1.0867290476568308,-2.3693458820807902,-0.03666419798813644,-0.016916804311451455,-0.02526039539192776,2.6140922055159845,0.04762907995733002
3.362528085708618,0.044300446696690025,1.0689127071458788,-2.201443388648653,-0.0274203562551731,-0.003482900938892764,-0.04328009018243191,2.447629444687313,0.05135341023057952
3.3645260334014893,-0.19960492452366974,1.2868037894839504,-2.2729270062286275,-0.04095205922604955,-0.006931892629437276,-0.029813329263624486,2.6195234860882213,0.05112687054828611
3.3665671348571777,0.029625584287496766,1.1839310856784822,-2.3852678096536315,-0.039329036454278855,-0.005480387601611469,-0.03132606691239205,2.6630946311856882,0.05057796184985666
3.3685719966888428,0.14097605436846777,1.3353892380222934,-2.2784084067821517,-0.048134599661625914,0.0024947143234840983,-0.04458859896982467,2.644670779705226,0.06566053946041446
3.370570182800293,0.4100687917182334,0.9924427363845345,-2.204664991048541,-0.03243515016916686,-0.0030547092896788686,-0.03816539945107717,2.4522737860399557,0.050179357614472675
3.372549057006836,0.2173242747943433,0.8137990675850779,-2.4103088787793197,-0.03119501423241722,0.0046321949148564814,-0.03618590665701139,2.5532504095641797,0.048000062325791584
3.3745381832122803,0.7653620461225221,1.076339488301424,-2.255668552818487,-0.03503760670487676,0.015269284991951218,-0.04017961875386042,2.6138719126797456,0.055454366022673306
3.376530170440674,0.3963661795190337,1.2116771480541821,-2.703845576430428,-0.04367583760173749,-0.004862088923780245,-0.038382886040508,2.9893224249929324,0.0583477903584593
3.378533124923706,0.3192129782649384,1.4266731762304128,-2.5378809001033216,-0.037787184679816094,-0.006414232100684506,-0.03898901556177788,2.928844949869725,0.0546731838650772
3.3805251121520996,0.8227876350079082,1.2568072188784807,-2.260898141773363,-0.040692802233004054,0.010328281329357456,-0.026081413083908468,2.7144436419312914,0.0494248688136469
3.3825371265411377,0.5935160998465466,1.2297994208546206,-2.7356086746801895,-0.037786934879373395,0.01225389182244979,-0.03148375120381356,3.0574863527572647,0.05068764052742975
3.384546995162964,-0.07311128018124684,1.0387681347921542,-2.325771822100484,-0.03317474436841076,-0.007575365715391712,-0.039255809784165846,2.5482541210848493,0.05195159700569314
3.386526107788086,0.3683598295282513,0.997203753964673,-2.201968951744268,-0.03258399630598768,0.006369796130958846,-0.03905487693228813,2.4451526650450828,0.05125987251461682
3.3885722160339355,-0.262400908516686,1.1045603227263052,-2.3020973304751666,-0.032015622900817775,-0.020256082984203835,-0.04054270248511198,2.566819016275302,0.05548891540106569
3.390547037124634,0.1649810934312351,1.1958271353861232,-2.2274299330741383,-0.03415012937119449,-0.002101548678022192,-0.030078630969485497,2.533508516991843,0.04555624966910588
3.392543077468872,-0.37046592853379473,1.3610178128509771,-2.2271817144438297,-0.035816342664603075,-0.014140280976262572,-0.03269511109098361,2.6362763285086452,0.050514633891652415
3.3945372104644775,0.1518170697063886,1.1743551577751394,-2.4934468054219705,-0.03247483374814825,-0.01300667935306362,-0.03530076799695674,2.76033248553799,0.049698418042612234
3.3966050148010254,0.5637648785190349,1.2693198378414936,-2.3485495038583344,-0.04354978160604073,0.01010652185004322,-0.03273962186961217,2.7284956406530627,0.055413067971412946
3.398548126220703,0.3308201718397317,1.357118828763296,-2.5613472569482516,-0.04146215011847483,0.0017316197451118362,-0.03839595072387348,2.9174840654502745,0.05653633726532631
3.400531053543091,-0.25538252857367205,1.0361637802321617,-2.523170248493611,-0.03839560462192143,-0.008374593244630111,-0.04290029019003023,2.739569987835499,0.05817895809212058
3.4025301933288574,-0.03235853434354486,1.347129475716673,-2.1437633423033464,-0.04600226032943715,0.0003481030420697892,-0.03500418016572949,2.532099162136656,0.05780676223609185
3.4045331478118896,0.2370978192119546,0.8141149119548396,-2.2710926114927714,-0.02388439593460431,-0.001550230785982439,-0.03452760924417962,2.424223610915329,0.042012181385516136
3.406529188156128,-0.06967851713871229,1.4992999226038077,-2.2245298303138745,-0.04471541141673373,-0.00830241323697148,-0.036344675570183484,2.6835216264503456,0.05821798284058881
3.4085440635681152,0.3609434801408027,0.9767513308723473,-2.309819224879233,-0.036068096652810334,0.0034458787414849944,-0.03405095833749057,2.533690630254364,0.04972172000402847
3.410548210144043,0.018170252783582592,0.9745881104991957,-2.4915858980599115,-0.03237123772818307,-0.0026414417128218237,-0.029187401530143212,2.6754723752308913,0.043666676704995355
3.4125261306762695,0.008653503156574947,1.056227434688109,-2.435329789970795,-0.03402868533236243,-0.00788803810200842,-0.03942971575330745,2.654528670559785,0.05267708282483281
3.414534091949463,-0.005575285918114788,1.1656258533927433,-2.2673823825474373,-0.04227974148700445,-0.004799866591903098,-0.031096525135736706,2.549458291990109,0.05270302775956518
3.4165291786193848,0.3464348041637784,1.2351997857129657,-2.255274340495895,-0.03659464159633486,-0.003723452543737177,-0.04277715572112444,2.594609399324019,0.05641734612686947
3.4185900688171387,0.3905811183831887,1.282228154438944,-2.160821058938255,-0.03812071687585833,-0.0004178073718692756,-0.03950089708129385,2.5427957642768724,0.0548970353330333
3.4206290245056152,0.23735101284875823,1.1976785579113092,-1.783755813072894,-0.04623944775723671,0.006524108050554769,-0.044861599650814765,2.161609176528492,0.06475502789729551
3.422628164291382,0.5100477939375292,1.066822697699219,-2.588964073689055,-0.04166100676250981,0.002565062902467507,-0.03641780818035194,2.8462245862333857,0.055393824428544486
3.424598217010498,0.7037179923118373,1.0344438682843773,-2.2839302495351794,-0.03911611469059492,0.01666771375101348,-0.04109621888359357,2.6041563920157285,0.05913359719061349
3.4265871047973633,0.08811197810466889,1.0153694253819314,-2.2381420360458404,-0.03362805241799353,0.001438547528368951,-0.033040865025610044,2.4592719581618807,0.047165814845704486
3.4285621643066406,0.3002651580763204,1.0374464030157222,-2.1433480697162968,-0.03719846206764344,-0.0005061083365288525,-0.04330751852607768,2.400082321971776,0.05709223140439313
3.430577039718628,0.4192195685511815,1.2120116915204422,-2.0662780982427185,-0.042203209633520165,0.0007782346197679584,-0.03929202928808641,2.4319174670033576,0.05766784301558447
3.4325711727142334,0.28513985824239174,0.8953019506825616,-2.1792336905149234,-0.025022068262605817,0.0030424814849227873,-0.038366726311235756,2.3731687254659715,0.04590605931209815
3.434580087661743,0.14959593794790757,1.1086962468852082,-2.0975750131348176,-0.03542897213019532,-0.0051702600979191445,-0.03823142845067054,2.3772688632620818,0.05237924948928757
3.4365851879119873,-0.019631164575375393,1.2841267857604035,-2.111906207981165,-0.03984675138319326,-0.0020948192676999147,-0.03800537033832101,2.4717432746625034,0.055104991045378734
3.438615083694458,0.2183737493622077,0.8406949431229189,-2.191059066497692,-0.02208653154029447,0.003190071852895642,-0.02932121930198811,2.3569460992319478,0.036847324668995166
3.440596103668213,-0.3925478546183357,1.0468349851944314,-2.145664656127216,-0.034962851795398216,-0.022034920329843517,-0.04158895944385593,2.419469801618943,0.05863088151505336
3.442599058151245,-0.0604946574231458,1.0186246436069657,-2.3614842853975797,-0.03609539907962401,-0.007329972831773492,-0.03999173665560483,2.572520903378606,0.05436860617270877
3.4445900917053223,-0.22003087830294313,1.1925914534729185,-2.0870267307843853,-0.03672970539132474,-0.0101110257301627,-0.03604721924541576,2.4137871773029143,0.05244717451661809
3.4465911388397217,-0.06025408146452434,1.320786739546225,-2.1812745002206295,-0.04588237602029495,-0.012726680531041408,-0.03466852785590288,2.5506992396217627,0.05889879158609656
3.4486050605773926,0.32049952332520604,0.9233939627292307,-2.019938540953427,-0.03031590531989129,0.00751544698769038,-0.03496152182196955,2.2439982317474176,0.046881169640885144
3.4506092071533203,0.40573332845739746,0.6113235194002627,-2.222379521341082,-0.014967525575436983,0.012908131403811305,-0.038907952600564226,2.3403646545077668,0.043640296215277596
3.4525861740112305,0.2422650048321,1.2031634398842548,-1.8761480719768409,-0.04202746112608413,0.0028812282689285136,-0.03594066194519791,2.2419246605590537,0.055374544206712735
3.4545772075653076,0.2917464211714155,1.2577774290753043,-2.0553758045280675,-0.0364240248397442,0.008233382979034963,-0.032214685612601685,2.42728031615572,0.049318192889891366
3.456576108932495,-0.14595566773481478,1.222666611739597,-2.0129219362384774,-0.03855312972535072,-0.011097767218594167,-0.034949174800905196,2.3596761264624355,0.05320666375673306
3.4585800170898438,0.2717224672206122,1.0801791745890363,-2.1717516107737698,-0.03703512142003784,-0.004270678815215663,-0.03464956555696596,2.4407222716455825,0.05089627991735898
3.4605770111083984,0.4798070043275455,1.151020378286695,-2.0959909261687018,-0.041415261788479936,0.011271470315751028,-0.03601676811826158,2.4389015222461428,0.05603104084141046
3.4626290798187256,0.2966456029427338,1.0956934015140243,-1.995212564959196,-0.03766585469507076,0.0050702003702119665,-0.025504119509127295,2.2955208174263384,0.04576989899093212
3.464578151702881,-0.3370791855741388,1.3859875495228504,-2.11384289495553,-0.03782287404409209,-0.02028519102099548,-0.03572653714301007,2.550081498566988,0.05584303208050588
3.4666051864624023,0.03227725239583137,0.9320557628990485,-2.034914511275452,-0.033688888874029016,-0.005371206106384055,-0.03941272713382021,2.238447416039734,0.05212632874784969
3.4686200618743896,0.2990584866715408,1.0099427255269144,-2.13670790193308,-0.02544947822122422,-0.004588427490586584,-0.03574036903089256,2.382213455061966,0.04411466408161033
3.470611095428467,-0.04603868689688158,1.0648310388167999,-2.349098171894234,-0.03385954862102105,-0.010747128665409384,-0.03409445981238566,2.5795827032905314,0.04923821683680811
3.472604990005493,0.372464985493419,0.9877165748316453,-2.3354945744728086,-0.032094654234506505,0.008310035635823911,-0.03751199858702361,2.562976610312255,0.050062696298681826
3.4745821952819824,0.2497375329934894,1.2695021006625777,-2.1403685590848363,-0.03712060245424334,0.005597384880035656,-0.034544665300530186,2.5010361828032934,0.05101572056520306
3.4765801429748535,0.5313093788056249,1.36613947998234,-2.4914095566778034,-0.045385474614704005,0.006118465470187998,-0.037366915939227495,2.8906311272590153,0.05910637302796644
3.4786109924316406,0.35393300440959424,1.4271691669098447,-2.2097710336868546,-0.052767471409460615,0.0048906545035170895,-0.04330828478989328,2.654273615117705,0.06843925826500107
3.4805610179901123,0.6941079205318478,1.0262222924366835,-2.1870139895289658,-0.030268211903947996,0.00769926095488036,-0.04484903848102554,2.5135529016184344,0.054652351493656284
3.4825851917266846,0.07626365556178859,1.3280797314581405,-2.0547177259271265,-0.044698419232513206,0.0012391859747514999,-0.040113076547962874,2.447749344093205,0.06007115092877992
3.48457407951355,0.05761230815122572,0.905392801322177,-2.2089691844427874,-0.027400989514610306,-0.006231462127685992,-0.04069105709007081,2.3880117588810914,0.04945106140151059
3.486582040786743,0.1100625913151575,1.2108846599936207,-2.266118244511403,-0.03742681621239228,-0.0050543352899490935,-0.03796410841174323,2.571701252463497,0.05354984971517668
3.488612174987793,-0.04444789857415037,1.176125953915678,-2.2475970136013084,-0.03711883706117716,-0.005778787944652124,-0.034886410186954354,2.537112573519599,0.05126659800119283
3.4905741214752197,-0.19578835269343772,1.0097870329516752,-2.1037100863967506,-0.03530082726388175,-0.013083903607435082,-0.03909760866026676,2.341708576782171,0.05427669796583462
3.4925930500030518,0.5631196874004544,0.9097869676235526,-2.428882105455448,-0.03916093090680746,0.009916768357474124,-0.03095922077153125,2.654107079791118,0.050895914913909934
3.4945740699768066,0.15942324039099112,1.0172825446681713,-2.0811342776565898,-0.03155955479002442,-0.004863106104686266,-0.03523691346734426,2.3219387216075553,0.04755307950317306
3.496615171432495,0.5178699245975396,1.0531667179606916,-1.8250008642463347,-0.03886460366601132,0.005807846225908771,-0.04425842385936605,2.169787443304672,0.0591861181225399
3.4986071586608887,-0.31199660339969043,1.1291899829609693,-2.175980452918148,-0.032333969654703816,-0.007876910166403822,-0.035212072187675685,2.4712957794716126,0.04845019437681325
3.5006141662597656,0.14724538997904513,1.0074825327341363,-2.195699675291802,-0.029556789098888144,-0.00437527982145774,-0.026519799594877155,2.4202890989943735,0.039950552260321195
3.5025851726531982,-0.04700378237067079,1.1823262695013788,-1.9559758879138007,-0.03775395792497186,0.0019411208971632614,-0.04095564623575825,2.2860329037899647,0.05573593318431592
3.5045881271362305,0.0352087499886828,1.3052933435591842,-2.113354844830704,-0.041229214896262106,-0.012258796109073225,-0.04214527587753187,2.4842099486527074,0.06021918732264044
3.5065832138061523,0.27363640270353146,0.9821017204283448,-2.139230698424294,-0.029818933405908573,-0.0019059094483437969,-0.03282995523187435,2.3697486472691014,0.04439152217279973
3.508575201034546,0.06092500199449416,1.13149627850948,-2.220589390812638,-0.03574118796942667,-0.004981245054632696,-0.03757021443679129,2.492992765079449,0.05209382240330107
3.5105741024017334,0.2827434678298496,1.040359488459319,-2.3278551593580765,-0.03811586920931684,0.002585508628607976,-0.038388632454457304,2.5653852297029,0.05415894609548608
3.512587070465088,0.4317013018318899,1.0860352411436869,-2.3618457311802845,-0.03583731899330765,0.003078553136553127,-0.04052967469806412,2.63517624019797,0.054188979074841125
3.514571189880371,0.2839666287730439,1.3441903479647903,-2.1019315505538443,-0.04364170662730607,-0.0019275531446818872,-0.03934834548980667,2.5110955738545915,0.0587929103825845
3.5166192054748535,0.4791077859271905,1.220267611002371,-2.262247495290967,-0.04291803259400387,-0.006466994672698823,-0.025038310321981977,2.6146435785681654,0.050106851084622775
3.518637180328369,0.4249479870775805,1.2928217002524465,-2.0605648363878473,-0.04310313364053413,-0.0019893290138704653,-0.03493592169703147,2.4693918654848988,0.05551897139159087
3.520618200302124,0.2744676527118523,1.0859601877981082,-2.266965100569238,-0.03268517206836613,-0.0005351960784230748,-0.03558858976925052,2.528591067979667,0.04832343768550685
3.52262806892395,0.3062343302133257,1.4165317006442872,-2.0694526572829774,-0.039912597532615085,0.0024981225028523936,-0.034433726926043025,2.5264551895228573,0.052772508068662696
3.524610996246338,-0.1389905343030093,1.4140207269901393,-2.020884670526386,-0.046068746066335715,-0.016761545764165903,-0.0432175388131748,2.4703740276630373,0.06535315173422794
3.5265870094299316,0.2528338722174385,1.021824384002969,-2.2081772016845003,-0.03344569683920172,0.008152538542721617,-0.04946900977362099,2.4462413193964943,0.06026824578277485
3.5285940170288086,0.2195039963953166,0.9634070272354602,-2.026236675106354,-0.040199605193289724,-9.28294314634418e-05,-0.0423266197503675,2.254322551922469,0.058374306115721086
3.5305891036987305,0.0246597351801474,0.8992184489287568,-1.9131478723601392,-0.029353870610936483,-0.00561887181517005,-0.041245662845148356,2.11408058099712,0.05093550965539232
3.532597064971924,0.30701578794286905,0.8229987608329986,-1.9750361136707502,-0.021351676214922295,-0.0009567257809333176,-0.028777309935749854,2.161562699688004,0.035846101162399634
3.534581184387207,0.009096546602167067,0.8345463244079522,-2.0854234447877165,-0.024105844933693832,-0.02176562679263537,-0.047444316072149516,2.2462282294578113,0.05749606418875647
3.5365631580352783,0.08732093569438301,1.0052781021266095,-2.1160512358266117,-0.030334052153557736,-0.004862676061996424,-0.041827496345489656,2.344329721065096,0.0518973967465674
3.5386321544647217,0.4365687200017754,1.193655958578636,-2.0891296248553357,-0.0422302720107456,0.00445029143576483,-0.033166976972448046,2.445377145591752,0.05388180889183013
3.5405731201171875,-0.154454513169818,0.6626169355986133,-1.7771080152166985,-0.01691828189823346,-0.017659472146597122,-0.025158071672850793,1.902900496013403,0.035085806092789586
3.5425751209259033,0.052870409943443095,0.5834448150088158,-1.940807658507509,-0.019732460978127808,0.0007042191429124518,-0.04597967613145881,2.0272980786578128,0.050039949620362574
3.5445711612701416,0.17323171026741876,1.1631252965312933,-2.1617392113912315,-0.035045762322864514,0.0011290553290283988,-0.03416801063174589,2.4608913220497097,0.04895848418055666
3.546600103378296,0.6894741483040978,0.7300441939736904,-2.0852711621204016,-0.030512794561718834,0.008256723606459808,-0.032322795698642465,2.3144534875225573,0.045210255899024825
3.548570156097412,0.13988755827039648,0.7476100428772631,-2.2130030330241057,-0.02841696382154138,0.0010774247083998462,-0.03324825322730368,2.3400580611052555,0.043750783073037355
3.5505740642547607,-0.12159015126004799,1.241428663814652,-2.18629660256961,-0.04277512910616235,-0.008754816156824902,-0.02963880161213814,2.517105902943198,0.05277136569193887
3.5525851249694824,0.6732117740329437,0.7796840727315888,-2.1148530571139337,-0.024258861054358833,0.0005637246482393661,-0.039030732355433785,2.3523870428039793,0.045958766229471676
3.5545811653137207,0.4287945093338792,0.8465547963546303,-2.047917918468012,-0.029146773354420754,0.005989290944986849,-0.04451920533877228,2.2570971523725483,0.05354778844166623
3.5565731525421143,0.49330618852091324,1.0762718696039453,-2.30343686219283,-0.03358126525553593,0.003381128382115427,-0.03674445248066839,2.5898906368884678,0.04989276694474971
3.558577060699463,0.3461149563514725,1.383349534558976,-2.182766740384997,-0.0512596463528871,0.003908903711784952,-0.034574824725906075,2.6072825203083885,0.06195360665270573
3.5605711936950684,0.15944326996291472,1.3463674405318675,-2.110448547765798,-0.04238622976851036,-0.002151929944447328,-0.04297010480265402,2.5084099573290577,0.06039580435117851
3.562584161758423,0.40794564955548795,1.4111481752813597,-2.183881344322263,-0.047237643804391605,0.0008991878588806422,-0.0397079601861676,2.631937794035029,0.06171649401207433
3.564603090286255,0.09062149946929461,1.1990605765697901,-2.1745579600059175,-0.04181266270482088,-0.012502768341091071,-0.03754973923874742,2.484886485108533,0.057572570687403186
3.566624164581299,0.3958005993188559,0.8702937828355931,-2.1668706154080013,-0.029799147100490964,0.0030814484810780824,-0.034993679213562466,2.3684166961880044,0.04606562794058007
3.5686352252960205,-0.2811061318614735,1.2161649500010256,-2.2943801611937964,-0.039741204550466744,-0.016724371231642506,-0.03114521338035808,2.611945284086324,0.05318921177009363
3.5706121921539307,0.6924615312047296,1.3473185477836183,-2.156130832082568,-0.04425346645305565,0.004178724113019892,-0.04243533425130157,2.6350845159989125,0.0614539552945467
3.5726120471954346,-0.11160195726581472,0.9654610126172679,-2.0269043482399414,-0.03021088743996795,-0.008992925753473003,-0.03837891832007918,2.2478681457468768,0.04966398901555533
3.5745739936828613,-0.13584066358269423,0.9154094051638976,-2.3941529726827153,-0.032843692251281115,-0.013642278210851035,-0.03915795755117653,2.566787003541702,0.052897689127776336
3.5766050815582275,0.015805028105324314,1.2732259475086238,-2.1655031952167034,-0.03709962406707631,-0.013255433485355135,-0.03441196690724514,2.5121222503724603,0.05230938815574501
3.57857608795166,-0.23103426315124478,0.8734729628274395,-2.028921885468848,-0.031281793760282235,-0.018025307186516657,-0.04068585890735017,2.2210033464348604,0.054394865888776
3.580579996109009,-0.056527941827485606,0.6989653358825155,-2.0526216943335136,-0.01678067466359225,0.0018392144975879923,-0.035853131767944336,2.169102065146127,0.039628535295958695
3.5825722217559814,0.09717788915265983,1.2507001181398265,-2.1041786160287836,-0.033696512195798035,-0.010377402587731059,-0.04100447108705284,2.4497473289725105,0.05407875800865221
3.584583044052124,0.3012537322542561,0.6965708053040944,-2.396356572471232,-0.01968905438041934,0.005648987825378259,-0.03539027307735386,2.51366058178609,0.04089060227406854
3.5865750312805176,0.12151506407572202,0.8204305318086569,-2.1914515282072085,-0.025820889211106594,-0.006049843743695046,-0.032746957739317385,2.3431457421173936,0.042138843958466704
3.588635206222534,0.3227647463901347,1.1658515419012965,-1.7506101576985895,-0.041743761876529034,0.007369961239843959,-0.0437758225945511,2.1279151354091637,0.06093587308072948
3.590595006942749,0.013308392762250338,1.0689431272806598,-2.190764672713218,-0.03840267625678335,-0.009245701509366322,-0.03681445430317612,2.4376764292839863,0.053995857116303406
3.5926241874694824,-0.42807325425592396,0.8659886733974845,-2.1524544446877965,-0.02856173876445917,-0.028238137792992873,-0.036157397927414625,2.359288712709456,0.054041861294247345
3.5945911407470703,0.3939962663813139,1.1013676852185625,-1.7157921611881928,-0.03514650154115746,0.0075068583135064326,-0.0347487560094348,2.076580500814009,0.04999105456504069
3.5966391563415527,0.22905670790482338,1.1452022452066042,-1.7044882702676527,-0.039374495148277615,0.0009250069033676996,-0.03896273513605059,2.066212820922002,0.055401274671572735
3.5986311435699463,0.0034109408614998588,1.3023090867918612,-2.097436722288052,-0.048304379521458225,-0.007938415992847534,-0.03578278878564276,2.46885831834487,0.06063612374407266
3.60063099861145,-0.09823564406991288,1.0779971880469952,-1.7598311152334882,-0.025944477149212372,-0.014200461870716935,-0.02771559547733046,2.0660914145668876,0.040532989583186546
3.602574110031128,-0.38115338401258414,1.028732927800518,-1.9439542257760762,-0.04033258684644944,-0.012991074807556822,-0.02569039977861351,2.2321575595817453,0.04955282259535686
3.604551076889038,0.7729165767012137,1.1085495617916492,-2.2068260527702996,-0.0376033714220154,0.015505225030709124,-0.03323928578172556,2.587733253771285,0.05252880795177248
3.606567144393921,-0.039175111100530485,1.121698995129367,-1.967350563146096,-0.038783074597429947,-0.007664954347502598,-0.028735050058199908,2.26499703384248,0.04887311635476471
3.6085522174835205,0.39418236496598824,1.413267113443897,-1.761528923608434,-0.036042688138849546,0.002064324426434038,-0.038489689428303095,2.292528695458644,0.052771137906048274
3.6105611324310303,-0.17550939652774167,0.6361147086782324,-1.984388935289255,-0.024675906701221252,-0.012723091414289409,-0.03206679159437581,2.0912304792549166,0.042415286746889644
3.61254620552063,0.12575088509311266,0.740236678087814,-1.57385847571837,-0.031856377174614925,0.0036929785592995134,-0.029717732147290937,1.743787293874667,0.04372196772000206
3.6145451068878174,0.2842222661584661,1.169897310887144,-2.142842104909648,-0.043053242385404804,-0.0026351825628642706,-0.03762194811053829,2.457888179143802,0.05723580039335587
3.6167101860046387,0.5321611187046386,0.8755732791346817,-1.966307611794485,-0.030722702850861004,0.014863677608338077,-0.027991456476097576,2.2172482151524133,0.044139948098748126
3.6187021732330322,0.509380994276811,1.0817051490330787,-2.0017802239161866,-0.03528057201106324,0.0037154988734529933,-0.037755297938939725,2.331668735398973,0.05180720235415685
3.6206021308898926,0.12719771369564462,0.9843731059230189,-1.6977694289214447,-0.026927262043991748,-0.0019049549286362707,-0.036673100298328584,1.966619104914365,0.045537046236632454
3.6226301193237305,0.6283659093733968,1.2940778480769497,-1.9817085546647009,-0.04283591401477316,0.00490373101656642,-0.03843007105926949,2.4488058290884114,0.05775666601340816
3.6245880126953125,-0.12850349395431193,1.2826213137561129,-2.303728076067825,-0.037538429470216766,-0.008738968244800322,-0.04349292589307853,2.6398472741662697,0.058113147013519134
3.626559019088745,0.03694429063509763,0.7647405742569434,-2.243567493074607,-0.023777263452910362,-0.01192553840299432,-0.039115257690277294,2.3706092302415525,0.04730306657804752
3.6285340785980225,0.2832965489331877,0.9852807773915453,-1.9738449738955512,-0.030968113588927693,0.006999432286050938,-0.045656957965211534,2.2242075276168527,0.05561091549525896
3.630571126937866,-0.05679324548853995,1.1726037463085235,-2.3420912387963,-0.034289743802962014,0.0008858932143527231,-0.030390931496450842,2.619850451731223,0.04582772145854489
3.6325700283050537,-0.29787812972016525,1.320435096873662,-2.1367107458849666,-0.04147511233788225,-0.019875865288049285,-0.039077667841486814,2.5293898546490676,0.06035146301721449
3.634566068649292,0.04288211214159296,1.0227441563993716,-2.0890929820290456,-0.028901284345396128,-0.00840762314114529,-0.03603286208292382,2.326403656409136,0.046950394179218244
3.6365721225738525,0.3420819524005278,1.3690259852009743,-2.020480549775925,-0.04387123393656954,0.0004902262204658017,-0.030365699773569885,2.4644662428884025,0.05335729764149441
3.6386311054229736,0.36018976616084986,1.0201101395047827,-2.1519891267547835,-0.034967569606553776,0.00031998474387989815,-0.03059124977804093,2.408613411495977,0.04646135897074029
3.6405792236328125,0.2134253122154289,0.893759565622656,-2.012657643359259,-0.03733666074012798,0.0014896584966669704,-0.0424730856538314,2.2124979806564116,0.05657038379415332
3.642571210861206,0.3843724909191146,1.0025913635676933,-2.494168785319596,-0.02875054792577686,0.004057146986184475,-0.041551498960244536,2.715475940556005,0.050691039775714805
3.644569158554077,0.4094592920904804,1.1644407940515775,-2.009462004721442,-0.03597585601553453,-0.0045993996870669724,-0.03917166795090834,2.3582868407277817,0.05338385770612764
3.6465702056884766,0.12935981036003943,1.0185097996438794,-2.1867022600177553,-0.029381192222615423,0.0013167169805497587,-0.03175177396794302,2.415732383041168,0.043280057187352346
3.648576021194458,0.4226581001690001,1.3461135467091092,-2.4054231285138883,-0.04177604176311923,0.01240385940400979,-0.03499498578100316,2.7886774602778623,0.055890450197873136
3.6505720615386963,0.2686686650166938,1.2883541619110568,-1.8695407312372125,-0.04060218491323968,-0.003232199681315248,-0.04147773785355881,2.28631184308492,0.05813249755478726
3.652567148208618,0.3006593941730319,1.3476213013715257,-2.142113178666565,-0.040027565941065955,0.007985634351031806,-0.031834294783438515,2.548554122131165,0.05176290868482589
3.6545841693878174,-0.11764325558209277,1.0252119003733486,-2.4369444277696393,-0.0361549549773415,-0.008834038981688871,-0.03524978944515588,2.6464310911657196,0.051261766162232575
3.656574010848999,0.29505642535579274,1.1447412355968718,-2.5183781271778383,-0.03522216246192111,0.00048010851724457695,-0.040437373926435774,2.782035079230193,0.053628466720098224
3.6585750579833984,0.20562841959855535,0.9834297990683886,-2.087194537199636,-0.02863848927865089,-0.007814933704806203,-0.04231623627278149,2.316419273956745,0.05169042570213352
3.6605770587921143,0.13128890727607967,1.0447397189212766,-2.12974633163571,-0.031225464232526805,-0.0023319763522894558,-0.0347314754250494,2.3758234981961976,0.04676262519839171
3.6626031398773193,0.2741962614628417,0.9223477589614674,-2.200410380981593,-0.035270463738911156,0.0026700672051347307,-0.036300813612624716,2.401606716969496,0.05068415867089344
3.6645491123199463,0.052443559814271005,1.2369516677214367,-2.091529927161395,-0.035556043112384306,-0.005384328552615842,-0.03060138149117409,2.430493199220394,0.04721935773536758
3.666593074798584,0.15785496295885929,1.1621398047193905,-2.33778837279806,-0.03835920109892477,-0.008614458818617821,-0.036426409602738,2.61548113949112,0.05359590027447861
3.6686060428619385,0.030915154727181274,1.3546126798285878,-2.5208468630585625,-0.04117671958191986,-0.006575862182546867,-0.03418812606239161,2.8619224598399566,0.05392209345555765
3.6705820560455322,-0.2558708624269632,1.3493405547747719,-2.3600268697709077,-0.042587322367384585,-0.017525152633120232,-0.03706155196403647,2.7305524453926306,0.059113193410783284
3.672581195831299,-0.060793630289699085,0.951084250969466,-2.2841644727031256,-0.03417867240225331,-0.009651390192175311,-0.0373254780128424,2.475007970953851,0.051522056332306373
3.674546003341675,0.07315987500060885,1.1279634089456092,-2.2580882481550093,-0.04271744957444434,-0.0017176729630051049,-0.037002689110151046,2.5251963004261797,0.05654139987598047
3.676546096801758,0.09447798277687479,1.086272178805054,-2.229345765652621,-0.03709323816705584,-0.004494082291100135,-0.027428242507202827,2.481712287616906,0.04635098251807653
3.6785411834716797,-0.4834043886854584,0.879605888046252,-2.0669249041039524,-0.028326025789492747,-0.021628185980550073,-0.028060627729064418,2.297730375934289,0.04536012559931255
3.6805450916290283,-0.2329757510581996,1.044535904903237,-1.8597915106412457,-0.030886007327726187,-0.01160227111584753,-0.024858988214367665,2.145730043660293,0.04131013723937571
3.6825430393218994,0.019307307431207364,0.45595615519940363,-2.151407837379798,-0.013587564403360808,-0.008568518063141567,-0.043549850167735736,2.199278170292172,0.04641800144174772
3.6845381259918213,0.5640879447648335,0.7979688666022562,-2.184266091104158,-0.03125356915443002,0.004266850508901247,-0.032142535758168354,2.392899470985553,0.045034811014604936
3.686540126800537,0.023255757472277414,1.1180426063364195,-2.0827129916443314,-0.03795142362494702,-0.003463879736004047,-0.03722693449077046,2.3639487104002965,0.05327432467489196
3.6885430812835693,-0.02255128530929283,0.9076125418198936,-2.204940496533716,-0.025987108261415096,-0.0072935198419472385,-0.0359418545795001,2.3845401401092454,0.04494821618361867
3.6905441284179688,-0.1216357594116022,1.0725094968266293,-2.1654509390696317,-0.03464133220453846,-0.01438744333007565,-0.029065782720832423,2.4195556716613273,0.0474535577976612
3.6925430297851562,-0.02883830996727383,1.0492690198424524,-2.151648013689297,-0.03221337095407191,-0.008810381072280634,-0.044928463273398826,2.3940313905494235,0.055981165537818095
3.6945412158966064,-0.3180581987078944,0.7146579537243603,-2.4146248477602796,-0.030025648879273763,-0.011213429970023428,-0.038537211043902155,2.5381706333515393,0.050123819061962026
3.696596145629883,0.33837814836725405,1.0549072998071705,-2.5071803439341958,-0.0393144760178067,-0.0007170553203258789,-0.04163438625094464,2.7410367490219643,0.05726748040013594
3.698634147644043,0.09647534315171724,1.350591458858618,-2.1046633359387115,-0.046404715952237004,-0.00887187667541445,-0.04967094945912934,2.5026011544436635,0.06855152134360654
3.700589179992676,-0.28016999325232556,1.2101474271795418,-2.1176013042182333,-0.030186642346111733,-0.021801333039738746,-0.03858142150122455,2.4550330556338817,0.05361956344000594
3.7025890350341797,-0.05631326111095701,1.0147923771661662,-2.0838854886681455,-0.03489887168657107,-0.0065164036701454275,-0.03020165173141695,2.3185239878019774,0.046610455147893984
3.7045791149139404,0.361322553491937,1.0456814981905165,-2.3558992977279707,-0.0347463547380258,-0.0014250337092343915,-0.03715893889578328,2.602741878165225,0.05089328667431234
3.7066102027893066,0.06521406476979322,0.8491231547417882,-2.1981381301814955,-0.029848994322527505,-0.0113818119779147,-0.038374344180436074,2.3573447447329903,0.04993093627447266
3.7085931301116943,0.1563690570259682,0.9893510251443375,-2.322549137549152,-0.03452196188967404,-0.002272643704770634,-0.03413189093484437,2.5293282169935267,0.048599554945586196
3.7105801105499268,0.1426554937762632,1.2907007012998242,-1.9848629337966432,-0.040829277204816466,-0.007465726224096347,-0.04482064110624435,2.3719063548547243,0.061087288483739934
3.712581157684326,0.28332893465488684,1.1439713214842842,-2.0796966456677515,-0.03563269566900055,-0.005667509181188794,-0.04502051838627025,2.390414986480981,0.057694512189002574
3.7145791053771973,-0.2516952467526669,1.0772802774866912,-2.3290940427195483,-0.039630364759842614,-0.013731779244494062,-0.03829363504513117,2.578480628845479,0.056793750159567655
3.716602087020874,-0.011140086359279495,0.8904105492667149,-2.0013165832029216,-0.032330707884717994,-0.007673331819822877,-0.03503130525288759,2.190484675584963,0.04828402470036091
3.718677043914795,0.3003002755323458,1.210251407877205,-1.90596617544934,-0.043213378806598625,-0.00603046541037334,-0.033097814472264425,2.277629422823332,0.05476520742030229
3.7206380367279053,-0.0911182821854131,0.7516962441324059,-2.077039191575936,-0.029137356197155344,-0.007962176678069277,-0.03032556238370651,2.210755886146999,0.04280212047902268
3.7226030826568604,-0.017037128211264126,1.0299666426762482,-2.1661108659669233,-0.03650723449797966,-0.006241877448796678,-0.03954612721910777,2.398574124854899,0.05418150406555847
3.7245709896087646,0.12236636277852389,1.2957298798536794,-2.2010617690935113,-0.03978564436410597,-0.011563691318241746,-0.03997964487041131,2.5570612741290213,0.05757593645208823
3.7265820503234863,0.3749408108310947,0.9888750763926577,-2.1612344755838944,-0.028986788377449137,0.0014843665720598645,-0.04222357473233952,2.406114915541162,0.05123736437148899
3.72857403755188,0.310835453113148,1.028893081055891,-2.045765809877782,-0.036460364151095666,0.003704787405802555,-0.04172572458384715,2.3109299859627157,0.05553485118193585
3.730570077896118,0.18909463666771156,1.1626316390998053,-2.0789542565017007,-0.041277969722372854,-0.002381421738239813,-0.03514235564985265,2.389460171352294,0.054263497072315765
3.732570171356201,-0.12361600373104356,1.1536367254824877,-2.1966147529911093,-0.03907876375405468,-0.006370404958412036,-0.031152526080886356,2.484205100996812,0.05038066808905657
3.73457407951355,0.4549589891264499,1.4292180492792814,-1.9075152453368818,-0.04314883207655003,0.006413466538651379,-0.038409837374977614,2.4265750195213953,0.05812288593819943
3.7365710735321045,0.2940897989630484,0.8596775211945032,-2.329474223952946,-0.023887572599473553,0.007257656424650946,-0.033036439144661436,2.5003968505744107,0.041408888089784726
3.73856520652771,0.26665145938203505,1.4799423535646052,-1.9591289499727038,-0.046852620913897955,5.209855237338441e-05,-0.028993827335143392,2.469720351231301,0.05509821071777826
3.740568161010742,0.05635822043249049,1.1556204534810635,-2.0029796831697646,-0.03510559717661698,5.8578300824758543e-05,-0.035911561600065124,2.313128291449687,0.05021998248804451
3.7425692081451416,0.608462362072189,0.8378243037616595,-2.382578413504719,-0.02313861863935901,0.0038884498018191055,-0.0341032853993535,2.597856021131818,0.04139504546958146
3.744570016860962,0.08905986790214887,1.0849203917317787,-2.2361693638357987,-0.03737647466581532,-0.0020464286200124657,-0.039242861689088956,2.4870539479922797,0.05423274769076435
3.7465710639953613,-0.21822139434203036,1.3210854538854897,-2.0769417098879464,-0.041507701885290044,-0.020293014279010254,-0.040564853043359696,2.4711483605175704,0.06148335585144644
3.7485690116882324,0.09598549230710543,1.2747771070820209,-2.408568098807332,-0.03946880801219922,-0.006822380298006435,-0.032445900799413514,2.7268058555874872,0.05154675700293715
3.7505722045898438,0.44615040928673466,0.9322433806279065,-1.9215850953422882,-0.04016605781015461,0.001038499093231237,-0.03496329869133099,2.1818838619580325,0.05326183376259731
3.7525711059570312,0.2270332689548074,0.917147853024268,-2.1761696488516944,-0.02737480785580554,-0.0007332395325391033,-0.04348599221351893,2.3724288461622276,0.05139016699864459
3.7545480728149414,-0.08082318505512312,1.204582318119583,-2.2890928984826506,-0.030745128046364662,-0.015378427525582054,-0.03485117451915251,2.5879523268894475,0.04895266384081018
3.7565701007843018,0.1463723798538515,0.7862425300499168,-1.9688570890636934,-0.03144035883290866,0.0004376914372604863,-0.03731022435877729,2.1250883338816142,0.04879283327537567
3.758563995361328,-0.36099905797071347,1.0632227393044138,-2.38682015300861,-0.03686557223855833,-0.014331188902543897,-0.03692793726993781,2.6377401987378835,0.05411216076677424
3.760568141937256,0.20274210495275802,0.986137688430219,-2.0944237783827173,-0.02572151343975247,0.0016602962257408248,-0.027933572447562127,2.323829353700075,0.03800838469169372
3.762576103210449,0.25859234728921154,0.7310160155445655,-2.206640880124484,-0.02670014896348276,0.00814154355576081,-0.03117181825192176,2.338913934050536,0.041843338051276005
3.764573097229004,0.39556621809974357,0.8719176976040772,-2.288929101718954,-0.029797478198766585,-0.0008504700948758039,-0.032641104829396736,2.481110545097269,0.04420469127674024
3.766623020172119,0.13775338847139681,1.1637179111301188,-2.058194226834415,-0.03345538344406046,-0.003175134795656732,-0.035212717862274645,2.36841272756564,0.048675246908545425
3.768630027770996,-0.1676890337269814,1.0985598238201897,-2.2443470095897577,-0.029541505573554793,-0.00853814243982901,-0.030945720856977714,2.5044054779525267,0.04362611680213085
3.7706170082092285,0.08401262044251008,1.3262920543823897,-2.032804108334121,-0.04272005892719573,-0.008233056484923527,-0.03735086009197222,2.428662446033116,0.05733998084615219
3.7725861072540283,-0.17035434109521605,1.5031403329002482,-2.160316680784897,-0.052013002202167105,-0.009312802045136315,-0.04006512812317588,2.6373129551114953,0.06631210426114552
3.7745721340179443,0.18616393773964104,1.2304671087539303,-2.188819576900249,-0.04292860724449207,0.000679578571564123,-0.03108210121557598,2.5178636693954997,0.05300400138633022
3.7765681743621826,-0.35651897701768276,1.3237680546292039,-2.2019133237943294,-0.043393421969405044,-0.015065334984376582,-0.04146713324587859,2.5938176360209892,0.06188276438587545
3.7785680294036865,-0.10888303887958822,1.6113125283391005,-2.2677050627236977,-0.052810649079193625,-0.009592030023461455,-0.040773424332128036,2.784002484129798,0.06740507271640979
3.780562162399292,0.7004860252505626,1.0128322933086595,-2.313166421370471,-0.031619772070718234,0.014949379914739543,-0.027854456512456407,2.6205436113325957,0.0447120195612289
3.782576084136963,0.21938721295691077,1.2972440118874593,-2.481892722296967,-0.03472403673357751,-0.0055141162094119065,-0.035015631899109,2.8090504197286172,0.049621151557976154
3.784572124481201,0.2048682173496853,1.3294808698075062,-2.2869484765143984,-0.04893130561660755,-0.0017772177111908178,-0.02022311535869204,2.653228920371495,0.05297551856234903
3.7865660190582275,-0.09155687531375524,0.8629429705071754,-2.291732561421675,-0.028891057206016854,-0.01087839098411138,-0.0431082644607569,2.4505287929027317,0.05302221271979406
3.788569211959839,0.391814701286716,0.7045220128781038,-2.408965449532381,-0.024635185632362014,0.0014376944856744614,-0.039152594958020474,2.540272537310704,0.04628050376262001
3.7905681133270264,0.2420450905310459,1.1022087963304759,-2.254454598636791,-0.03757156351900422,0.004595227782665514,-0.03400219807879273,2.521113958922332,0.050881116122060505
3.7925682067871094,0.009857394179390529,1.235801800903895,-2.190612429731876,-0.03784042696555478,-0.005043425834505731,-0.043095594477237036,2.515171182371711,0.057572253042851365
3.7945661544799805,0.006086787038746128,1.420081788533005,-2.3272458356389136,-0.0480640255410147,-0.015585820431239402,-0.04547028847299417,2.7263056531867846,0.06797510929406042
3.7965900897979736,0.32776065283685885,1.5060641075884884,-2.0936524026327263,-0.04748496333701193,-0.0033392623135239884,-0.036114138225574195,2.5998147096983932,0.05975117903181299
3.7986271381378174,0.1588929472942695,0.8184001464710151,-2.1571031350860244,-0.026531814002159586,0.0009820966393535282,-0.034506266159994546,2.3126002040650246,0.043538305804872626
3.800619125366211,-0.36590756320676193,1.0597978182141607,-2.133647379402813,-0.03327619730721233,-0.0236170416916698,-0.0396089473048957,2.4102927000544763,0.05686772961967621
3.8025732040405273,0.33823003568384397,1.2738570631340407,-2.2310893930472893,-0.042578916768921046,0.0004348051546385327,-0.03070399654919988,2.5913068622035675,0.05249655810460801
3.8045341968536377,0.34175491518073997,1.3776667746560989,-2.055418233435856,-0.048344555636895006,0.0029077693999285488,-0.03744002417710253,2.4979003739905457,0.061216064827739614
3.806546211242676,-0.13863652317225478,1.014544420638804,-2.460494615402939,-0.03539226964746154,-0.006483321881480859,-0.03921609936171724,2.665061766532527,0.05322169353342296
3.808544158935547,0.06442188709731757,1.1368154246897946,-2.1473012773544835,-0.03413721670406495,-0.004412388092495317,-0.03864071952640462,2.430514814823809,0.051748661224203206
3.810582160949707,0.1513538987905202,0.9157840751616528,-2.336590486486201,-0.03338336225027123,-0.00591660485908594,-0.03703377777066638,2.5142043625243744,0.05020912052763419
3.8125650882720947,0.3911671365961298,1.2134195458544428,-2.1881031219613627,-0.0309018972514338,0.006374356287403621,-0.02623265895031404,2.532428477835352,0.041033060663572554
3.8145720958709717,-0.280499568308172,0.8184954688736852,-2.2722594424580995,-0.02589445641683582,-0.012218255197397818,-0.03691119724649791,2.43141477626254,0.04671450647670404
3.8166050910949707,0.42892546168086776,0.8729080639365477,-2.3373148578796443,-0.028682171580659162,0.005459513474018326,-0.04045781619559675,2.531597575569336,0.04989296689185812
3.8186771869659424,-0.006826030287688696,1.199337164821848,-2.205575650438501,-0.0417605633896888,-0.006885193575027632,-0.034322656953201844,2.510581641655896,0.05449215838556033
3.8206372261047363,-0.027078903023742704,1.3075198100028893,-2.2973712344117727,-0.039046550160247925,-0.010258606783021476,-0.03619303881688855,2.6435309548483885,0.05421999770699196
3.8226261138916016,0.034598540961420246,0.9372644538125267,-2.2354298414746374,-0.033338527048761134,-0.011650822704088038,-0.03373165771824351,2.4242129220785196,0.04883670533403957
3.8246021270751953,0.2035992170915243,0.9645745000659073,-2.4137963629776737,-0.03319042984336575,-0.002380367405384212,-0.03396056047440577,2.6073491306884704,0.047545666994036076
3.826575994491577,0.28084846874341524,1.337163175051583,-2.097706541039257,-0.039603717751558035,-0.0024138343689395227,-0.04079834177173999,2.5034484119766547,0.05691033076190518
3.828572988510132,0.8361945512659282,1.2731006057694054,-2.3060695032067957,-0.041194754286803616,0.012107346032826748,-0.031052380338027732,2.7636864933631116,0.052989111460433655
3.830571174621582,0.48825440278250015,1.2004640796041195,-2.1963795056375286,-0.03986357351649814,0.0034525945918957362,-0.03298606780576001,2.5502135794950225,0.05185658658461273
3.832573175430298,0.019333048338781186,1.16554360566157,-2.1990839818626484,-0.03623605270964777,-0.00860213670414961,-0.03938611105792886,2.488942752001645,0.054206217504274866
3.8345651626586914,0.3267680382432301,1.3240759521975725,-2.3420188670711313,-0.048049583801926136,-0.002770771337676761,-0.03046989511558437,2.7101673106512045,0.05696362159921651
3.8365671634674072,-0.03559578024859881,1.0270654727414037,-2.3289495061982697,-0.033733317744742614,-0.01149043033764116,-0.038820719477490065,2.5456111932677765,0.05269739060107177
3.838587999343872,0.5395192031979864,1.1260728043504975,-2.1824037944235624,-0.039090827835790654,0.005187866675714558,-0.023876201745764495,2.5143602075342244,0.04609858773690212
3.840578079223633,0.08400602875342192,1.2554338223707824,-1.949736756199165,-0.035624981964789595,-0.011740304776459067,-0.03597448295206067,2.3204836809797813,0.051972468864811834
3.8425722122192383,-0.14653914186222539,1.15085003586263,-2.1206107927050493,-0.03676672800718964,-0.016707425060191704,-0.04192383257889274,2.4172132010395506,0.05821115080978569
3.84456205368042,0.4286103798611283,0.8542806127782512,-2.1502206242231834,-0.030430044457219585,0.006447630682943503,-0.032686083286536625,2.3530726626962077,0.04512138725378912
3.846572160720825,0.22746670754496623,0.630687743318206,-2.0073906763497904,-0.020712303427203874,-0.002375657196632889,-0.04249363520334377,2.1163944481379713,0.047332359894382316
3.84856915473938,0.22086404965346457,1.2303521389561378,-2.322421517983496,-0.03998029632112732,0.005628161100168527,-0.03897987193232504,2.637458818911878,0.05612067985292996
3.8505711555480957,0.0602504805107871,1.1571127203764915,-2.4534770885420407,-0.04360631770779981,-0.0054782062674479754,-0.032676393862366454,2.713317119700459,0.054765576814188505
3.8525631427764893,0.176205911822094,1.3258485007851364,-2.262525831850438,-0.039377761619385006,-0.0014438166598042912,-0.032390734169679,2.628297150283005,0.05100835595028573
3.8545730113983154,-0.2316726630582288,1.3319577457065062,-2.036447707149003,-0.040463131450943116,-0.0008537792563144148,-0.0415680311403323,2.4443614550856587,0.058016335274803855
3.8565590381622314,-0.02455221319010128,0.8230219584693936,-2.232627770433229,-0.026554161642984412,-0.007653930361794803,-0.040292928957052596,2.3796207085594503,0.04885924963078164
3.858565092086792,0.011666081709920166,0.8184899906045526,-2.498101932200242,-0.03101524452244034,-0.014073666111050646,-0.03067077003928393,2.628797296454195,0.04583349872521993
3.860567092895508,-0.08744086459404846,0.9724746422506411,-2.1129131824748635,-0.0345670196044828,-0.013572203182562938,-0.03134274654328942,2.3276071299292593,0.0485947662247937
3.862626075744629,0.24629061230611293,1.1720906606984427,-2.4521441763748983,-0.03194609902484063,-0.0022075101920717337,-0.033487011154227524,2.7290046984818406,0.0463336406965434
3.8645660877227783,-0.3371529481310132,1.1538460621958273,-2.134747897924173,-0.0372235668812658,-0.01531883523757702,-0.040223551541001615,2.4499349855393975,0.056905138106955806
3.8665761947631836,0.5129998518434615,0.9415204924529559,-2.0751761704573406,-0.028389602119144867,0.0040016691187104575,-0.03443562588160585,2.335805176836087,0.04480842771261806
3.8686330318450928,0.10950527015063813,0.969369800450106,-2.238645819815657,-0.03168795222588482,-0.0005830126993603183,-0.034010916781161055,2.441967305430922,0.04648880166634366
3.8706541061401367,0.06500033780120842,1.3736513617477057,-2.30786406839633,-0.0400732723410685,-0.001949508552868474,-0.0334985375238277,2.686518130543782,0.05226681314136577
3.8725922107696533,0.03605259447977181,0.9843777478422927,-1.9682481436558283,-0.029505584672958156,-0.012521474252177874,-0.034057506098035796,2.200977077350058,0.046768371427266975
3.874572992324829,-0.12256546574122015,1.2084023534518835,-2.1383694335427443,-0.03899123893648148,-0.009822613408935293,-0.04049855182560343,2.45924426918725,0.05706954658970291
3.876574993133545,-0.06497446197603962,1.2635275259572674,-2.2444056504655463,-0.04006289388620581,-0.007133171521376273,-0.03625926943876471,2.5764472075713956,0.05450368999181337
3.8785791397094727,0.14130260538065165,0.8430643220140824,-2.5154684119861184,-0.031089211828527724,-0.002926649355868635,-0.03430439378009389,2.6567471104793525,0.04638853092296649
3.8805692195892334,-0.2535647283239292,1.414535298702172,-2.42301544553977,-0.05312931459254657,-0.02604328479765482,-0.035624882397146576,2.817127798316704,0.06906597568945265
3.8825700283050537,-0.1306381317808843,1.0550213741836816,-2.335613230397006,-0.03995021268392338,-0.010647859432043192,-0.04171073705111993,2.5661694377934516,0.05872973684023225
3.8845741748809814,-0.07989514121993799,1.0814699529118508,-2.1592251948995083,-0.03474980414166281,0.00033790263925844577,-0.03141796635800278,2.4162396269680153,0.046848176871145564
3.88657808303833,0.12734391810278908,1.1778115607727324,-2.3789009713587803,-0.0425392801119286,-0.006942862280451918,-0.04507272249180421,2.657560230305123,0.06236460536161228
3.8885700702667236,-0.3761419061600698,0.8193773591668438,-2.0668249714752878,-0.0304437640268839,-0.013655675880135212,-0.03143021675500949,2.254911850383244,0.045838398500981425
3.890562057495117,0.3128410640102644,0.730634069704342,-2.5798805372317837,-0.027392521668095537,0.002523770613913153,-0.035911544452330774,2.6995331562200087,0.045236696236578375
3.8925561904907227,0.16607378836822428,1.0171594580122454,-2.153597100343187,-0.03219024099137584,-0.004401402586830543,-0.040268135691107265,2.387503787811304,0.05174076450780022
3.89457106590271,-0.01990103789812917,0.8782334699809816,-2.229725886723952,-0.0324455721509929,5.604651626860358e-05,-0.03742271877151604,2.3965324135156556,0.04952956868042817
3.8965771198272705,0.5887300700307048,1.0125640148421244,-2.2938130518992756,-0.03103203578268242,0.014261935723688503,-0.03813691565476003,2.5755518431153797,0.051193890173169936
3.898649215698242,0.5100172713781762,1.2930558948271653,-2.625539294841424,-0.042042222147664676,-0.0006387092694859796,-0.03981073360507192,2.9707857130745268,0.05790380732575809
3.9006412029266357,-0.03599187492553407,1.3781060456788783,-2.148205464677778,-0.043432281194333136,-0.004429138766192942,-0.03911790036262839,2.5525004224620216,0.058619028043241546
3.902562141418457,0.32872198703845557,1.094771907868387,-2.38159459294208,-0.03533382864463,-0.0022392203188359963,-0.036308936612998305,2.6416995438829245,0.05071323724917482
3.904572010040283,0.3735471350937535,0.9246156309659308,-2.410977776021939,-0.028490304637302108,0.0008119802573563169,-0.02949423721288775,2.6090736600630833,0.04101544585926998
3.9065651893615723,0.5685779310911413,0.9429502959753154,-2.0188912582711604,-0.039404969269161455,0.007600452939578875,-0.03582945898338314,2.2996430238468593,0.05379840721649895
3.908572196960449,-0.3051104701972553,1.320626642329813,-2.3491638938485404,-0.04653865828764685,-0.022838667495523227,-0.040692661210370386,2.7121427188879537,0.06590405241384943
3.9105701446533203,0.2082058512226209,1.373008210148116,-2.2179464059209164,-0.037237499304949996,-0.003796016184607091,-0.04221740060255751,2.6168277515256864,0.0564211840268952
3.9125680923461914,-0.5307897098106519,1.0276250709852597,-2.033775890231513,-0.024243649204239735,-0.01165276514058678,-0.03955939374888214,2.339657106125878,0.04783813432753209
3.9145870208740234,0.1188879713162523,1.1410036243061839,-2.170163274948501,-0.03707593798697551,2.5086418044544467e-05,-0.037731028306100665,2.454716329912429,0.05289854727663316
3.9167630672454834,0.12827171513082014,0.7733895060162029,-2.1804477793415638,-0.025124005881325354,-0.0015642568004774115,-0.03099377399460922,2.317096778158855,0.03992839337228115
3.9186151027679443,-0.35379684498337816,0.9812300901403641,-2.2052401344481307,-0.03689444548252325,-0.013262440256017794,-0.035389930079693856,2.439481245654057,0.05281609205585871
3.9206361770629883,0.19151495379309263,1.0105633716132807,-2.263023875951069,-0.03706177454927507,-0.008243410444492106,-0.024493581356009063,2.4857983362890423,0.04518256827739089
3.9225871562957764,0.27667991574995676,1.230872354623378,-2.215402911157507,-0.037060554005383994,-0.004019236501296737,-0.038729862981790576,2.5494329934165085,0.05375538309627801
3.924576997756958,-0.14906799704068407,1.2376163520925259,-2.2231723408709265,-0.04066695400094147,-0.013267982958924644,-0.03813715192071402,2.548805751704521,0.0573086631857403
3.926582098007202,-0.24178911509646578,1.3362416473106813,-2.5618303416408335,-0.04618111219630429,-0.015013734659098202,-0.03405417981303168,2.899478990359869,0.05931099826204029
3.9285871982574463,0.2765441315233999,1.373067067890065,-2.2755715772934817,-0.044611615727932735,-0.006151164702257189,-0.040777183774850095,2.672080805849665,0.060752051830855296
3.9305710792541504,0.45491045350149484,1.0294197258209454,-2.549504618200033,-0.037652480507441397,0.003149291099606144,-0.03725459890782467,2.7868660338877977,0.05306159121790642
3.9325690269470215,0.19591784504677567,1.3744253414625547,-2.4486871340404064,-0.041808967976921324,-0.012969732566699432,-0.03478295585434636,2.814870778859529,0.05591115974572826
3.9345710277557373,0.21143647120666656,1.158274140282005,-2.407609959586499,-0.03915052710372675,-0.0019291181222323031,-0.03507145692393936,2.6800914318176625,0.05259745583197824
3.936570167541504,0.07266352567809414,1.202726920774355,-2.471375035066672,-0.04194411788333803,-0.008232371751421524,-0.034237523561632704,2.749459328280767,0.05476576475589759
3.9385762214660645,0.43675833835836697,1.4219217153261632,-2.1930739099344083,-0.04542485957292248,-0.0006422095959596624,-0.04760949247768235,2.649941958812806,0.0658064896067809
3.9405691623687744,0.06030499784555753,1.4102051687366106,-2.210132473723953,-0.0426949716250974,-0.009688356509789744,-0.03787105756154391,2.622403642101224,0.05788732032801682
3.9425711631774902,0.053305993767582605,1.5906530374243142,-2.104572629464283,-0.0451874844326292,-0.00041087725735864734,-0.03776117409977584,2.6386065578499864,0.058889590241937524
3.944577217102051,0.7543369434101255,1.1371053945378853,-2.259003548213234,-0.038273052609372006,0.013616762059404014,-0.03234275100912641,2.6391532606729133,0.051925873202677386
3.9465842247009277,0.44037966086797287,1.0797685744015004,-2.1863830479156277,-0.03502847383721552,0.0054967322189664915,-0.03812450999524979,2.477923576744059,0.05206425171679141
3.9485812187194824,-0.20413089927065892,1.1794125969059306,-2.3862062878357273,-0.037312045498022174,-0.01393710094862355,-0.0451547352114331,2.6695812304337547,0.06021114210935744
3.950575113296509,0.16865453466693608,1.13809938636855,-2.158586976172501,-0.03821642563373109,-0.00037957049400476784,-0.042763415031684286,2.4460605673240665,0.05735284585049376
3.9525740146636963,-0.06446728987602009,0.9671698123268906,-1.985892044960723,-0.034606275701577725,-0.0057468442442014,-0.0372580864429744,2.2098282040870676,0.0511740709939406
3.9545741081237793,0.016068062631766022,1.3309259446720025,-2.2802037719544224,-0.044509562375072274,-0.01101207849328249,-0.03498728552725079,2.640255914579679,0.05767562018849937
3.9565742015838623,0.5425430109385967,0.9221614431916468,-2.3475535624526396,-0.032784591036770686,0.004144838413453443,-0.04049709090399162,2.579872550071359,0.052268761862207
3.95857310295105,0.3372516377258315,1.1412513222606164,-2.500384279975751,-0.03825964030173846,-8.444233010329659e-05,-0.033925470648022316,2.7691361099195206,0.05113457504678558
3.960583209991455,-0.17307943869322448,0.8430446638995147,-2.204129438922627,-0.0320574146014719,-0.010608029865938316,-0.04083309905004354,2.366192591686734,0.052986319994862544
3.9625871181488037,0.37300479505989814,1.1590976148014254,-2.146719648397871,-0.04399190199305085,-0.0015164275167467065,-0.03323386210765597,2.468004276048465,0.0551550231979865
3.9645731449127197,0.2114605595331618,1.1440954414690636,-2.101770034278394,-0.040671587086364855,0.005887717739768831,-0.02954782310710963,2.402312890615827,0.05061538369582899
3.9665701389312744,0.450886964105718,1.0968841458752845,-2.3090426214286777,-0.03995420335499101,0.008217081305799555,-0.04439561848567597,2.595791153280102,0.06028954910798213
3.9686291217803955,0.3462427570683435,1.5086701226374588,-2.2680273648749765,-0.05028541737638223,0.0061498755264182605,-0.034217386477872196,2.745891060035511,0.06113324551406929
3.970630168914795,-0.15764859452069224,1.3107918588831353,-2.104609245503615,-0.04141073844076163,-0.011849870502402387,-0.03636414023052293,2.484433225693126,0.056370376828951706
3.97261118888855,0.3752485996315273,1.2263122854572641,-2.396120468129109,-0.04470185005332372,0.0018594633570214898,-0.046438668759795895,2.717728211351551,0.06448459473663448
3.9745841026306152,0.14181208277599788,1.3182811293757828,-2.5752044064211397,-0.04938845608181566,-0.004331855113552532,-0.03767608334549683,2.8964898649469517,0.06226934895377556
3.976579189300537,0.12357355178512301,1.0941902079179393,-2.249569151596408,-0.036911025431632695,-0.003749698583928891,-0.031720520139062965,2.504612545209034,0.04881265651219623
3.9785780906677246,0.04887667283197894,1.6294066530757088,-2.195536538983886,-0.04928401931197996,-0.013144975453017828,-0.03469395381061219,2.734544873328622,0.06168772463154194
3.9805681705474854,0.38402198844863444,1.1094932305544243,-2.1907982938636392,-0.04386787880602254,0.00169498635668976,-0.036822060233362604,2.4855673961198415,0.05729858540591233
3.9825830459594727,0.5925188236498743,1.0105241746117248,-2.3639682016353523,-0.027744386483069074,0.0022776340569375065,-0.03500304172185219,2.638291743192405,0.04472305365246153
3.9845712184906006,0.12234481259461355,0.9781653807694275,-2.447618653064295,-0.03524192272521328,-0.003418266788059648,-0.03991493257079815,2.63867634167832,0.053356157164245056
3.9865782260894775,0.4744606640345955,1.0480815701925288,-2.1419484338533588,-0.03863600981547315,0.005103584983267025,-0.03152149570891823,2.4313640189778747,0.05012377206346423
3.988579034805298,0.08583758328862284,1.3506521214606824,-2.1759604519548965,-0.044973058028052106,0.0006701621880480812,-0.03326222036995096,2.562505245337623,0.05594104369505464
3.990586042404175,0.5140683622869561,1.2007958296209893,-2.2018884103984417,-0.04687707787408489,0.00027256108150089945,-0.03632205107753997,2.5601737201577808,0.0593028339460737
3.992561101913452,0.12299644669126766,1.0312791088377573,-2.2629512406591656,-0.030100526310581643,-5.733630465536355e-05,-0.03874282802585766,2.489902215715455,0.049061713128131096
3.994577169418335,0.700619870267034,1.1886469924324925,-2.7439336155465357,-0.044976023370562494,0.0028494122679038176,-0.033180218597984236,3.071306165421821,0.05596328023545335
3.9965879917144775,0.25500867640052616,1.403358437396151,-2.4332511157081944,-0.039762364717260905,-0.0011710625911725244,-0.03849505997269063,2.8204884897736573,0.05535599947432949
3.9986162185668945,0.3934646790243225,1.3932364852975418,-2.304550431571318,-0.05066212057803323,0.005261369277658733,-0.03510329715032737,2.7215574675651273,0.06185930761787793
4.000633001327515,0.5622768098061384,0.9513810795019673,-2.5295345706193637,-0.026393924193938097,0.006931928164544881,-0.03554528645118521,2.760403288151676,0.044812478745663825
4.002584218978882,0.18046829315078922,1.0155389924416878,-2.054878405871857,-0.03511043351354198,-0.0036523404365108925,-0.04061480509948872,2.299220196701634,0.05381119330996553
4.004570007324219,0.5445045776209094,1.0827336084362507,-2.051963927533821,-0.03819877072124438,0.009183176008236645,-0.04625156987480319,2.38313937103719,0.06068512603675016
4.006577014923096,0.703368645063659,1.369794161754981,-2.192572445720238,-0.04205241937090673,-0.004470811093127532,-0.0364730554868933,2.67926061184207,0.05584512425742324
4.0085670948028564,0.22227863723719823,0.8241325051934344,-2.2479884611784775,-0.034975000924512216,-0.00035791730414793993,-0.042649806353349244,2.404590256214146,0.05515781700216596
4.010577201843262,-0.007810894498974898,1.0390975993221458,-2.5083363796985725,-0.03203898269421575,-0.0023471752880674856,-0.0441515563292936,2.7150573151794166,0.0546018824786468
4.012564182281494,0.5078795783442825,1.0946919911648347,-2.286634263639342,-0.03695548876998117,-0.00479415050272499,-0.03480553441597133,2.5855344664631787,0.050991344905310626
4.014588117599487,-0.09592890102933296,1.2475176616433874,-2.3285764285493946,-0.04492172114915698,-0.01323889089301959,-0.035038584583834825,2.643439209393841,0.058488731160099915
4.016725063323975,-0.03744590373924135,0.7884474739310621,-2.3080766646868547,-0.025242635018705106,-0.006613802512355814,-0.036936465751270894,2.439317426028666,0.045224280077794596
4.018698215484619,0.7250801531941282,1.4425671873079218,-2.346645521365451,-0.04895892319287094,0.009194952594660258,-0.03985469567639832,2.848418249028404,0.0637959252686393
4.020623207092285,-0.036879939391132766,1.0383855533539403,-2.3557735209053092,-0.035327202241505956,-0.006548589995236239,-0.04013571503733275,2.5747375728687887,0.05386808768367363
4.0226240158081055,-0.13149931429038747,0.8750055611516382,-2.1932724261035954,-0.03146492302144071,-0.016077134456516942,-0.04028942459916723,2.365030810964518,0.05358874291873337
4.024583101272583,0.5386092078133502,0.9834329141932606,-2.1238906212877273,-0.02607629310389086,-0.0018509167723277083,-0.04074520972372414,2.40169763847449,0.048410443815032046
4.026566028594971,0.3947386860657793,1.3713758489408934,-2.2190150383848004,-0.03941755270181077,0.000816888313477434,-0.035491287580481805,2.638279380564763,0.053047547178330386
4.028578996658325,0.3853667701042874,1.171668355128077,-2.237287209543597,-0.03911039170987986,0.006357276386480628,-0.03804892496343674,2.5547540664213684,0.05493412776796936
4.030570030212402,-0.6930750435632594,1.0129462372603901,-2.3601536282604876,-0.02764657273399424,-0.03750969909696695,-0.037981478261487615,2.6602139471443533,0.06011574836271186
4.032577037811279,-0.012754503536652369,1.0753666547794332,-2.2412818934613368,-0.03569626193496007,-0.005158998410856624,-0.03267453259618347,2.485944618355286,0.04866686204299139
4.0345940589904785,-0.08539760304206563,1.1341574879907703,-2.147591268698877,-0.03864917799619831,-0.011357159460716816,-0.042400960244543005,2.430175758162878,0.05848577143594231
4.0365681648254395,-0.28703164769585304,0.9215325306810772,-2.2576964535522204,-0.029964296413143354,-0.013122312117166846,-0.04379027669959588,2.4553620197976387,0.05465933102647917
4.038591146469116,0.43825770781274004,1.2526834538712481,-2.280025216625402,-0.039477568065147545,-0.0017526988935536363,-0.04551418963326074,2.6381434082528163,0.06027513410787437
4.040594100952148,0.3219981160186344,1.476467154456315,-2.386384378382646,-0.04986886380389362,0.008201825851642116,-0.03234376972790161,2.8246182832900817,0.06000244132202856
4.042578220367432,-0.092729610991438,1.1878423318008557,-2.3752510746124855,-0.03442725431380988,-0.004056569410720738,-0.031129543243210097,2.65732682472828,0.04659120150310167
4.04456901550293,0.7227098223229722,1.0504215665095007,-2.2297029951782896,-0.028856338085744983,0.008844784729918322,-0.03378060686664262,2.568515213382512,0.04529953493046121
4.046563148498535,0.022443315466288336,0.9539316839173615,-2.1324399584380886,-0.03353979517169711,-0.008017513828832114,-0.030311415075760184,2.336191245667608,0.0459127462917427
4.048570156097412,0.4318007364130067,1.2054186646629765,-2.155158305681623,-0.034019260965657286,-0.008234818734351614,-0.03963358256448608,2.506829343141087,0.052876679388299874
4.050565004348755,-0.39131495558783586,1.1170227878406112,-2.0050777227787413,-0.031465440576368325,-0.013850742765843966,-0.03675257490909308,2.328347907295107,0.050325627549778686
4.052566051483154,0.2694259912980929,1.304420579463266,-2.1371534740350295,-0.03915616533625908,-0.0029670996146997563,-0.03670294594168716,2.5182391436267997,0.05375049027462372
4.054580211639404,0.15684040220949522,1.199256190496752,-2.3594013290472007,-0.038646263175565465,-0.013224195170882467,-0.03640095610763579,2.651337201059065,0.05471236241383373
4.056571006774902,0.4255565031251822,0.7283644199426643,-2.232603405771605,-0.023088719421215934,-0.009716166058119136,-0.03691055962809625,2.3866568737574148,0.04460809634404756
4.0585761070251465,-0.001066918757464421,1.0311382830842302,-2.1893483006002947,-0.029484537934051022,0.0006438580855774216,-0.030881421407477364,2.4200192723403933,0.0427014603797699
4.060579061508179,0.48837157953157406,0.8066463633311882,-2.2103686839534005,-0.027106894166817344,0.0011517137699395754,-0.041934046727787666,2.4031052565735616,0.04994571484068663
4.0626220703125,0.1977593864599795,1.3270107284204504,-2.1081876763634315,-0.04514180246253963,-0.008702814845762437,-0.027199392018418776,2.4989040651947096,0.053416554006957384
4.0645811557769775,0.07792443561706916,1.3707780326316157,-2.0783663208352725,-0.03649303554608652,-0.011068651858420547,-0.03131417519873204,2.490925770871944,0.04934403981949325
4.066627025604248,-0.07381018499004297,0.8034671452260017,-2.198728701135194,-0.02237856840690315,-0.005778373522290619,-0.03354922119255279,2.3420963468784843,0.04073990877668219
4.068618059158325,0.11641057578887384,1.3418902953645764,-2.1421039242497915,-0.041579320856935414,-0.0006085863702949017,-0.03713125367492439,2.5303814355222185,0.055748904023000125
4.07061505317688,0.766270382376219,1.019595776998226,-2.075006029639666,-0.031556698996452734,0.012540934808034374,-0.0361472289783463,2.435651015728769,0.04959558912065757
4.072624206542969,0.04943344499834745,0.9894608161013582,-2.2944723676772427,-0.030711211440661256,-0.006841155199155037,-0.03937509272953612,2.499215840642577,0.05040216106548901
4.074575185775757,-0.2278954566470408,1.1960249076651601,-2.145979163646153,-0.03816326003848621,-0.008128334083537574,-0.035280882937622465,2.4673140233296738,0.05260460942348054
4.076577186584473,-0.3498912696636114,1.1297539083893025,-2.0029153587166033,-0.02973325121338102,-0.013698552893831213,-0.036828065191846074,2.3260347650649114,0.04927497300737951
4.078577995300293,0.31716357348510205,0.9478538274172079,-2.2858939616587195,-0.02999915600053056,0.011319049521088528,-0.038533052224052455,2.494860880779344,0.05012849844655809
4.080572128295898,0.40896965206909225,1.1884257338973845,-1.7115983156099812,-0.034767464679621815,-0.0010559947745256227,-0.040327247957165725,2.123483151640713,0.053255785160030295
4.082575082778931,-0.20233685688115122,1.1814314863317503,-2.180313425668255,-0.03445367559606995,-0.015745210362534227,-0.041718755038310594,2.488068969039611,0.05635088227691069
4.084558010101318,0.27662115565010126,1.120754092483231,-2.415217154786981,-0.041766389499426175,0.004157955158924875,-0.03854112701405328,2.6769166786339147,0.05698366743580826
4.086578130722046,0.22018546538124228,1.6374783203824395,-2.3395392485668105,-0.05055339215895062,-0.003330043773109323,-0.02814621893599182,2.8641335137301485,0.05795639991148742
4.088572025299072,-0.17788286065951037,0.7592646047285254,-2.3179588693752766,-0.024833834121652347,-0.015212766635448759,-0.028396875300905792,2.4456202428475042,0.040675915634949884
4.090576171875,0.03382609256393698,0.770402541655994,-2.0152530083261655,-0.03129857874965383,-0.0005665738648398752,-0.03539540103738166,2.1577555395122543,0.04725205236060843
4.092567205429077,0.1578673135968418,1.3578121088559192,-2.3716942912137315,-0.044686302687423934,-0.0016178847042291754,-0.03844591286663724,2.73742755568688,0.058970937036283505
4.094570159912109,-0.14275229747139528,1.2612013583385993,-2.412380624067437,-0.03945554727448966,-0.020590508016290344,-0.03496737352511117,2.725910372716698,0.05659882014974386
4.096565008163452,0.4149768106453835,0.979509174697953,-2.4279000601558356,-0.031143843838969447,0.009386319904125145,-0.03526852638960325,2.650724934578386,0.047978234274541946
4.09862208366394,0.05689241981708743,0.8534360649009437,-2.220970297107861,-0.02215305901993727,-0.006203044088830233,-0.033067185776280046,2.3799787656493137,0.04028243482054943
4.10061502456665,0.8977367004860308,1.1070172528068294,-2.329679218458286,-0.042187987189104825,0.016713996455430768,-0.03577293445062185,2.7310847006872447,0.05778310116105498
4.1025731563568115,-0.07092348630999208,1.0854589190644037,-2.0697666598379483,-0.03425465647802999,-0.007605275575611284,-0.027302054073609406,2.3382012813407584,0.04445923822612263
4.10456109046936,0.5780867923580185,1.0650820756124497,-2.0552463927313793,-0.027142320594157256,0.004156313248515904,-0.03439343051112074,2.385921604354396,0.04401009622097062
4.106564044952393,0.04661792810177806,1.1160829443449536,-2.067552513407126,-0.036045480716818165,-0.011992442725252208,-0.03044322098735798,2.350018673452262,0.048681465330350095
4.108570098876953,-0.3373572429515631,1.4119998464037489,-2.2469600580137494,-0.042773958792317414,-0.011634854816619364,-0.033673899340670645,2.675141674365162,0.055667880273783533
4.1105711460113525,0.03784909400913892,1.1852988607996706,-2.3423278667975196,-0.0312686798676988,-0.009576492980187907,-0.037890149416287225,2.625426780336204,0.0500510037986931
4.112574100494385,0.24447061175603355,0.9015789091839388,-1.828624247597809,-0.025011027791423904,-0.0024517993875001858,-0.032383718288338345,2.053406206380102,0.04099107270611962
4.114566087722778,-0.059168563501102944,1.2177095692113111,-2.16229573167771,-0.036172230357214896,-0.002073148699566078,-0.03512994841085062,2.482305449594635,0.050466240893244245
4.1166582107543945,0.11431272446888605,1.2367451917164154,-2.134181387851452,-0.03446778309897616,0.0053680257534595675,-0.030415305352088334,2.4692784906649803,0.046281039010686066
4.118622064590454,0.3147526777068766,1.1493654837248914,-2.308584636161316,-0.03853238324077305,0.001055677822609202,-0.04008915473625256,2.598013334381076,0.05561474032436147
4.120613098144531,0.5724803880377678,1.1609670896811337,-1.6780455108535188,-0.039334031165975614,0.0036675656857005716,-0.028701626606657833,2.1192959006486567,0.048830322707236716
4.12263822555542,0.2722464688748892,0.8155987479972346,-2.0887095151738326,-0.02118012442152549,0.005423482373306695,-0.0290278683572833,2.2587666759378244,0.03634045917338742
4.12457799911499,0.5244505306995645,0.8620849134427148,-2.0858329774343733,-0.03410560674604593,0.008786257423600603,-0.03313451544713331,2.3170968833627414,0.04835583568656452
4.126573085784912,-0.5172668045616176,1.5663604980739616,-2.0413126240081105,-0.054166235206906124,-0.02019975040049193,-0.045508709113222606,2.6245013594896025,0.07357345688415055
4.128572225570679,0.04499376509407781,0.8213062842833556,-2.4062002657567407,-0.026229705136519912,-0.0077951342080247975,-0.029858311243852534,2.5429054584133644,0.04050037406252772
4.130565166473389,0.1896339427212243,1.3340527629914083,-2.084017393119564,-0.041497086407734335,-0.0021005547847437484,-0.0371673005875374,2.481690210622968,0.055747903491512915
4.132568120956421,0.09109999178593868,1.1096177355829322,-2.157183902037757,-0.03341299697772286,-0.005616424477705516,-0.031095731614374796,2.4275487873232198,0.04598822801087594
4.134570121765137,0.16376797756004083,1.0841448328792729,-2.191259494432629,-0.04130736688815506,-0.006981355498875823,-0.033625457335932585,2.4502669530224814,0.053718798058826255
4.136573076248169,-0.21471743348044195,1.0310558629075373,-2.0601225120108584,-0.02851377131603118,-0.025760661513893734,-0.03358699716834074,2.313716606062714,0.05103658702423641
4.1385791301727295,-0.4494872770820886,1.1700648976533934,-2.1738665006596323,-0.036544233112273415,-0.025295624533459023,-0.04651488396843172,2.5093398015552757,0.06433493627026128
4.140577077865601,0.477617432103081,1.4270240327864006,-1.9663081935358344,-0.04651943488174926,-0.003765059931750785,-0.02975533260715338,2.4760621788567545,0.05534991704211769
4.142566204071045,-0.01650547603828969,1.1733717937541173,-2.1891870425753224,-0.037700282678551085,-0.013556386423389716,-0.03517090387747864,2.483870710100808,0.053311156491505286
4.1445701122283936,-0.12407116911517138,1.0274795076209549,-2.1746881588084617,-0.03150967041516225,-0.004811416799201638,-0.03812363828571753,2.4083970564772628,0.0496932677274097
4.146565198898315,-0.019661255349539393,0.9659461948466136,-2.1639037750045125,-0.03139665286071542,-0.014658164214595206,-0.03409389816066295,2.3697928525040646,0.048610754785211534
4.148571014404297,0.20165051518405722,1.3499253447255573,-2.2984573338341243,-0.046618427020715024,-0.002033334584852581,-0.041715091586297104,2.67317554269492,0.06259042301720644
4.150572061538696,-0.013764939200674627,0.7735035043713152,-2.3449213485370786,-0.027964580312959324,-0.009552256218683858,-0.031177724702823893,2.469241437294226,0.04295711662335371
4.152574062347412,0.23394920798223634,1.3471187523012857,-2.3523069797542875,-0.04474315044615666,-0.0023629173536472243,-0.03729090648846172,2.7208104108368203,0.058293606827839815
4.15457010269165,0.32262620090420285,1.0211470791847075,-2.4957918899217097,-0.039461836671389756,-0.004728910082596987,-0.034092934435551954,2.7158435486302075,0.05236341587860339
4.156572103500366,0.062334067238968935,1.41664197366407,-2.250107027726908,-0.04356377038357741,-0.01193991127966832,-0.03886475671160277,2.659650663848808,0.059588865450279214
4.158565998077393,0.1243765121340356,1.217604267549535,-2.4462855324676656,-0.0424277740941898,-0.003960032527207927,-0.042955372936370896,2.7353870979234505,0.06050588348505336
4.1605751514434814,-0.47508078725260255,1.2197126145565518,-2.269914460472246,-0.03588080965989482,-0.023118517536784948,-0.04223706065722775,2.6202885860885514,0.06004887715778348
4.162575006484985,-0.25141494923146496,1.2802754528321296,-2.5799308746632663,-0.038064128052864764,-0.012449849711210279,-0.0382755208127166,2.8910825013932655,0.0553975820387615
4.1645660400390625,0.20562756727235998,1.1960280210425251,-2.1367325545809366,-0.04185106639139467,-0.006094922147013855,-0.022115543490071964,2.457313926495193,0.04772585355901295
4.166595220565796,0.034037243454909924,1.2114708607060811,-2.3138053462526575,-0.04265336932140115,-0.007901740276659209,-0.030136978885424884,2.61199451772574,0.052820307744353104
4.1686201095581055,-0.17027487894193222,1.2498252520580744,-2.336054860923625,-0.04571799154260955,-0.015384082016510904,-0.038184139292780785,2.6548463248040584,0.061520998234028505
4.170610189437866,-0.1801909253392833,0.9371894105304769,-2.199686666622729,-0.036392589876936075,-0.013511765071782908,-0.03610162139129209,2.3977936091546543,0.053012408551075293
4.17261815071106,0.12358449764307564,1.4050045877933266,-2.075934303106765,-0.03448834490007282,-0.005255172078116452,-0.04318482686746928,2.5097438615510863,0.05551569182753909
4.174574136734009,0.39359729938852084,1.1411509385728464,-2.167244800356428,-0.023679516751017947,0.00415069409620311,-0.03896555645868334,2.4807447114452543,0.045784957848367995
4.176575183868408,-0.04009183867802664,1.076657263036556,-2.2166769444249033,-0.03608655980433476,-0.009490962079648566,-0.03477910030583566,2.4646409258800515,0.05100886175746852
4.178560018539429,-0.04791662971089974,1.5751983786042898,-1.753799164396253,-0.04874891384544119,-0.021289938095595637,-0.034864109100610656,2.3578289684363094,0.06360207676329308
4.1805641651153564,-0.14142693844175208,0.6714611938029208,-2.120789394003809,-0.023588665524539424,-0.012930098479885369,-0.0366759327752314,2.229037767158577,0.04548336655153642
4.182561159133911,-0.375975548992672,1.0720372292432396,-2.341882025855266,-0.030876155114744414,-0.014556850034163224,-0.03250366972926326,2.602889328678388,0.04713520322917788
4.184568166732788,0.2686811579585115,0.984330881322066,-2.0263341954574114,-0.03868751185409631,0.0051773908636648,-0.03581651899254012,2.2687280842459363,0.052975012811315
4.186561107635498,-0.09697147545716792,1.0441781783484727,-2.19082484278084,-0.03802636430478562,-0.008275166157465595,-0.037918593930784374,2.428873201082586,0.05433509476260859
4.1885621547698975,0.7061954308572813,1.5655109192145402,-2.1571444296431075,-0.05045194649521405,0.008017908828284353,-0.03495635119540478,2.7573190811155577,0.0619001797738189
4.19055700302124,-0.13822540282915274,1.377282254588919,-2.2333810075859555,-0.04294622177651424,-0.007592659615839438,-0.03246867978653139,2.6275470301858492,0.054371330791142654
4.192563056945801,-0.07115779650460434,1.398860458387106,-2.3975749778693825,-0.045921336709330955,-0.014912277126962895,-0.029789143022782457,2.776731853915272,0.05673216209800995
4.1945600509643555,0.37131152108153076,1.0207855339355578,-2.4036160106994844,-0.03834822445543502,0.0028731094848112597,-0.03567371209692453,2.6376590528100645,0.05245431166043833
4.196592092514038,-0.17365210557144523,1.0556972505871487,-2.5121579441917037,-0.04241878433846133,-0.01791074511686252,-0.03446971440799028,2.73049249682766,0.05751790388011823
4.19857120513916,0.07378301511010549,0.8263249283569626,-2.3574013717362057,-0.030162327206056966,-0.005489312782781884,-0.03328904252556921,2.499119454529259,0.04525548463536339
4.200618028640747,-0.3003572289609144,1.2597167043858273,-2.308484135290133,-0.03628356155933144,-0.016214791240273314,-0.039341871745508544,2.6469226741980965,0.05592136592426442
4.202600002288818,0.10126481018204113,1.2520388781935199,-2.27186977809936,-0.04180188123973162,-0.007729871263055606,-0.02706741187125222,2.596006202406021,0.05039635870112091
4.204539060592651,-0.13670801288877074,1.5321066978175941,-2.476942831931424,-0.05077546544953192,-0.011035647875128885,-0.030567752388112157,2.9156964531552307,0.06028532907516872
4.206543207168579,0.26634229360344513,0.8700184043913427,-2.217619563081896,-0.030934160008883042,0.004476452762995541,-0.030377227799597027,2.397020393719073,0.04358597083446829
4.208578109741211,0.25520993559408023,1.2184380220177593,-2.4265383528416256,-0.037047791529245803,-0.00043256975840257365,-0.047651316961901974,2.7272351755094086,0.06036036764296576
4.210568189620972,-0.0019093118481745969,1.046317001004532,-2.4442121596149105,-0.033202291943006806,0.002614408509887923,-0.043066205721839106,2.658750833243355,0.054441945202215146
4.212573051452637,0.13538385762813437,1.2492350427531715,-2.4966585249293645,-0.050753524767542205,-0.001084150715301808,-0.03743809090893864,2.795035021435557,0.0630769871665488
4.214572191238403,0.6350768450903824,1.2211165288674461,-2.309187749346063,-0.0321443326211169,0.006202384502826628,-0.02982691528463388,2.688270119979235,0.044287386111336834
4.216706991195679,0.26197891810972573,1.397197708070994,-2.2966882186092437,-0.04631149377731989,-0.0034024827152833166,-0.03109575692020762,2.7010314997184466,0.05588629029516256
4.218661069869995,0.14371067233993404,1.1173666541925382,-2.314820636410433,-0.03661652573783008,0.00610996870954188,-0.03611124613257697,2.574403926348277,0.05178922447757167
4.220638036727905,0.10650896368027546,1.273936215045364,-2.402608618628163,-0.04198055764426124,-0.00523685562480892,-0.03814634397928483,2.7215410732992225,0.056964334771365095
4.22261118888855,0.015091365944749482,1.2034632430956238,-2.2755431271479085,-0.045211906525045184,-0.009629972046154314,-0.03311835799632446,2.5742276609341292,0.05686544196268807
4.224599123001099,0.08452439959843341,1.1173274153782369,-2.3654063670378367,-0.036894516659773696,-0.002706213943897829,-0.03277128008197766,2.6173865225652904,0.04942151102182016
4.226543188095093,0.4321436861609648,0.8775569943024433,-2.6007060022864446,-0.03340245037166091,0.002593396382091268,-0.0352653518884544,2.7785834797728617,0.048642516787707736
4.228565216064453,0.29376689238362064,0.6392686933326109,-2.1116658564800663,-0.022273311570958167,0.0065396008401287595,-0.029701532512751466,2.2257798944998144,0.037696787941298444
4.230569124221802,-0.4396714734871183,0.8377006267862225,-2.087688179254713,-0.019850171184749722,-0.017672349913696605,-0.03657713995573539,2.2920504528731955,0.045213144271079565
4.2325661182403564,0.8360504067497758,1.2396156654146724,-2.2933618704220127,-0.041639695216212705,0.011492437710339632,-0.03909051699603698,2.737724593393842,0.058258122706130684
4.234570026397705,-0.2186873460090969,0.9055215082099318,-2.230174994395065,-0.027239027191945153,-0.0168957599400632,-0.029618047617297,2.41691411985621,0.043642411149892306
4.236575126647949,0.5053067831243935,1.3323366103602183,-1.8460902925007603,-0.0448857172941261,0.00595895445842169,-0.036696375337157174,2.3320602814771365,0.05828259361191188
4.238579034805298,-0.27030681162679443,1.3488374752396173,-2.258448671817442,-0.044613486565928444,-0.024815174837811406,-0.03473467340528285,2.6444316421977327,0.06174668916121001
4.240600109100342,0.1838412238512819,1.2379267057457497,-2.1499475381047115,-0.04117664683135514,0.0015170568762445961,-0.03362194578237257,2.487676534637928,0.0531813213829133
4.2425620555877686,0.10178356151688991,1.1433261405200414,-2.0918989260620844,-0.038907005580625244,-0.005099904941198897,-0.04097194668642132,2.386125661789676,0.05673151266214413
4.244539022445679,0.07773571009294564,1.1973234699114046,-2.1937640837841808,-0.03847683277327164,-0.012202097894860311,-0.038976862349030736,2.500445397829312,0.056111974228976784
4.246539115905762,0.0973144998094759,0.8599663896166488,-2.3123911720060355,-0.03046520747613679,-0.002278339920082451,-0.03883982082288339,2.4690413596201477,0.049415092642928315
4.248531103134155,0.101873379876338,1.2045905173400597,-2.181749031072341,-0.03518871903357959,-0.010260293507628688,-0.03549787422427057,2.4942825290207447,0.0510256665270433
4.250532150268555,-0.015752105994271196,1.5526862908041028,-2.3675180939680995,-0.05131118241467133,-0.007900163969607231,-0.035482093950384916,2.8312938335256908,0.06288266074715905
4.252538204193115,0.5126116059950925,1.1257844848269556,-2.37175592865193,-0.034405661956497136,0.0025796685104714115,-0.03384223086493555,2.6749556164492785,0.04832908911002015
4.254540205001831,-0.3521605976922395,1.1982896239898184,-1.9566935063035202,-0.03653544104776029,-0.008108539907693986,-0.03842258272492432,2.321328194620265,0.053636570875128534
4.256530046463013,0.6934977217887774,1.251798011800275,-2.3740406901206073,-0.03895899281623417,0.006721345152565915,-0.04392460535625534,2.772004067605543,0.059096112880781614
4.258531093597412,0.009654868508858133,1.161197448500839,-2.330797178162634,-0.03844756457917329,0.0008068709801522432,-0.02856892832345056,2.604052268411999,0.047906679371448484
4.260531187057495,-0.04080089645971982,1.0433748803069998,-2.2058400924910866,-0.030577452165622142,-0.01261256856203689,-0.04033613483971837,2.440497155837033,0.0521637924280907
4.262588024139404,0.509215736614531,1.2538678247827,-2.305438548045444,-0.033661616703295594,0.007226964104324798,-0.023537571698657625,2.6732998498587963,0.04170552398321158
4.264562129974365,-0.20077211212126722,1.059016644382177,-2.2462343806531004,-0.03485394292705314,-0.01544386989547974,-0.03304069163378154,2.4914643459042596,0.050447970807054515
4.266613006591797,0.2432158687237922,1.044143791992035,-2.084254858021754,-0.03231231987276351,-0.0010345666298077298,-0.03404840009326822,2.34382348532091,0.046951569649827114
4.26859712600708,0.2891617996044454,0.8822528944875746,-2.42632094269182,-0.029658933124983567,-0.010546765898438674,-0.03568766909144563,2.5978872248669895,0.04758672409621448
4.270589113235474,0.36839788355361036,0.925051035985931,-2.3564828251723178,-0.031841055563899275,0.007044572548557934,-0.03350545269306929,2.5582118217844143,0.04675568609252484
4.272568225860596,0.29112457370552064,0.9287293008910689,-1.816382331143558,-0.03011938008800554,-0.0015584512074396993,-0.02895755824964316,2.060712596321802,0.04181083599777923
4.274543046951294,-0.05808793003721189,0.8423373102388453,-2.1463995287717847,-0.0279954572221795,-0.022104063581484267,-0.038349144559911945,2.3064989245495346,0.052373582466451594
4.27652907371521,0.869653320130425,0.8048272449253477,-2.1800938387078332,-0.024450253130683025,0.016085467092543913,-0.029019769727057877,2.4813006542859437,0.0412153389498528
4.278545141220093,0.8712868052027891,1.1414197411769673,-2.061403251942058,-0.039675137897257635,0.012501910176424463,-0.036695200116445136,2.5122426414632546,0.05547028066281754
4.280530214309692,0.3920595586506303,1.058960348361507,-2.0629187664673543,-0.030168027337034706,0.0026954569633479185,-0.03936016560196942,2.3517528683886924,0.049664856768783606
4.282532215118408,0.26764833957427225,1.017161419177243,-1.9052950159433046,-0.03473696100218387,0.0020690316536788825,-0.03756808148714691,2.176327660100364,0.05120837918032632
4.284529209136963,0.3453866869696901,1.1423862162697231,-1.981694053692171,-0.041434931181142574,0.0011303578467425958,-0.036494883968985925,2.31332002824898,0.05522687558388089
4.286543130874634,-0.06294193954264916,0.5479912852987721,-2.2280048285060357,-0.01865671187250039,-0.00218641559386948,-0.03854778436841008,2.2952694073600597,0.04288105631576784
4.28852915763855,0.4212692998345623,0.9952072626456255,-2.1502232199440603,-0.030584252687111645,0.004009061520907486,-0.0280255234426166,2.40652554821101,0.041676120872031375
4.290541172027588,-0.014182475517403034,0.9439180379468206,-2.0690917691310466,-0.03307618637643574,-0.006711406156388938,-0.030739746352957144,2.2742742037975594,0.04565094833241551
4.29252815246582,0.5437990990508418,1.3764140282152728,-2.184898801334809,-0.04311593651532271,0.0032213030136323136,-0.028511443740056198,2.638942176189275,0.05179057055914102
4.294534206390381,0.38792007372117654,1.080201257354916,-2.019034694333717,-0.03678413520819515,0.0046033392651266035,-0.04113437609284083,2.3224594370860885,0.055374183803934426
4.296533107757568,0.14118872039070468,1.012688746260448,-2.2784008844332795,-0.03171238373821921,-0.004385629170570556,-0.03752020340877347,2.4973152267494134,0.04932215211664598
4.29856014251709,0.1675561864786988,1.4699564896998234,-2.4339489214968024,-0.049587922993826854,-0.000145542291641708,-0.03130773668044315,2.8483248602807505,0.05864433191240501
4.300590991973877,-0.2218925973310861,0.9221377892797371,-2.3651153313564977,-0.026279498399575746,-0.00959220995113343,-0.025161599841859224,2.5482042613938174,0.03762616954304248
4.302596092224121,-0.08263046817166884,1.2089820604460073,-2.2160679464161914,-0.02912652824375892,-0.016171280514252224,-0.02975140844887927,2.5257518801109144,0.04466554898013864
4.304545164108276,0.558927320089607,1.315751363979092,-2.3006523287269767,-0.04375793464367962,0.007351708285373293,-0.035604586741327965,2.708616351318926,0.05689016660209839
4.306534051895142,0.3418269342292016,0.794208269349344,-2.0946954973751417,-0.023708345134119145,0.0054153746805899175,-0.03714482802069541,2.266133635686807,0.04439763688099541
4.308533191680908,0.33634333788447895,0.8133902143523286,-2.183300483989855,-0.021797475052975496,0.005423103725657483,-0.03461703660987328,2.354045769549465,0.04126595686947821
4.310532093048096,-0.23478623078246078,1.1677252111484515,-2.31955575653819,-0.03874114182590947,-0.008944826028360659,-0.032062864644468364,2.6074979675171726,0.05107752217817903
4.3125340938568115,0.2763976921255011,0.9748069894674244,-2.278257666049889,-0.030272426892966428,-0.0009783256456441815,-0.03615908578796548,2.493411787860548,0.04716838386123028
4.31453013420105,-0.013971981344195597,1.274685726231175,-2.395533446431763,-0.04667123675988792,-0.006469765504704327,-0.0341984042323568,2.713595292208,0.05822021176896435
4.316601037979126,0.26282821880875284,0.7538145498181974,-2.680021701591677,-0.02352374793266275,-0.0015753993057244491,-0.036428107720640104,2.796396139519961,0.043391884401100755
4.318669080734253,0.7997662867018634,1.2558011523527515,-2.586329189867468,-0.03640934913370444,0.008059390052109127,-0.038049108151219216,2.9842522222419303,0.05327597116388585
4.320619106292725,0.49943988637162495,1.1408883158058993,-2.138143751167044,-0.03501359953768448,-0.005588559384346787,-0.033713483813257346,2.474414082140659,0.04892630314467336
4.322590112686157,-0.21115218219225218,1.1832251901071336,-2.2289904676773835,-0.035942669214047235,-0.01935254418390965,-0.03770270681571347,2.5323912808934668,0.055568791041845075
4.324564218521118,-0.06428149809107105,1.4602113249753172,-2.716562889093145,-0.052784940533736446,-0.013297034705315507,-0.03498946965110409,3.084811688739055,0.06470953612544285
4.326547145843506,0.6005653850511946,1.3391545288914948,-2.049543228580667,-0.045039514267480554,0.0010684423246529707,-0.03432338895204687,2.520841343637706,0.056637394392796594
4.328537225723267,-0.19779381219621833,1.2294633169729645,-2.0948216409497835,-0.038363420155200535,-0.012567957626035868,-0.0382177450446579,2.4370022870971666,0.05559048121030032
4.330532073974609,-0.40238224153359925,1.0422207120818052,-2.048722439007638,-0.03219958798723884,-0.0206402676668195,-0.03286203472072544,2.3335378962183824,0.05042566253300054
4.332528114318848,0.5716118457641177,1.024403740006739,-2.5430298415063226,-0.04072909864579437,0.004402696264042007,-0.032916794156431894,2.8005613543626087,0.0525524361797735
4.334541082382202,-0.1630041948259698,0.9681233384057947,-2.5322117899486285,-0.026235434103832098,-0.008550239238289514,-0.03661944295186584,2.7158662918213925,0.045851806897367293
4.336534023284912,-0.2063206086684608,0.9622042971777064,-2.3053792359480987,-0.02966372788571654,-0.012161625494393508,-0.03932125189308921,2.5066269615978376,0.05073463055136492
4.338537216186523,0.1837211683123668,1.0653347838383578,-2.1338423765879817,-0.039228935897943365,-0.004982509028933175,-0.04128426620163265,2.392064998586917,0.05716752088131528
4.340552091598511,0.04341376412693473,1.4212912750130577,-2.233916537601859,-0.05093201919679011,-0.006705351973192482,-0.03657819706864843,2.648081709523894,0.06306343493134094
4.342538118362427,0.23766598697326502,1.0329606698148266,-2.263878041930678,-0.036701122923255156,-0.004318295183886157,-0.03739503824322294,2.4997273162255422,0.052573843138343665
4.344533205032349,0.09727663194153742,1.1901869571449495,-2.177131774167495,-0.0324652670462123,-0.011709060364797172,-0.03365881682629937,2.4831251475045613,0.048208003579848814
4.346538066864014,0.5467184021607948,0.9209688608145212,-2.20428703300864,-0.022416048141258617,0.0008008035624498924,-0.039067679953683716,2.4507072403168197,0.045048908062019846
4.348536014556885,0.1118287045614466,1.1790290956242226,-1.8857164469743597,-0.03268273157434512,-0.013541287665030346,-0.030966853795752744,2.2267783423327,0.04701567237417034
4.350543022155762,0.1883597296069326,1.0763907709402156,-2.633897226144851,-0.030783479501629366,-0.0010205700528424463,-0.03441147396376568,2.8515804525554613,0.04618239614635557
4.352529048919678,-0.528585414606028,0.8084095341572111,-2.037066978397109,-0.02773299212908238,-0.026823842950216843,-0.03777454353016959,2.2544556748639866,0.05399586597103819
4.354539155960083,0.17528700795984636,1.2023163376329564,-2.2425683214735996,-0.037178733841367245,0.0005247239365993505,-0.028714329734572115,2.550569110488002,0.04697921154470985
4.356528997421265,0.1838920238519996,0.9622060491337497,-2.3234471827211505,-0.035873728970539004,-0.004076648317156815,-0.03599283951447966,2.5215200908025333,0.05098066288376952
4.358537197113037,0.12474685660911383,1.47765302297846,-2.113566174078849,-0.04464928056187227,-0.0029471033362207834,-0.03485702166198049,2.5818950805099616,0.05672085711544675
4.3605451583862305,0.3060080550465151,1.0453154914779441,-2.0364250841748484,-0.038057692112979755,-0.00836275255563067,-0.03169981589642903,2.3094052329406516,0.05023148302748549
4.362536191940308,-0.20734230500848733,0.7779143347606425,-2.480960171713196,-0.023660441851585903,-0.007561003656240646,-0.03343140823570986,2.60831457406876,0.041649061712416176
4.364534139633179,0.2907980242976294,1.0945570916137828,-1.9359242401164685,-0.033492601800544565,0.003779487858725086,-0.025045992006901042,2.2428600895303195,0.04199214949789832
4.366575002670288,0.60634379031285,0.9040803639734579,-1.8439012102614702,-0.027690712238936467,0.011079392764487533,-0.039258754420264566,2.1412579876738462,0.04930292371614494
4.368595123291016,0.5530223928650191,0.952233096392311,-2.499692198598514,-0.029892673457314434,0.0031507787735352484,-0.03687811365919187,2.731490934381682,0.047576197834270716
4.370591163635254,0.5282911252446342,0.9065936412031974,-2.092016197177965,-0.028578356282205137,0.006364827481672926,-0.030762441763697024,2.3404134917867117,0.042468356454293865
4.372554063796997,-0.2666738621712288,1.0532783910571493,-2.068565872435754,-0.0312762792955778,-0.01823363154152995,-0.03681248591217493,2.336551965276858,0.05163167714495959
4.374547004699707,0.2792462357199891,1.1469331995823426,-1.997550294786682,-0.0413594901884326,-0.00543824412208313,-0.04546102052194501,2.3202675286850725,0.06169997013512348
4.376537084579468,0.1526800439685601,0.7907998760089245,-2.24731183903893,-0.022052585902625533,0.0015988657913650177,-0.03974753212275113,2.3872758830111174,0.04548339506523901
4.378537178039551,0.3811129491672541,1.3529815365375661,-1.8358210916971789,-0.0454440580772103,0.003631908187697864,-0.03737279052602875,2.312151638399769,0.05894979765284317
4.3805320262908936,0.31197925602108656,0.9191213342283808,-1.9007382737648768,-0.03097201751910889,-0.0033810099719826492,-0.037104046568097036,2.134226105307475,0.04845005025138929
4.382529020309448,-0.10907732605231692,0.887813313946855,-2.0126185626529174,-0.02391988462005419,-0.004423652378791934,-0.027273485571395716,2.20244042421472,0.036545486668236156
4.384530067443848,0.12813407534533539,0.8715084062215843,-2.1365526728022775,-0.03492142894085754,-0.0019924866314749907,-0.03472845878133002,2.311017647496022,0.04929038498099307
4.386535167694092,-0.19008957662483505,0.9325272468733927,-2.0153055215979516,-0.03084219284332291,-0.00988151426245141,-0.03819402464066205,2.2287210365332557,0.050076628298591046
4.388528108596802,0.2672534018848117,0.7580384127744296,-2.0085521556633954,-0.023497693496719294,0.003238259387907127,-0.03578665898848203,2.163406660357838,0.0429338198287438
4.390534162521362,-0.08218706066050785,0.806606481817245,-2.596085852584802,-0.02630296741437385,-0.01021180829440697,-0.035627807810785596,2.7197482389810577,0.04544741810978493
4.392528057098389,-0.44771665345211675,1.4348949936094004,-1.8358575801690682,-0.0419274275796338,-0.02710888818922152,-0.03597446733620354,2.3727087682916146,0.061538307601239135
4.394542217254639,0.22199301338214872,1.0439534355927864,-2.3065976465323685,-0.036224551803648954,0.0018807021601330918,-0.03770021042769876,2.5415570771999456,0.052316929002791654
4.396565198898315,0.0177964874932294,1.0473876329581002,-2.4802337989589853,-0.035637231535115985,-0.009100581270480279,-0.02925858926371511,2.6923776232429186,0.046998913781606345
4.39854621887207,0.0033728692838602345,1.1862138587148245,-2.1458111621217424,-0.035865485630521,-0.0013255803442650497,-0.042108961044234255,2.4518605666596507,0.05532860763643929
4.400611162185669,0.467409564164721,1.3101699042741035,-2.0632437152609633,-0.044759665820907055,-0.003146943410109379,-0.032074307472096025,2.488371255922663,0.05515516419194363
4.402598142623901,-0.3350167315771233,1.0310322555601346,-1.919998223538433,-0.028071463802821987,-0.009781587565204057,-0.03619699637082027,2.20491652922118,0.04683918318670892
4.404548168182373,-0.3529939164969134,0.8465107636077217,-1.8794794080843944,-0.031253276361994105,-0.012500258297282563,-0.03571930970056252,2.091322075482594,0.04908047296372215
4.406544208526611,-0.1471203066686051,1.0753358898121759,-1.7825799101146953,-0.03121084957917532,-0.004725260408514482,-0.03747822691545906,2.0870033053392425,0.0490006398948914
4.40853214263916,0.6752423878054027,0.9974849306529675,-2.121788712109581,-0.03408095654764172,0.008348957271266779,-0.032196644754022646,2.439859792693943,0.047621850238482075
4.410531997680664,-0.018764948821270687,0.951061807672104,-1.9782236159510487,-0.033678742177604915,-0.011605174673622902,-0.029121761280412176,2.195048828619363,0.04601102839476854
4.412528991699219,-0.10829662371677429,1.5962214435823123,-1.8660144509871404,-0.055882200826448465,-0.013361820169242433,-0.040954616691269534,2.457979045263261,0.0705594730406308
4.414537191390991,0.0741415588310785,1.2741556705385708,-2.104883844484792,-0.03726324603609049,-0.010957866251822991,-0.032339980940485714,2.4616063134231223,0.05054204888179776
4.416592121124268,-0.09759192578916068,0.9049288883639045,-2.323327827713366,-0.03207093755030888,-0.008140418410846643,-0.0333717584494255,2.4952500219421054,0.04699452850349991
4.418668031692505,0.1789368290537292,1.1851603946840785,-1.970792147370002,-0.038149047827477925,-0.003735364670292063,-0.036808767783120845,2.306652387780783,0.0531430916025308
4.42060112953186,0.32514135212370776,1.1888982345481909,-2.2487279825205224,-0.039259469438659274,0.005492443907532856,-0.036769111782254275,2.5643660913261694,0.0540688492751448
4.422574996948242,0.4725743717897163,0.9882098562131956,-2.1882875652230185,-0.02758564042805737,0.013570698343720137,-0.04502008540902304,2.4471386811742066,0.05451549781115505
4.424561023712158,-0.07045815944869852,1.048953370803715,-2.3665043565688926,-0.0294077395421134,-0.011578786651469119,-0.03514179085967913,2.5895193368679297,0.0472633992654194
4.426533222198486,0.23442913449955177,1.5377955796278568,-2.3637161383325647,-0.048895172563018216,-0.002889253940117104,-0.0353656346777991,2.829651258801868,0.060413688883078125
4.428544998168945,-0.7029208776633739,0.8402178111638491,-2.154594457363436,-0.02666166744354656,-0.012883050135455314,-0.0375142320890182,2.417093503808501,0.04779262600958068
4.430546045303345,0.32191197071353905,1.0188340578268953,-2.506739235938154,-0.03314895815423145,-0.0037008209519347217,-0.04163155570437022,2.724957201731523,0.053345439662592975
4.432546138763428,0.0698417222516682,1.1805145878486336,-2.0617254533438967,-0.04409063318484901,-0.00913376296610184,-0.036316712940906944,2.3768055038762856,0.05784732663999331
4.434539079666138,-0.06079345939738962,1.1135279708995258,-2.1230506298641596,-0.03289830816467922,-0.013520437473841778,-0.03467908497868882,2.398121006881788,0.04967635095839252
4.436539173126221,-0.032868918468085866,1.1906098454704868,-2.3787947227220814,-0.04201896254509179,-0.005978525857349151,-0.030629348128940043,2.660318872387846,0.05234016575820736
4.438566207885742,0.11474458501569267,1.089520879323667,-2.122768759354846,-0.037863312438069875,-0.004689414289459127,-0.03232007868630105,2.3888008020690115,0.05000208517101834
4.440566062927246,0.17739351723904156,1.3083479529654851,-2.4075299355860613,-0.04157781773724905,0.0032994689792552718,-0.028240312001028424,2.7458046574238373,0.050369798939964
4.442537069320679,0.43421386993372213,1.2167656496370587,-2.3115606503874124,-0.05066564424819391,0.0008458684849585172,-0.04085284080448828,2.6480885505207317,0.06508976572684261
4.444533109664917,-0.1629572250604719,1.1073336143464576,-2.0344429435488545,-0.03672105572144196,-0.01010079358542766,-0.030641078440581032,2.3220036350567423,0.04888085159195266
4.446533203125,-0.24352464498539567,0.9568025943853704,-2.275072333078811,-0.03574959993612545,-0.006746861966687638,-0.03584331428016566,2.4800664463031032,0.05107149127034852
4.448520183563232,-0.14262989914809962,1.2725778671324663,-2.635209088406681,-0.0409410600647855,-0.016148521286471373,-0.03918979738435254,2.92986768569292,0.058930343270632644
4.450523138046265,0.19433001575646383,1.1978279883904643,-2.211441247277562,-0.03603109945350296,-0.004871447733069569,-0.02560349610532289,2.5225043974106356,0.04446920444149562
4.452521085739136,0.09406402144839016,1.5416472223093676,-2.233167579259445,-0.049638246310709254,0.000749394522275617,-0.03589726217223331,2.7152461463448803,0.061262798829425924
4.45452618598938,0.5598638589859332,0.822924511237084,-2.404415726536292,-0.03673519711592726,0.0009644232305782323,-0.03801056392331773,2.602281168092422,0.052869724692704165
4.456533193588257,0.4950256635576577,1.0231986258573937,-2.333401329641299,-0.03864034438014235,0.016510576507607722,-0.035826638927879066,2.595524532865937,0.05521977369836086
4.458559036254883,0.409232098039658,1.3025058454586724,-2.503339863520358,-0.041158418031357495,0.00011440028639289677,-0.03588847888381337,2.851438735061666,0.054607795953173374
4.460544109344482,-0.20174470611659628,1.1011512854591328,-2.262078763491014,-0.03352463670105009,-0.010472480998623936,-0.03769575669116249,2.5239325292391253,0.05152226893997639
4.462578058242798,0.0010110300855842302,1.1154256026633589,-2.1643247798324072,-0.04110238283763848,-0.005728980416066048,-0.03283392359322501,2.4348464119642843,0.052917800691876876
4.464526176452637,0.19833427442826052,0.893444456565093,-2.4480170513521804,-0.028699109908830872,-0.014095185177457404,-0.03919143519973879,2.6134970757762295,0.050579459741690536
4.466574192047119,-0.09443437190946712,1.255415329634864,-2.197101866056181,-0.03818742360398606,-0.011063297503085635,-0.032799664971063826,2.5322405316848755,0.051541186398511275
4.468581199645996,-0.31948660723032346,1.0331878577514932,-2.2940860738682005,-0.03289010344187298,-0.0134495044387938,-0.036623593367115695,2.5362136652736256,0.05102877291475937
4.470579147338867,0.1659297026485234,1.0241034215208684,-2.470542799293154,-0.03278381121041369,-0.011255823483367866,-0.04126782324538497,2.6795339533827573,0.05389346041201212
4.472537994384766,0.4244225715132862,0.848304926764435,-2.3262483479581006,-0.02161323635557835,0.006185474338123495,-0.035760111514139055,2.5122076236570408,0.04223952715234083
4.474536180496216,0.2743626175097121,0.9850237993211028,-2.2001377081636475,-0.033782903329324036,0.0031267361242237005,-0.04016051728657827,2.4261394572446466,0.052573074713911594
4.4765260219573975,0.10599251980887645,0.9674203898357143,-1.99460325734071,-0.030990244258871716,-0.009055869671888126,-0.042179439560430604,2.219364498931956,0.05311787962984566
4.478522062301636,0.28223964961469217,1.2527784438487832,-2.2235352009299647,-0.03601486554570138,-0.0008013247884726951,-0.038220784667472515,2.567726979053938,0.05252181491807829
4.480521202087402,0.23398005396262422,0.9451297312950414,-2.5134802764837127,-0.0232174845823114,0.00735268259948394,-0.03049295831757403,2.69547768955761,0.03902478749072093
4.48252010345459,0.1995813589479538,1.0603665003513931,-2.2595660593241997,-0.03451775446171135,-0.0033424518668512177,-0.03436198191913997,2.5039665753274076,0.04882000777317137
4.484522104263306,0.4273701990761563,1.0065720204607975,-2.3272625754640384,-0.0356233357035609,0.0024428503231431753,-0.03411881213878629,2.5713777658268016,0.04938707225693449
4.486523151397705,-0.11723286755597995,1.29798208805595,-2.1298653068678695,-0.04874778162570528,-0.005732014650649675,-0.03939454135260552,2.496963610377381,0.06293752532285375
4.488517999649048,0.005842121615652077,0.8665566761107394,-2.261007865536282,-0.03577830587241731,0.0006561616618264691,-0.031676979607129604,2.4213862086238946,0.04779067645741381
4.4905290603637695,0.3356729953498403,1.3962556090267484,-2.5786907120885543,-0.04599409959332938,-0.0007821075473537502,-0.03505215906569548,2.9515846378102673,0.05783357800433541
4.492533206939697,0.47502603915840624,0.9322497129804828,-2.201481260601966,-0.03959396549575075,0.0022824851328047424,-0.033751458590187945,2.437469795917959,0.052077373196286955
4.4945361614227295,0.5209334759606417,1.1473272829308445,-2.0795809317191742,-0.038129512266039854,0.005437730947227619,-0.02751242269013542,2.4315403414510524,0.047332462705644195
4.496536016464233,-0.2892449197878294,1.0533597177407255,-2.1469197029624674,-0.03430621677680527,-0.018252971236676314,-0.039726083546599594,2.4088365510242364,0.055572017980774276
4.498528003692627,0.40734733044532917,1.2357878065732413,-2.0272968407105805,-0.042681765964723936,0.004082694844848394,-0.043389872870030356,2.4089491133793466,0.06100067713346315
4.500587224960327,0.11824339180445553,0.8859104722005876,-2.243648045087431,-0.01969066132589617,-0.01396980995335937,-0.03554089401249235,2.4151139548031146,0.042965484761507536
4.50255012512207,0.012237446350596738,1.271910790544457,-2.3526993302056285,-0.03849769667387775,-0.012524845534253124,-0.04769912316659245,2.67452817381807,0.06256317411794701
4.504556179046631,0.10365647802391457,1.1920348495952247,-2.111908975917951,-0.04335524441943148,-0.0032358269934490685,-0.036118344201833935,2.4273135913286197,0.05652152318261008
4.506542205810547,0.692105525948918,0.88784786800378,-2.192936538418586,-0.023656331802512885,0.003990429672397184,-0.04516454610624996,2.4650059953880796,0.05114080355552217
4.508519172668457,0.2997996877709117,1.2507850871147175,-2.2190898238412315,-0.035527891218113616,-0.003377298267850652,-0.03862164424632936,2.5648982110820335,0.052585821304665076
4.510531187057495,-0.007790651991003327,1.5101488990486842,-2.0526101512891275,-0.04696104420091243,-0.006199151363822399,-0.03666096932737419,2.548297240262912,0.059898212177779596
4.512529134750366,0.2305348982941064,1.1769803069803992,-2.274721340984663,-0.036234072203585,-0.008349827972115262,-0.04461634605736439,2.571533814959899,0.05807965178209168
4.514526128768921,0.0123232030430785,0.8839096197757802,-2.148489650823396,-0.03596276567811543,-0.007667542758884647,-0.047007895777015564,2.32324253080918,0.05968127003140197
4.516623020172119,0.12680328566031676,1.4143715031941348,-1.878474437505882,-0.042050254627281715,-0.007448369471822571,-0.03480656462592503,2.3548231429695368,0.055092640734191546
4.518582105636597,0.6082283982788939,1.1254381280517927,-2.400162605899223,-0.04218540569115613,0.003233753169318478,-0.03750004779623993,2.7198039082445966,0.05653599912982687
4.520595073699951,0.09619976987447429,1.2271097680309697,-2.2035201240978477,-0.039586303928247385,-0.0068385379145909355,-0.0341816756660276,2.5239955855399425,0.05274682939140869
4.522574186325073,0.5549690384942386,1.0638987778784967,-1.9624880262450053,-0.03922155806968995,0.0053250857106118205,-0.03397167355455816,2.30026748366654,0.05216092176463994
4.524548053741455,0.5361625459070298,1.007657017059753,-2.1909608763718222,-0.035898830244507504,0.006716487504152513,-0.0346396507367603,2.4704559298751416,0.05033629525980375
4.526535987854004,-0.027727756328731257,1.3250350828234359,-2.4491996656055486,-0.04706086652545906,-0.005171961026127115,-0.037832327315442435,2.7847918775352434,0.06060329470487246
4.528531074523926,0.07208105765328962,0.9672406064843224,-2.037265605043322,-0.030754722061952313,-0.003567819041683787,-0.036847676542712426,2.256369033468841,0.04812830277932619
4.5305211544036865,0.5123439110668371,0.8958026678182863,-2.2363405208977887,-0.03878963361073212,-0.004876953914586289,-0.03408266318112121,2.462961150381186,0.05186567539960887
4.532530069351196,0.15665533465476467,1.4399941059668901,-1.8134334363500848,-0.04589575703591827,-0.0010099728892037133,-0.04280070212375242,2.3209189445492613,0.06276416701767938
4.534529209136963,0.6174937499723272,1.3501848340535976,-2.1710350233233693,-0.04014729652907523,0.011159048020650698,-0.030047623559714423,2.6301503169704827,0.051373042083440894
4.5365331172943115,0.18271175011946772,0.7923459702975785,-2.21527537188821,-0.03549043172746572,-0.005615065636170419,-0.03638060710292142,2.35979674836054,0.0511336315889801
4.538524150848389,0.297263224467609,0.9700280692738011,-1.9213560301420662,-0.03983824942246649,-0.0032055067998879214,-0.04029211166218663,2.1727698622641145,0.056752230379861685
4.540516138076782,0.38937689774055,1.1062996407212113,-2.041159974806389,-0.04057255189715409,0.003970004501074895,-0.035345937810745305,2.354112849101664,0.05395579878851662
4.542523145675659,0.4339164824009561,1.232166616896374,-2.0817395983631926,-0.040121637447721265,-0.002064421138624181,-0.030999755375060892,2.457673257552033,0.050744383526037676
4.5445311069488525,0.24244767037099377,0.670314996793743,-2.0798698834991654,-0.02444802178730767,0.012295425080430262,-0.04108248265186165,2.19862725355658,0.04936247185931492
4.546527147293091,0.21806782935367694,0.9698003800044923,-2.094936897258219,-0.02887832625229897,-0.001762343968788071,-0.03492797988700936,2.318798602455542,0.045354463533216594
4.548519134521484,0.20051066477352936,0.8871401165525138,-2.1847519395895008,-0.032572782524885074,-0.008103272814967656,-0.029029879621268122,2.366508641569858,0.04437773205733446
4.5505290031433105,0.6361872368327731,1.0326655546273624,-2.0006379023825334,-0.033285914225221175,0.01052395060619115,-0.03469078932555687,2.3395906403626126,0.0492154090321365
4.5525290966033936,0.5194824260153662,0.9388083301737357,-2.169047792141689,-0.03434045969431764,0.004600769679657237,-0.04028254327311236,2.4199155762830125,0.05313301747701214
4.5545220375061035,0.5017932020327915,1.1303244844071583,-2.171751305865424,-0.03794610933623599,0.009940547282383687,-0.03181955986209388,2.499186586108529,0.050509465289668806
4.556515216827393,0.043503808747466524,0.6227037714016764,-2.155376619567097,-0.02333542872179695,-0.001770367759893521,-0.03843987814016508,2.24394762427065,0.04500334062118142
4.558549165725708,0.4184656680064805,1.3703122631142328,-2.592147550331619,-0.042209620807199234,-0.003138238204437966,-0.03455110302321776,2.9617728029731745,0.05463770994319169
4.560532093048096,-0.059934340409597525,0.8741419614099933,-2.0610523061449855,-0.03354408402733478,-0.006768249030041294,-0.03597397880591202,2.2395653378554523,0.04965019556148555
4.56254506111145,0.4699956564241808,1.1172144442280674,-2.0029958330934288,-0.03455633520294298,0.004846003230953228,-0.03856188360622677,2.3411655940661404,0.052006181529052356
4.564526081085205,-0.0727448242169943,0.7291837513470899,-1.8321816220207716,-0.024059232685264685,-0.021291100405942672,-0.03862457601548342,1.9732942630914532,0.05023958107185507
4.566585063934326,-0.2675158957597845,1.3074934244411909,-2.3387607242351205,-0.03226149249951358,-0.008464563366147843,-0.030332893113863578,2.6927505518829435,0.04508366817299559
4.568586111068726,-0.31242781008390674,0.8895348654111818,-2.0352331910445867,-0.035080333847774724,-0.01587069255427996,-0.036177990513022826,2.243001907093582,0.052833282148511046
4.5706071853637695,-0.07514270491945339,1.0396051853365178,-2.2204913432902855,-0.024502066445684,-0.014315645359466701,-0.028734646718191096,2.4529588608674797,0.04038525577715194
4.5725531578063965,0.6027687132246635,0.9890654910289922,-1.9539630285469634,-0.04407968296048059,0.02004729433658506,-0.02878160884069481,2.2714647662060177,0.05633199328599087
4.57454514503479,-0.1119179252779901,0.9111045806328594,-2.1672026034662326,-0.03558738912921449,-0.005145320093160175,-0.028205571842425947,2.3535939121521205,0.04570000948417257
4.576524019241333,0.045987065390508786,1.070789014209761,-2.3899662668351707,-0.033244241207311453,-0.008196527125726624,-0.03808597939504354,2.619282856001922,0.05121429933966058
4.5785322189331055,-0.024166260436375896,1.1849577181800044,-2.263197734677953,-0.03881365916524807,-0.000968912683115711,-0.038635654968482584,2.5547549370280622,0.05477365027480988
4.580525159835815,0.1818701148354337,1.021411908092987,-2.060735570166977,-0.033507573703521365,-0.008794888196160477,-0.0338740888154413,2.3071606174724435,0.04845164029169998
4.582526206970215,0.03897199069364723,0.888269403997326,-2.037878139783963,-0.03290683481048722,-0.01178675426555493,-0.03933764551701942,2.2233957503660333,0.052623547088579546
4.584524154663086,0.17338272225775822,1.0976506768908691,-1.9376895259997007,-0.03716708541727458,0.008522321134933331,-0.043036736953442685,2.2337276638000074,0.05749941672349151
4.5865302085876465,0.18778887775077835,1.0456216747952216,-2.164759795150108,-0.03680324402051853,-0.005117201515169731,-0.02954555758050281,2.4113843161360236,0.0474721444062041
4.588525056838989,-0.3812422860213841,0.8694403811917769,-2.077026947302076,-0.028253644504113967,-0.01914986091736332,-0.04164595532064219,2.2837060224373658,0.053845809451508235
4.590539216995239,0.04781531846183134,1.3484576899561531,-2.205734367439411,-0.04641313388071336,-0.010527983181130391,-0.028342397803078026,2.585708519146122,0.05539231841798201
4.592539072036743,0.36059388819788474,1.1719098791361582,-2.1461091000538874,-0.04201123826129359,-0.0025117973375472138,-0.03756074519883213,2.471676553749843,0.05640977615629829
4.5945281982421875,0.13250391329684247,1.2341385500672826,-2.083227519096278,-0.039207922244823244,0.006303504111215353,-0.04100506893615194,2.4249726068805777,0.05708249301926806
4.596537113189697,-0.22048539640768908,0.994431726220374,-1.965605180644577,-0.029748038260672485,-0.008735739288535735,-0.03334111589374646,2.213845521783191,0.045528989998856045
4.598536014556885,0.1502288611250106,1.404650193078533,-2.357336060044655,-0.04212693315523294,-0.005902063323267131,-0.026728265807837544,2.7482074477042913,0.05023856130137225
4.600583076477051,-0.18704411476642518,0.9853714932497843,-2.119209287434214,-0.03030278476605442,-0.006567160901667074,-0.03401640650000014,2.344566161260009,0.0460271906383548
4.602583169937134,0.36086766451632013,1.3630765744810383,-1.8571172682722237,-0.03518463083934178,-0.005271723182548213,-0.03704567687995799,2.331756369629407,0.05136274416450537
4.604557037353516,-0.218775405843438,1.0426401526424758,-2.270320197389433,-0.029153039691174207,-0.016099480305859355,-0.0403534115245177,2.5078506663632667,0.05232103602778723
4.606551170349121,0.08179632169156523,0.9692403756922142,-2.0609134717905504,-0.030105072235681957,-0.00746018001322113,-0.03554951231478538,2.2789212102049587,0.04717772234820551
4.608534097671509,0.028268123883550877,1.0703158605026006,-2.4003965707245376,-0.028998211941348016,-0.009381467519825791,-0.03182810097964953,2.6283604822811952,0.044067405648524995
4.610527038574219,-0.1243322397564079,1.2503211463145014,-2.374645002842928,-0.03940251157600984,-0.005818769449149643,-0.032748072723387506,2.6865778165336924,0.051564059804249544
4.612528085708618,-0.12613024917277066,1.0548392930239379,-2.097817592673192,-0.03961772342393248,-0.011386402152431946,-0.038479568464368695,2.3514747342875646,0.05639052537861439
4.614535093307495,0.13852217972784617,1.2464853483835259,-2.353190209105891,-0.03329845994057563,-0.008163733512859055,-0.0340655207834033,2.6665367573395984,0.04833108405082158
4.616694211959839,0.019407649050428678,1.1994389901640519,-2.21152903294923,-0.04029465828616903,-0.004577018702100126,-0.03334914873292729,2.5159275052244214,0.05250499317026344
4.618656158447266,0.6008728274490736,1.0530994329022874,-2.117687225320561,-0.03539704980625094,0.008544116036852284,-0.04807158797710436,2.4402183825698183,0.06030614085213786
4.620582103729248,-0.05489233266808999,1.258188787077411,-2.487430334613027,-0.04619802529596369,-0.010365220905768035,-0.03180232457194103,2.788074938316068,0.0570358062435428
4.622587203979492,-0.8403069327291682,0.84251006240358,-2.2373010442901724,-0.019905715048377255,-0.036316658234461306,-0.03992642475324891,2.534058979034601,0.05752613797642517
4.624536991119385,0.26373844584039025,1.0911783246999405,-2.325829031785546,-0.03398581639564579,0.0028002404533466452,-0.03742160544932522,2.58257793477869,0.05062858498002953
4.62653112411499,0.27874080570575355,0.8981027155809522,-2.0497000622500425,-0.025068113632490716,-0.008894485170046554,-0.03417078377353964,2.255117573362241,0.0433031713761203
4.6285240650177,-0.035050620178556875,0.8216582744443647,-2.2358991761466416,-0.030172836701989236,-0.009274431654164481,-0.029929226788062282,2.382350938008719,0.043499123822025906
4.6305251121521,-0.2739864458190822,1.0387061341290955,-2.3149752780736197,-0.03336181357676863,-0.00464804258437518,-0.042419338442948144,2.552075536433437,0.05416655036952794
4.6325201988220215,0.2396352968982237,1.2107226358930465,-2.223653434008712,-0.035448184048637046,-0.003973309703607335,-0.03700999287671077,2.543208401048181,0.05140136686004574
4.634522199630737,0.37561358291280134,1.2535494268395095,-2.189697781541273,-0.03869706579643422,0.007481253721107027,-0.04046263816912521,2.5509308308311747,0.056485902188941665
4.636522054672241,0.5051384832736923,1.1007701355208306,-1.896726669809754,-0.042561143557311595,0.005928466496983514,-0.04108464789065063,2.2504292564989004,0.05945204746861697
4.638526201248169,0.185854021609376,0.6324619793628126,-2.257520757679931,-0.022297153531940936,0.0003520319128146701,-0.04152511105286702,2.351797151976266,0.04713408352824445
4.640529155731201,0.4298646613926481,1.3798477018051534,-1.964992157466412,-0.047368520176739204,-0.0022654707686354837,-0.03481215482427507,2.4392534690342624,0.05882852356677829
4.642520189285278,0.6979578817972167,0.9284030112970555,-2.164545054494614,-0.036943352511340295,0.008907540483012469,-0.0323718646667729,2.456487868703078,0.0499208693257391
4.644540071487427,0.025873403479837895,1.3214803958791759,-2.280901663317307,-0.044219488643628256,-0.008270529532930847,-0.024451605915449173,2.636188966562198,0.051202010375604186
4.6465301513671875,-0.1113895290513839,0.8291303161365198,-2.023280888701462,-0.029070516291361606,-0.010657747073448565,-0.029708489500113743,2.189413223423918,0.04291010182353674
4.6485371589660645,0.36507955208837917,0.956597478756686,-2.0358987950390484,-0.03253470022510118,-0.0027063347179811068,-0.03495725992164976,2.2788693949759713,0.04783138078262773
4.650531053543091,0.32164071553684176,1.2932478755164303,-2.038440934952792,-0.040975713287760625,-0.0013710383491868875,-0.03773600410212147,2.4354022794417403,0.05572158317197235
4.652527093887329,0.5229185392617102,1.2612876128373576,-2.0160359537000696,-0.04486209575132447,0.0023271367237296817,-0.03685811379275829,2.4348903892397105,0.05810803518354286
4.654531002044678,0.40265003378986647,1.3419083257020892,-1.9921100789149033,-0.038279835737958755,0.0017590625758231004,-0.037603131241985416,2.4354358071634543,0.0536883190691676
4.656536102294922,0.3519182789636702,1.098621566049748,-2.5328654611970935,-0.042180906862808,0.002583360183904643,-0.0364413324087161,2.783203777121524,0.05580209101217632
4.658527135848999,0.057614314497462224,1.0751078394920763,-2.2471469924410665,-0.02974199938896932,-0.002177611305948874,-0.03341789773141499,2.49175558219687,0.04478933363470101
4.6605260372161865,0.15962559237375912,1.0682069766859779,-2.087700146174096,-0.032587513430473856,-0.0037316963108156797,-0.0306176795015547,2.3505400177654097,0.04486996642518682
4.662576198577881,-0.28125128854467324,1.284387492427835,-2.297824103611038,-0.042278380415312004,-0.01338938989911038,-0.025750407570142648,2.6474042247358014,0.051281777489091546
4.664530992507935,0.2642064455934461,1.000897245052101,-2.1763705441053123,-0.03198851950175779,0.005260361283277759,-0.02980661373876449,2.4100184825629993,0.044038290195202286
4.6665260791778564,0.9471559085915315,1.2855783980770945,-1.9985472904274406,-0.048186232213751616,0.012338954930759401,-0.02398622795750088,2.558125760172315,0.05522229545545986
4.6686060428619385,-0.044549719116883685,1.433871230283396,-2.3469728478810103,-0.04208337057265526,-0.01954650765620224,-0.03942582028360956,2.750682266492899,0.06088900841157522
4.670569181442261,-0.01166090732186163,0.8338719533957716,-2.202961405325602,-0.026871486529557363,-0.010213908079269215,-0.038823550308369086,2.355529105057673,0.048308061077903024
4.672559022903442,0.019335415398509744,1.1582761798522259,-1.9178769010352954,-0.03545081354525259,0.0014781067840070059,-0.03699734225997357,2.240586837109075,0.05126156762123861
4.674546003341675,-0.12153958556910475,1.2376396544382826,-2.1634033972781204,-0.03969491231849103,-0.014690453226486128,-0.030079486797817318,2.4953633091101053,0.05192562956760692
4.676533222198486,0.3662160575044225,1.3108788047376214,-2.0711133365268783,-0.043437917328110684,0.004426082916600501,-0.031031223105229492,2.4783115006439194,0.05356659107312066
4.678532123565674,0.28594774559976643,1.3239783196611368,-2.086335756913126,-0.0404137885231456,0.0011001473425916375,-0.031937236766071686,2.4874648931634358,0.05152156557424345
4.680533170700073,0.1140852551932217,1.0772713325241996,-2.1028951495507378,-0.03697800299815922,-0.004004926859120295,-0.03309366319533906,2.365522559464396,0.04978556707084207
4.682531118392944,0.21788221584408973,0.6457443164957708,-1.915974874254509,-0.02239684938961183,0.005118733992937984,-0.037697123902289825,2.0335727429925647,0.044146273350941026
4.684527158737183,0.5005552934358687,1.0432824589702223,-2.224516088953581,-0.03334705867900954,0.007221505615261515,-0.03492977459551866,2.507481948288952,0.048828942433625365
4.686523199081421,0.34991611130287054,1.2954389716537598,-2.131486806790544,-0.03270103335979276,-0.005075000362682443,-0.030507394560507533,2.518697961596591,0.04500904724996954
4.688526153564453,0.5198651762947227,1.191560339443449,-2.1063093937212622,-0.039657448814860295,0.006740924553095456,-0.029920817781239048,2.475200013359923,0.050133907159046566
4.690523147583008,0.273760844102406,0.6586561633982418,-1.9064505341829427,-0.022006380285587875,-0.001924417022799258,-0.04193716638690145,2.035516293384207,0.047399473401233135
4.692530155181885,0.031614796563797946,1.1339588715706106,-1.9587678036520761,-0.04127004743832679,0.0012562577024041828,-0.05823698898929098,2.2635444608841775,0.07138866776677788
4.694530010223389,0.11156228720977808,1.6263726748782714,-1.9001327606394625,-0.048781121677443307,-0.004670784066270735,-0.048398253890496665,2.50360514649845,0.06887528610141837
4.696531057357788,0.04160594336216272,0.7844132696619903,-2.011937576050658,-0.03285524869014754,-0.013403622136466738,-0.038441077016168,2.1598444485817647,0.05231482442894732
4.698523998260498,0.7982448206587578,0.9994254047158442,-2.1022749259395663,-0.03087453195018773,0.0063599861556689384,-0.040888316004754094,2.4608140517995607,0.05162887305324505
4.700560092926025,-0.40031157735509465,0.934249086279425,-1.9522980535656254,-0.03282916634856713,-0.017403651809955928,-0.03826233126055306,2.2010312138028834,0.05333523462924271
4.7025840282440186,-0.20398348433097258,0.5063380707028592,-2.13035131751917,-0.017847674784057844,-0.015410121672406182,-0.04003194467076708,2.199178082779692,0.04646039107970588
4.7045371532440186,0.15415215139838384,0.8994464475108874,-2.232082284546832,-0.02420493456288756,-0.0036328330698074097,-0.032398449644164745,2.4114224272633176,0.04060462870969557
4.706536054611206,0.47677075467559454,0.9973012143345747,-2.0556377395680876,-0.03214414149558085,0.004379704033864932,-0.04505656474766089,2.3340022667006455,0.055520461694517034
4.708533048629761,0.4198150283692082,1.2135493362361764,-2.096997771726951,-0.03105280432505493,-0.0021977317790342335,-0.04239322233447888,2.458931943782036,0.05259555096510812
4.710524082183838,0.3295021105593984,1.2562781694454637,-2.3000479465116506,-0.03478293706177401,0.0016375398418541935,-0.03244841239770065,2.641406261092906,0.047596572507988905
4.712530136108398,0.6246798547696859,1.263368128975654,-1.7633017931081967,-0.03775415245764437,0.005531451112411999,-0.04063717957056511,2.257334083348121,0.05574363948159837
4.714529037475586,0.15963077998348515,0.8575813591097177,-1.938774166963598,-0.03508045508078181,-0.003934607811498523,-0.03895271914289137,2.125975786291086,0.0525683725820957
4.716598033905029,0.3365948720535044,1.1080880628362335,-1.8229507805649419,-0.03401632929113309,0.0057306589380686146,-0.040238606085649206,2.159700166980408,0.053000910652773785
4.718592166900635,-0.1293398905888636,1.3325307514505265,-2.012515338788982,-0.04390254465545183,-0.01365568163761468,-0.03380312669652312,2.417143975794527,0.05706629865930524
4.72057318687439,-0.24609104634860354,1.2569057132561807,-2.2338974692111107,-0.04154318604575794,-0.011012090783082589,-0.029773193379681887,2.575008869510314,0.05228331946492345
4.722568988800049,0.13411088387039716,1.037258156714056,-2.1695736939967065,-0.03794824501166585,-0.006845795818603785,-0.023626496343563005,2.4085141117553897,0.04522328547692915
4.724546194076538,-0.235453456475178,0.8860710470290176,-2.105669793766011,-0.028797612102610937,-0.005262850802479166,-0.03713417135450991,2.296607391551243,0.04728579854002366
4.726529121398926,0.3748121230000369,1.400916502148342,-2.0123521008402614,-0.045285056818279275,0.0005502926179719733,-0.036521877163649664,2.480445958148565,0.058179779172465855
4.728535175323486,-0.014326532367945831,0.9569925623615929,-2.0729482657709686,-0.03427437669291028,-0.010292136990190753,-0.031658025811040734,2.283233349114357,0.047779614688325873
4.730530023574829,0.3130187903945872,1.014729311167945,-2.1370903110888038,-0.02699207018676908,0.0050607926250998535,-0.0353954438294846,2.3863803837261783,0.04479978704020737
4.732528209686279,0.35785531911470364,1.295491717055702,-2.1682043093402243,-0.03830847130294085,-0.0035202109042552993,-0.04393977920719276,2.550974156164687,0.05840064259197436
4.73452615737915,0.801457103402066,1.325659746655692,-2.1431127569323865,-0.0466480754127263,0.01104953195020324,-0.04093662198971424,2.6443599492926824,0.06303921094016579
4.736532211303711,0.11292083800149785,1.3774989293411695,-2.058351929023447,-0.043964671973729566,-0.006469214557629527,-0.033401970653528984,2.479327949204295,0.05559167889432284
4.738526105880737,0.37287171412082376,0.9518696568115101,-2.2415324182995744,-0.032366724019862805,-0.0011591700142949129,-0.045138733318117207,2.463647040677256,0.055555861477112466
4.740534067153931,-0.03026788561931256,1.3821066403106155,-2.3917003245318584,-0.04472413492730431,-0.0013985637204560909,-0.036196441920285594,2.7624925977197403,0.05755333728954825
4.742524147033691,0.0034780480462992536,1.2849884987739715,-2.235097876018282,-0.03379196518044065,-0.006804427750662359,-0.02520263269576171,2.578152449755645,0.042700934914443905
4.74454402923584,0.12901845090059053,0.8701534800903259,-2.2634493056830465,-0.029341055989779926,-0.0066398576980802,-0.024307050701842484,2.4283771533646004,0.03867580627043341
4.746526002883911,0.641245153599474,1.5483086213628754,-2.221747187386026,-0.04354110350679336,0.006840109010458097,-0.03448065292825822,2.7829149283905785,0.055960076949761656
4.748552083969116,0.5406501288287717,1.0588910456590788,-2.369933654503611,-0.035918400200300425,-0.00011636236988089589,-0.03232009837285872,2.651440803625151,0.04831908289673274
4.750535011291504,0.09004740160556818,0.9380312016058271,-2.4609387961266447,-0.03695818476166728,-0.0030777781877578143,-0.027591783302881968,2.635190852291964,0.04622430794813233
4.752545118331909,0.0503124327107113,1.1916942008981344,-2.1076603352662104,-0.03522988591569029,-0.004553843687973529,-0.03288360622288954,2.421755251505401,0.04840675481985039
4.754523992538452,0.04754389625819981,1.3307910740610718,-2.242172104835086,-0.04445648362931094,-0.004580464600623626,-0.03177417203596306,2.6077962061044246,0.05483573288661085
4.756543159484863,0.09951826301275268,0.9895423529066567,-2.134019482461498,-0.03672953190141015,-0.008835178998195784,-0.02541166667015233,2.3543867788437733,0.04552880082521169
4.75853419303894,0.1293693491290747,1.0032247105552057,-1.946536141285358,-0.03481352492081449,0.0032926817251848145,-0.03267004659761236,2.1936725365680148,0.047855566186659
4.760549068450928,0.2023053746993801,1.44462400283136,-2.416409348084561,-0.04494502815657118,-0.003051371029070794,-0.034664535249218704,2.822569770917844,0.05684185451932717
4.762534141540527,0.08110134087274781,1.0712206271731615,-2.0803567191623156,-0.03147130444712587,-0.003946670026789651,-0.0374821045020042,2.3413618128209945,0.049101195156566274
4.764533042907715,0.017254795391384185,0.9572420146661489,-2.211643178450356,-0.03191491184267483,-0.0130645181741466,-0.03905935869218729,2.4099741806484354,0.05210447902525521
4.766535997390747,0.13954053810920833,0.9774731341132761,-2.151441263037908,-0.03554477512101754,0.0007750852612488589,-0.037388985556878064,2.3671976677056747,0.051594263601086016
4.768589019775391,-0.2625940177317502,0.9314121572513084,-2.108991376803818,-0.03241401941503648,-0.0077726872390277025,-0.0388163940680925,2.3204156636811653,0.05116439943948871
4.770573139190674,0.6738957054453879,1.2198766384763067,-2.0874262778431696,-0.040910640195204774,0.004208064748347719,-0.035608977861975935,2.5098969899874737,0.054400253625166886
4.772558212280273,-0.10242787622635084,0.8922868003627078,-2.074074196331895,-0.029564360049581084,-0.008489221830078879,-0.0383982911968914,2.26018826114542,0.049199055267990885
4.774550199508667,0.09989107024596766,1.1975799797703932,-2.119251118534444,-0.033400920971523196,-0.001478119423312474,-0.026355500606829656,2.4362679116368198,0.04257251191804531
4.776547193527222,-0.1561591448930081,0.9226229829704969,-2.0909539921937124,-0.028661680307025483,-0.010793012033991318,-0.03113646451521344,2.290787516272497,0.04367448281657334
4.778531074523926,0.6661072555130271,1.0355949125315995,-2.0568217638176853,-0.03741433787694072,0.00969190754395358,-0.034923578864619796,2.3972216140404132,0.052090518439767364
4.780527114868164,0.29520617081432166,1.0902871539101917,-1.9164770021607678,-0.04065373851462907,0.007730136815733072,-0.032340180984642516,2.2245801538896197,0.05252017494758771
4.782533168792725,-0.06456495610333554,1.2165292663359255,-1.9543883668714361,-0.03491256853585482,-0.006900361510180531,-0.04382153387451836,2.3029863173650966,0.05645200848382191
4.784526109695435,0.6831462053594519,1.3329552148625206,-2.5462380657979398,-0.04463901034617176,0.006079692147779625,-0.029948412610482648,2.954113510081263,0.054097239478416256
4.786529064178467,0.48180205133028325,1.2783893914232511,-2.1176131652203622,-0.04025130791824897,0.0062156325415011785,-0.03176636169598964,2.520059160076243,0.051651753236662726
4.78852915763855,0.011768286301341614,1.0913705644211944,-2.075183121412439,-0.03526127591608796,-0.01598432378869775,-0.03865745214343755,2.3446989548431545,0.0547106460612062
4.790525197982788,0.09733148713262568,0.63512064589816,-1.85593611683917,-0.017590261216888847,-0.0029313104793413465,-0.033628461155764025,1.9640138805572636,0.03806419932836379
4.792523145675659,-0.15758118246641167,1.3693243449035564,-2.2010296597534738,-0.04127720398097057,-0.011717953157780403,-0.04696243798809195,2.5970006841985156,0.0636128019857636
4.794524192810059,0.499080839280537,1.2024346946757147,-2.0359451434240663,-0.041428744172242384,0.007449393491473491,-0.038034617119898674,2.416609920142034,0.0567315292102831
4.796525001525879,0.49318368056140705,1.4839462066231144,-2.121154206863803,-0.0491979274365796,0.005473836790585382,-0.03309219801702778,2.6352650068293393,0.05954403851657272
4.798534154891968,0.005536660225181525,0.9005937182977455,-2.194113541294667,-0.02704080975396894,-0.015448937564421207,-0.04041573002724684,2.3717575618381472,0.05102260575132388
4.800559043884277,-0.12130262574669923,1.0119220757998515,-2.1957583834236494,-0.0327677013287582,-0.0064346896295331135,-0.028859536165560737,2.4207551493034902,0.04413615647845234
4.802596092224121,0.2899169719728767,1.5387869958750857,-2.264744923380449,-0.04746681313186235,0.006887865658353738,-0.038148007397355695,2.7533591914767874,0.06128467598520346
4.8045430183410645,0.1364796263994811,1.0214162101233142,-2.4547379541138246,-0.03334975566325344,0.004404282488455705,-0.02996374182178426,2.6622652358643273,0.04504919234569434
4.806532144546509,0.04316272069634441,0.9955563385330304,-2.646530724219495,-0.038719362918122155,-0.002195770153991172,-0.041573730658037676,2.8279180182404455,0.05685407243268923
4.80853009223938,-0.025532391108999082,1.0087364626509592,-2.136010662805016,-0.030040730850201737,-0.006790062770416625,-0.03602777382142278,2.3623595631685785,0.04739779476904023
4.810526132583618,0.009414753727553377,1.015233930880127,-2.519095744702063,-0.025050526223963747,-0.010598832665595567,-0.04059411476767505,2.7159955712360997,0.048864570720942226
4.812530994415283,0.3047519202874807,0.9964440566241657,-2.176915871128154,-0.03183687245427258,-0.0050960484520405636,-0.03640640717197047,2.4134492331246955,0.048631087183677764
4.814525127410889,0.3257891023002817,1.4461693495471215,-2.1133752655554696,-0.044389088506893194,0.0042239234514143825,-0.03344949033631548,2.5814529513064577,0.055741377015243065
4.816528081893921,-0.3959436737972612,1.245639715774688,-2.401684935352066,-0.03921014331483065,-0.01665437535570378,-0.037599201861543766,2.7343153115601675,0.05681992201581544
4.818582057952881,0.015765374000417994,1.4503338934735988,-2.207638842957877,-0.0471834859921575,-0.0162155354559561,-0.03821367829093689,2.6414742494508734,0.06284512828389097
4.8205931186676025,0.6112748705138111,1.183983856605035,-2.49748314996353,-0.039212888083094526,0.001269493741430935,-0.03214191634702866,2.830706064637366,0.05071848768088632
4.822566032409668,0.6572079459564388,0.8125167572739777,-2.2258427649037595,-0.021968262123232586,0.016805162565660992,-0.04132158690482702,2.458959491157533,0.04972415483350643
4.824576139450073,0.16902696507931594,1.2656796618878343,-2.186558144698303,-0.04240338582480621,0.0011099045160923903,-0.04079668361320069,2.532104192482393,0.05885276893467134
4.826533079147339,0.5064876121657714,1.480705594641399,-2.246884332085923,-0.043202726970224765,0.0003995516588322899,-0.03216163191232029,2.738157767743292,0.053860986125909734
4.8285231590271,0.7754081999956863,1.0426452653383411,-2.142446407363821,-0.03053548008002609,0.008299758624605804,-0.03347909639960669,2.5056822692390894,0.04606681487446843
4.830533027648926,0.08480389752979248,0.7316849381742668,-1.919231830129658,-0.023905397358081032,-0.0024119808825990375,-0.04233826654566164,2.0557250223631955,0.0486807404290163
4.8325300216674805,0.24217263126783473,0.45956169147869813,-1.7455906959726026,-0.018944693255799706,0.0018334536831790447,-0.030607525958051565,1.821244467246521,0.03604280233607684
4.834526062011719,0.5109035383795519,1.1491772476612094,-2.128816846638627,-0.04152953086341988,0.005196681892556096,-0.04557394110301711,2.4725476615433255,0.06187642155206971
4.836528062820435,0.6650071215523347,1.1036269824750382,-2.2307511628779464,-0.044304165629011204,0.010962256023032003,-0.03957040491496606,2.5761362034728656,0.06040568759919656
4.838525056838989,0.5107846015961793,0.8682484855847223,-2.1215881990392935,-0.027399288279965007,0.00022743424647680125,-0.03952343403425598,2.3485937980525122,0.04809235451134913
4.840533018112183,0.4621419909849946,1.0626832115034925,-2.092344565330975,-0.03102502601900709,-0.0013909083377252245,-0.035891606377230496,2.3918145011503333,0.04746255654536609
4.842522144317627,0.16862980726732135,0.6962135110275991,-2.076859662073546,-0.024859770102982275,0.00012618787422284582,-0.030585785951563672,2.196928610761996,0.03941464696312276
4.844525098800659,0.401475571479841,0.9094294518495154,-2.431431735415137,-0.026726575072837728,0.009934712747807672,-0.037930696368957975,2.6268050644024274,0.04745256641678683
4.846526145935059,-0.05818773280710354,0.9305146550943129,-1.9075502071056514,-0.030089149004097687,-0.011723254449196693,-0.033544524422815365,2.123203035091871,0.04656207363750308
4.848517179489136,0.5729098299878871,1.2142018752274142,-2.354276988315695,-0.04164792821203995,0.012948335412177853,-0.03373215798155214,2.7101904001039,0.05513680981335322
4.850521087646484,0.7443376394141447,1.3386333813182643,-2.119327682633166,-0.04051796154311295,0.012571933901928133,-0.032393196743652534,2.6148666653203287,0.05337675453712609
4.852524042129517,0.6084451809498775,0.841095749068628,-2.415592938515657,-0.029244883931126526,0.003201981696197151,-0.03660861229168966,2.6292084059520944,0.04696494881133264
4.854526996612549,0.28939159597885183,0.7847877553261299,-2.1845211764007972,-0.028238500648301277,0.0009383281069265132,-0.03731782112290062,2.339181926844626,0.046807191240889126
4.8565239906311035,0.09139316552738963,0.9721938376945738,-2.2894579490887006,-0.03277688903671178,-0.008484291755122327,-0.041808258091877555,2.4890020629565295,0.053798123630736404
4.858518123626709,0.45531363929881713,0.9090370580834866,-2.434606640438165,-0.025284393240351123,0.00033852601345297134,-0.03285637110783408,2.638364716404126,0.04146029743948072
4.860532999038696,0.25326017532431244,0.9923470844048117,-2.2996097695756292,-0.028666329599003698,-0.002367396329411792,-0.03789078835549173,2.5173594389081013,0.04757178638920233
4.86257004737854,-0.24638669383227352,0.8322003978170817,-2.215282773130431,-0.030829714524643777,-0.0025447803403913704,-0.03352253161893028,2.3792313191350183,0.04561477097162776
4.864527225494385,0.06051129811050369,1.251973705690817,-2.4470025042962495,-0.03720271164659892,-0.015578519093245443,-0.02712210070761502,2.7493492017152588,0.04860391298848901
4.866526126861572,-0.2845907707415736,1.155018688924893,-2.0496757545359077,-0.03900371235082122,-0.013670321313413438,-0.043346266305651415,2.369858809568495,0.059892120221261336
4.868589162826538,0.13052873551118094,0.7785616778961226,-2.313637084548262,-0.02745825989630093,-0.008783285158207331,-0.047458909426393844,2.444608884071142,0.0555288233140758
4.870568037033081,0.34961059806706013,1.0790728210043588,-2.145055478545016,-0.032048030193416004,0.0028856110232327735,-0.0366953474463749,2.42649721395824,0.04880524064550527
4.872553110122681,0.3142898979729036,1.3649605950021775,-2.171001027467479,-0.03895577476921972,0.0035583302972659564,-0.03210496323084829,2.5836294291444672,0.0506057582339079
4.874553203582764,0.3599286911664198,0.86218165337149,-2.239843836598406,-0.029776810000895035,-0.0014424434458598042,-0.041153904544822366,2.42689230879391,0.05081715179157779
4.876540184020996,0.18083344063068738,1.059333541460702,-2.4459506324151166,-0.039667770732332144,-0.011884783159162278,-0.028991429838658732,2.6716217512076654,0.050549808206392294
4.878537178039551,0.42770068113973914,1.5759534011454397,-1.9496831943145272,-0.05889365849872388,0.006444852061997542,-0.03139374069024224,2.5431912144826576,0.06704898272152619
4.880535125732422,-0.1698343029860071,1.0325827527120515,-2.511944843666944,-0.029233833639102997,-0.014115064887411845,-0.03990478061130304,2.7212015230949156,0.051441652400081625
4.882542133331299,0.48906607569038646,1.3881449781763586,-2.4596315598668057,-0.04802877542858418,0.009272911238490184,-0.04187428784226099,2.8663425331108376,0.06439104079220039
4.884534120559692,0.2713654827848035,0.9700929939693734,-2.3475120083853738,-0.03363772121682737,0.003236482173350616,-0.04022607217889404,2.5545121396675774,0.05253672989881467
4.88654899597168,0.20965907756567825,1.3846647285254872,-2.2230669682710045,-0.04619065589087684,-0.009365144816260215,-0.04088311642166615,2.627409386571854,0.06239160069597854
4.88853120803833,0.0921329893838363,0.78138530931944,-2.437655285841965,-0.020277743867585633,-0.003398987653987129,-0.037458168319611705,2.5614868303284934,0.04273001740336324
4.890538215637207,0.13966252671758506,1.175430005699293,-2.240629175958071,-0.036023698105598585,-0.00683324130235613,-0.02309950461012829,2.5340797982348393,0.04333574881241665
4.892542123794556,0.41116305726314106,0.6520231201900712,-2.1299035898923373,-0.02163591873960066,0.0035316541125951463,-0.03178475532743938,2.265100110625717,0.03861160747369629
4.894538164138794,0.15530559013194847,1.1052566009001534,-2.2412579065705063,-0.036128521239468976,0.0014743932955543397,-0.03193724352030903,2.5037869286192067,0.048243459724777796
4.896542072296143,0.47175022067719696,1.5195716502088579,-1.907994751454748,-0.04703633508591953,0.012118281364079147,-0.035822243907557914,2.4843691839994957,0.060353150042946904
4.898534059524536,-0.08625047408926301,1.0404793815466444,-2.4587890766216423,-0.03297476956286718,-0.012449922311861093,-0.03903715544481554,2.671269400681672,0.052595014008157276
4.9005560874938965,0.07331754814914986,1.0059924942856024,-2.432851617101488,-0.03048795350289085,0.003586337827617055,-0.03427195603147319,2.633659688011892,0.04601026079073518
4.902584075927734,-0.167480804382589,1.319028921763328,-2.19526384915249,-0.03701358864397095,-0.015870479461828377,-0.035253176947305204,2.5665288784037816,0.053522559239365816
4.904545068740845,0.4652405098773291,1.250053031021518,-2.214333906099639,-0.03978944776933176,0.0031797862173303447,-0.03223013275947793,2.5850253306494864,0.051303924332061344
4.906536102294922,-0.12878491585027518,1.3884272164330584,-2.343007597056341,-0.04547748735301111,-0.008678631943079423,-0.028750274644998474,2.7265363173349337,0.05449861283105806
4.908534049987793,0.1373083577419933,1.1929894184745617,-2.1242151595293963,-0.03883213107889646,-0.01028052006231758,-0.03306526750649266,2.440157245275922,0.05202821746087626
4.910544157028198,0.6405560725639128,1.0498132616713045,-2.4454652955109504,-0.03158015610622281,0.00808599051391466,-0.03018050603563566,2.73728341207627,0.04442468285594801
4.912530183792114,-0.4576215172377557,1.2952143613825335,-2.1064525431208176,-0.04251665295879749,-0.014398924221397156,-0.041944174882618965,2.514784287248254,0.061435401879828905
4.914527177810669,0.17805323426720865,0.9861148139864392,-2.233501177027227,-0.0379459968958083,0.0030135263709763875,-0.043880111763190614,2.447989560512571,0.058089966689225794
4.916537046432495,0.028305694058565138,0.9193485452346271,-2.397524142958894,-0.02498650641248727,-0.011211705884800055,-0.03158677153928285,2.5679028361703913,0.041806123807683684
4.918649196624756,0.5675028089178208,1.1574690862991115,-2.165210273965924,-0.043894243351240696,0.011031465389398887,-0.0318159641137899,2.5199066757233903,0.05532317236480036
4.920626163482666,0.42315756843901586,0.9919253495790733,-2.379814902499709,-0.03228004919649335,0.005357595338564222,-0.04297276748566092,2.612756627974463,0.05401262953529029
4.922587156295776,0.7498305013520828,1.2550997285263759,-2.275097495879356,-0.042995835005059324,4.1058122236958686e-05,-0.03710352935291321,2.7043649393270526,0.05679186036743451
4.924576997756958,-0.0637774786004518,1.4605580698392886,-2.3803674747478225,-0.04713092537915892,-0.008143893946718895,-0.038475521663881414,2.7934650090857813,0.06138414211357082
4.926539182662964,0.24914170761052878,1.7338558243250048,-2.6694151572356644,-0.05639683965515474,-0.00012252447526013278,-0.04698421731222045,3.1928208361410353,0.07340391823178262
4.928537130355835,0.4016286065304052,1.4422509622183957,-2.4610732079313733,-0.04796341185876536,-0.0033703223564671503,-0.03505948661569853,2.8806726142345753,0.05950643285961947
4.93053412437439,-0.03723123475288237,1.1579988026959134,-2.0128156127457486,-0.03626239627174191,-0.010640073020920298,-0.036673767189676014,2.3224500172876565,0.05266058998095174
4.932533025741577,0.1116559586053884,0.9683500260430177,-2.3651518511087644,-0.032000906765306966,-0.011104442354032256,-0.036778252354627776,2.558146224286801,0.05000006520052327
4.934542179107666,0.5899753980056113,1.2157255786978456,-2.3307120792539315,-0.045244314208046386,0.005237557361551239,-0.031020440499464962,2.694119234431222,0.05510669382255493
4.936537027359009,0.05188694104412198,1.2727951221999234,-2.2784519942060486,-0.03869644574346296,9.014338915088097e-05,-0.030332244398975763,2.610372227795943,0.04916775456827958
4.9385411739349365,0.4546818234032123,1.211915926420493,-2.2905758287935676,-0.04307207100806987,-0.0002950426879079593,-0.03134464703652474,2.6310099583046527,0.053270791705738896
4.940580129623413,0.35357999722525957,0.8986132322162366,-2.168811709257595,-0.027662492250787863,0.010703097313454694,-0.034583285799571095,2.3740827251308616,0.04556065656156631
4.942556142807007,0.049121170485407185,1.0081892766689438,-2.2778824018195696,-0.03414806829231639,0.0029679405923022585,-0.02828264477229742,2.4915069222258635,0.044438803255399464
4.944533109664917,0.06447452439020572,0.7944476678036732,-2.0862317114018243,-0.027566176051519495,0.0038037491141752963,-0.03183871205312293,2.233308490744757,0.04228553126813747
4.946534156799316,0.2349047851086183,1.1548047715212966,-2.427511056366582,-0.039984462336535694,0.0086158581772684,-0.03838370057692532,2.698437371364635,0.05609187740173885
4.948537111282349,0.45698817303620876,0.9096819699389408,-2.3018061656881197,-0.020557040382223203,-0.0022006240290235214,-0.03816146076739255,2.5168772518990288,0.04340197856428566
4.9505391120910645,-0.003566830416131518,0.5553493605460312,-2.4470792141900524,-0.019969247063761415,-0.0038699925349610412,-0.035195355356845606,2.5093071384466086,0.04065046997525169
4.952545166015625,0.21688625202487405,1.2611567195154096,-2.4845603348943257,-0.04028902269271104,-0.00432810561271837,-0.03136643688566708,2.794744348813764,0.0512424746731768
4.9545440673828125,0.46024402405762666,1.2128589035646613,-2.2451479464847846,-0.03638297953568368,0.0023198735539696714,-0.04359139839713922,2.592979094254652,0.056827044859102935
4.956543207168579,0.3896087724330954,0.9737799611639317,-2.4403432171534045,-0.03252421238684497,0.000836538510934959,-0.04104571302916772,2.6561847499426468,0.05237628037707208
4.958543062210083,0.4978272535365339,1.1905422658463551,-2.3092929980329115,-0.03789089759595859,0.0037505104172953067,-0.04271541450780146,2.645384095343082,0.057222312829795306
4.960540056228638,-0.0022644782916460063,0.98763958887839,-2.309923867811993,-0.02806361808745155,-0.0014560476446087444,-0.03546702426974809,2.5122072686124697,0.04525037619128275
4.9625561237335205,-0.18870342949501182,1.1904948688292079,-2.019038794992406,-0.03625733984772592,-0.007533249662963495,-0.03669975842529107,2.3514686203936974,0.05213652090226923
4.964532136917114,-0.2133144804920048,1.0466561718540919,-2.1289767938344846,-0.03689405794281544,-0.015234302811095281,-0.041642076142500616,2.3819182182336984,0.057682909072668896
4.966543197631836,0.16393637536617986,1.1824605999285014,-2.2324375999299577,-0.033751997388862275,-0.0027498458809209945,-0.03702813618347034,2.5315737878111517,0.05017810129257791
4.968591213226318,-0.17897001709825683,1.5004601845432683,-2.4737785798798937,-0.050968899661305696,-0.00569409647458418,-0.035706117611020854,2.8987913851625047,0.06249142582945418
4.970570087432861,-0.00905089893248837,1.020958267796655,-2.3155034872466547,-0.03118745187756286,-0.007517050167822504,-0.02889610054003229,2.5306114088902016,0.04317577821256398
4.972560167312622,-0.1248498268642016,1.1912367216950104,-2.054227539062498,-0.03402896683904222,-0.010939491180375602,-0.03604894957016284,2.377915723617106,0.05076583316099809
4.974557161331177,0.12451002556615345,1.0059173903799796,-2.5088976784950074,-0.030583577373784854,-0.007756665500057202,-0.04009710593472979,2.7059083694561776,0.05102253393353769
4.976544141769409,-0.11424429872804287,1.0929121940602993,-2.465359673595307,-0.0365634822984114,-0.002671913071334471,-0.03349079718164626,2.699167861380155,0.04965542118549773
4.978541135787964,-0.307333129548618,0.9254755117672608,-2.6536085367302515,-0.028094247566568427,-0.01606516533075513,-0.03243993622619534,2.8271181159630894,0.045822764493161625
4.980532169342041,-0.13883107462100586,1.1294605339511794,-2.486496106199667,-0.033493546733147445,-0.012297379261106148,-0.05208573955977236,2.734523368190481,0.06313451888583178
4.98253607749939,0.19297657749222208,1.0686287278411228,-2.3774966369164288,-0.04265897063090667,-0.0011521441444134757,-0.03577584666526478,2.613751628593826,0.05568686035353943
4.9845311641693115,-0.29625232116136013,1.0931962704231732,-2.2803311212041764,-0.03257922922225728,-0.019728387231399337,-0.04273721599922616,2.546125202301121,0.05724583016109502
4.9865381717681885,-0.11778815979228532,0.9895624592194913,-2.459123534753333,-0.031241355012289036,-0.01889739461423385,-0.03486744856595799,2.6533745439461627,0.05048636207640315
4.988555192947388,0.10608634046143944,1.342490333398002,-2.191368304746067,-0.04066136708132774,-0.00086711756430268,-0.04492945906238685,2.5720866342223445,0.06060325863706919
4.990541219711304,-0.09913010756561537,1.3353007981981706,-2.506588520398093,-0.048834055628564126,-0.012486016980733617,-0.03203768311984574,2.8418024228447236,0.05972502615206219
4.992534160614014,-0.22143195769429797,1.0967074327478974,-2.292645627201604,-0.0387316125638065,-0.009641461586425322,-0.039944553688174386,2.5510827655839488,0.056468247384373234
4.994546175003052,0.185105729787711,1.2191303264931854,-2.194819158756901,-0.036483427893237455,-0.0028439100043470803,-0.04216698933681243,2.517493599559286,0.05583174119338152
4.996547222137451,-0.002153592946403056,1.0358884258308945,-2.438329501834065,-0.033020577110321005,-0.011009406698952028,-0.03552463791589523,2.6492489932521153,0.04973495197159686
4.998540163040161,-0.13780880401745632,0.9921711591350982,-2.0105990837144763,-0.032690600593189054,-0.007758896032765539,-0.040608014826635265,2.24630887255464,0.05270566101426778
5.000552177429199,0.3071540134172537,1.2005303014704396,-2.295574876419934,-0.0403955747792536,0.007989089421650032,-0.041414102325665884,2.6086932755610475,0.058401677056178054
5.0026021003723145,-0.2327080863964835,1.1970708330471846,-2.320696252521078,-0.04173710675743195,-0.01759911412664222,-0.04270132021201602,2.6215954549228164,0.06225044294117896
5.004578113555908,0.2954710386689293,1.38446751765921,-2.3695304943923734,-0.048764591341133846,-0.005591484167027613,-0.03203809990274169,2.7602043775780296,0.05861475845924781
5.00654411315918,0.6608711277413265,0.9049053825397827,-2.0834276458709247,-0.0383739236728461,0.008275018908162061,-0.04018179393021276,2.365644765050498,0.056174821044930275
5.008533000946045,-0.11860781485008652,1.0916437632285134,-2.273238329399326,-0.03834629579279863,-0.011285424978322219,-0.03703898246273979,2.524552717173769,0.05449482030289934
5.010545015335083,0.36563854140556945,1.3019805960147826,-2.091646139031832,-0.037384382826721164,0.005875484781011607,-0.03903162290566896,2.490748599575431,0.05436525533276824
5.0125250816345215,0.26503992447157687,0.7990064394504843,-2.0467206504024746,-0.029078760875727624,-0.0016318360536973593,-0.030060853352429306,2.2130799517033197,0.04185561046323604
5.0145440101623535,0.05556351978042675,1.3738595577482322,-2.212825183504557,-0.049939659395524486,-0.003870397640985772,-0.0359140302261907,2.6052202751204234,0.06163413928601652
5.0165321826934814,0.29173284073863204,0.9541043198263711,-2.595039038349161,-0.03194601732302359,0.0012695963308884863,-0.03550727520873486,2.7802249394667533,0.047779980016688636
5.0186121463775635,-0.009199389301263235,1.1222670619027555,-2.2976914285376053,-0.031863007352007644,-0.00948149423099114,-0.03584006544914677,2.5571378312031876,0.04888415143751127
5.02059006690979,0.10115353510156275,0.9877057106716801,-2.4408936589509294,-0.03383138647769907,-0.002366674616519148,-0.02016758380031946,2.635100844913501,0.03945751254307377
5.022569179534912,0.1274909282554627,0.9077715734482166,-2.1855168317674263,-0.028058155283525673,0.0016346730455447914,-0.03186647658097269,2.369976157746491,0.04249005252486694
5.024566173553467,0.39599535157559074,1.277951386589896,-2.2208948904035903,-0.039858446512717714,-4.401597865501578e-05,-0.0353487317584578,2.5927487690050666,0.053275046060467734
5.026534080505371,-0.2918634553916962,1.0971014745688965,-2.2310211605551817,-0.031496033290024004,-0.01570506571901436,-0.03479100725058866,2.503252152888202,0.04948801256623035
5.028531074523926,0.08625346825201528,1.1790956136827977,-2.2077660703756212,-0.039072426751092036,-0.010229974486273153,-0.03870868812754157,2.5043835865324877,0.05594344864918975
5.0305421352386475,0.11409195657668256,1.1746178573370158,-2.3266785188378534,-0.04216891844990303,-0.00515182539272042,-0.04157789527963068,2.608865081860694,0.05944308508140864
5.032534122467041,0.30268902534624126,1.251021875971758,-2.3451184348224072,-0.036084516564623054,0.005239124164854622,-0.033258847651157004,2.6751181008637452,0.04935272743020583
5.0345330238342285,0.050173706859368145,0.9603408858151797,-2.108109251230337,-0.026444055760372866,0.005522729658639463,-0.03359496724650872,2.3170879640081052,0.043109284988667104
5.03652811050415,0.554298029829958,1.5548218796683415,-2.295193582315995,-0.04747392840553047,0.006407843051144568,-0.04125956838073381,2.827124150735743,0.06322330514759557
5.038559198379517,-0.05054867494476116,1.073608472678631,-2.2885524067844973,-0.03321930778550839,-0.009259938192429618,-0.02723641041562082,2.528371499551664,0.043944179562304876
5.040530204772949,0.856808932445368,1.2850410223788724,-2.0350885795554796,-0.041713094544016234,0.016035878722802075,-0.02868380296862193,2.5548067446583604,0.053102657330807636
5.042543172836304,0.011390066667556861,1.1800073096456216,-2.337261572900918,-0.035647048683257306,-0.008278706767123696,-0.03573293528234976,2.618270162644616,0.051147744128701635
5.044550180435181,0.2717963770837872,0.9597201964960352,-2.132187227229741,-0.031952823122754354,0.010121211820653463,-0.033292889415697864,2.3539665456671024,0.047242336096751686
5.046561002731323,0.1358965713988855,0.9316473787251515,-2.2863737055998947,-0.02889332395989589,0.004270322509268266,-0.03821879434661107,2.472638153483443,0.048101310430103746
5.048540115356445,0.6729826239635929,1.2739708949634767,-2.0107747182125455,-0.04562989590471183,0.00809194776530266,-0.04373563249522177,2.473685998823154,0.06372105279001848
5.050561189651489,0.16089339054281498,1.3094495760284008,-2.307054334341578,-0.04513403308132944,-0.006073595194335005,-0.029905600485113613,2.6576389101767726,0.054482239685482985
5.052532196044922,0.5421491943753036,0.9418248134829083,-2.273708616877391,-0.030948051366288944,0.007412859974471124,-0.03976369027855531,2.520061626769553,0.050930182023437236
5.054554224014282,0.6464744567789079,1.3927858973950755,-2.3194937692313546,-0.04752352419868313,0.015099460368698761,-0.03261059608238778,2.781696087776892,0.059581289282268565
5.056542158126831,-0.28084389390735176,1.265690171143159,-2.479172061149459,-0.03150096084903915,-0.016139710493576268,-0.035898463937589824,2.7977024521663307,0.050413296879966006
5.058560132980347,0.14352923234709836,1.5161934966971442,-2.2468371050540674,-0.044221666988743955,-0.00843397554286644,-0.0426127824088045,2.714354497226293,0.06198820048477899
5.06053614616394,0.4308922600518312,0.9099379236923881,-2.1750346813239076,-0.029006772395339372,0.0030681921266861516,-0.033853518928289875,2.396754269779858,0.04468632219761839
5.0625951290130615,-0.04105049368574972,1.183738279815872,-2.4073121327409504,-0.03810765699504694,-0.004253211056859246,-0.04312609548401375,2.6829225040196496,0.05770739499962384
5.064545154571533,-0.02552386690964315,1.2746178464434303,-2.148268880271747,-0.03940090757474874,-0.016392941743561727,-0.04177237363322008,2.498071517030314,0.05971675858312339
5.066538095474243,0.21604220694238527,1.1104696368705416,-2.321904461037268,-0.03411876415000819,0.00013884759079923277,-0.04260964167798837,2.582839014684557,0.05458654513434531
5.068629026412964,0.03776015115978759,1.4657243312210562,-1.875912310512293,-0.04386253634995143,-0.003407248680103192,-0.03912466531014053,2.380928524941602,0.05887504457959577
5.070564031600952,0.2764567314246917,1.1549647353109527,-2.3996159757042883,-0.036044965495643344,-0.013477669440024851,-0.04555730446532643,2.677410819246304,0.0596351834177036
5.072578191757202,-0.11754974914093339,1.2193928129085543,-2.60123677296915,-0.03344142740685099,-0.01514971110743549,-0.03647340917519536,2.8752686004516326,0.051750868500032576
5.074549198150635,0.22623416578268357,1.4225394946584298,-2.378821544564367,-0.04531877012300136,0.004865020254121632,-0.03928800049641361,2.7809337375266687,0.06017479813460657
5.076541185379028,0.5461644932470853,0.9429107759654484,-2.3789095818063974,-0.03388026291181491,0.0040648991156691265,-0.04165416927896194,2.616598399358583,0.0538466845600979
5.078546047210693,-0.12303246609408197,1.052265321671856,-2.298899086546898,-0.03868925422684083,-0.015790495847955353,-0.02865391452728939,2.5312716774444675,0.05066798762029751
5.080535173416138,0.16878205297702328,1.3473086006817143,-2.4204599723297053,-0.04533424177359681,0.0013462395395918447,-0.03422637758445984,2.7753115725136834,0.056819457588390486
5.08255410194397,0.5580500685262825,1.3305477756771698,-2.5350225200220655,-0.042165769647509004,0.009196045595725923,-0.036601638200448074,2.9168675731614346,0.05658797843643083
5.084558010101318,0.26654543751310805,1.3563008120607565,-2.4482721682440722,-0.04579417009094632,-0.008363861510550451,-0.036581433430264564,2.8115182682768136,0.05920524863134237
5.086552143096924,-0.20017276604388015,0.8473875860649146,-2.2738205524722344,-0.03048408781965898,-0.005475002657131877,-0.037039315468539134,2.434829513975818,0.048282151512440336
5.0885350704193115,0.60895102003696,1.5462454751950392,-2.7187982161995414,-0.04234119920969465,0.003464297059593733,-0.025828745411361292,3.186465150409619,0.049718232009566404
5.090552091598511,0.08624809503620307,1.18708284982696,-2.2706275704121595,-0.03947188541215269,-0.005662958559278968,-0.030949897355746908,2.563660271909384,0.05047766817084059
5.0925610065460205,0.6122082711356868,1.3392307250453908,-2.2111691058041263,-0.041598973882472245,0.011803270003634724,-0.03837033289786497,2.6566156509015695,0.057810675982436756
5.09455418586731,0.5814025888895505,1.0913201955410636,-2.5478082051463398,-0.029796104584943077,0.008911485458785161,-0.03191026978786615,2.8320196662054222,0.04455881214140934
5.0965330600738525,0.14891819446270685,1.0880140770442868,-1.9759970933002426,-0.033993725602979856,0.0035004018884832234,-0.029880947395829673,2.2606449905324744,0.04539490291898337
5.098551034927368,0.35720195423315126,1.2128259601458813,-2.3114648404338483,-0.03288044211865081,-0.00515142866415756,-0.040540095601512435,2.6346555285793314,0.0524515018143391
5.100542068481445,0.1335518010700595,0.9209341524096296,-2.293348852385715,-0.029133487351219366,-0.004188023845939325,-0.03516737939333258,2.4749555057379062,0.04585895989196013
5.102596998214722,0.17511690551170092,1.2737117878045252,-2.1800254371114915,-0.03889868490753279,-0.008389965686178337,-0.0293522348807814,2.5309125934021,0.04944747621716734
5.104593992233276,-0.3265688583708427,1.1547934291863966,-2.398712400634313,-0.034799468580441986,-0.017087595977144678,-0.04204598601502617,2.6821663379265916,0.05719137950543837
5.106556177139282,0.36420916481136006,1.2758476028949854,-2.345910999322617,-0.03604069758316222,0.0070090513972980205,-0.032536020958668706,2.695131506677978,0.049057632878012465
5.1085920333862305,0.3068029380854072,1.0427567239272286,-2.2176396342841214,-0.03772724743600895,0.00338272943502882,-0.03871510462711276,2.469695360902048,0.054163155223978056
5.110594987869263,0.7112108845333094,1.1423373687641296,-2.1713960629081384,-0.037586245774359185,0.0037006282912776965,-0.03874142106622127,2.554548188695326,0.054104696906932134
5.112539052963257,0.3874258727936335,1.234509696699556,-2.6119969553089986,-0.039082173610543745,0.004503033158862991,-0.040341061310850704,2.9148998426530226,0.056347979816851614
5.114538192749023,0.6005310580387834,1.3000492800979087,-2.37125170652142,-0.04462811231734539,0.00742326299913193,-0.044653380439232934,2.770126411922932,0.06356648194775881
5.116546154022217,0.01816654696770434,1.0753669659136682,-2.3475297554301826,-0.03227578942838149,-0.004380385893302605,-0.04177571325010025,2.5821773927128224,0.05297286646344587
5.118627071380615,0.046637399892358995,0.923083551276256,-2.3380055347065154,-0.02994552758283762,-0.005663353605692882,-0.03877947421095698,2.5140660631780944,0.04932196079188135
5.120581150054932,0.19254041025913993,1.0825089450822154,-2.0784180774766634,-0.0408586104851026,0.010424656867938609,-0.03479017049662177,2.3513228469411764,0.05466676764517551
5.122572183609009,-0.2296930538845874,0.9767894973106105,-2.1570345173305947,-0.028288957224952345,-0.011931592903764828,-0.03387107705331595,2.3790070470712723,0.04571518206075549
5.124539136886597,-0.45200429500100897,1.2085136247982906,-2.216288883331307,-0.036804040527344054,-0.015421367781306424,-0.03185309765805739,2.564517396782559,0.05105855279772861
5.126540184020996,0.5266011236713409,1.0493890228881049,-2.1233644119867905,-0.0362956942051618,0.006523153518776627,-0.03677439351668671,2.4263558046795155,0.05207960222759265
5.128531217575073,0.7963316387379159,1.3109725947441222,-2.410523662252859,-0.04459141396991725,0.008555753095021148,-0.03632496367719562,2.8571694995757757,0.058147210569459616
5.130528211593628,-0.03833545671745005,1.4127140265777234,-2.365556810992968,-0.04694812285093797,-0.015531681448109092,-0.03843493248202587,2.755556124299848,0.06263069058161651
5.132527112960815,0.17695953952667462,1.16129146942994,-2.3337732255804724,-0.033089002703375135,0.007332734886648592,-0.03607458165879113,2.612739945734463,0.049497742803875706
5.134536027908325,0.4067591016967557,1.282329830290932,-2.369372332525873,-0.03699941194164808,0.0043454355815986945,-0.03341104990533546,2.724655576509849,0.05004135839681424
5.136543035507202,0.20141593172754907,1.243524317054637,-2.2779885570730314,-0.03812827823496109,-0.004653357094329508,-0.032410304811981004,2.6031044871106404,0.050257807268278956
5.138524055480957,0.6703868151918735,1.3866368327201468,-2.09020582725626,-0.04557249974871212,0.009562200443668114,-0.02276044934278955,2.5963706569238703,0.051829783570423504
5.140522003173828,0.13689856948439244,1.3561422714054765,-2.444827859558372,-0.04477973767130887,-0.0016480693790141283,-0.03972570575402594,2.7991152783500093,0.059883827000657974
5.142554998397827,0.3896190394731458,0.5459612088915673,-2.3967874512838265,-0.015817961023888907,0.006109256275435456,-0.04202236388590377,2.4888685630554983,0.04531456686046469
5.144543170928955,0.5464732366970309,1.398426917291986,-2.034037240674205,-0.04312106723711889,0.006425923683620154,-0.03494076610622155,2.5281491921724935,0.05587106649192871
5.146534204483032,0.08727248983074495,1.2104430212752122,-2.1770428125692054,-0.03393953516705563,-0.003236836820857254,-0.036899726925547424,2.492449438402785,0.0502390187716742
5.14852499961853,0.0026780676285488338,1.291217041023892,-2.094461257432641,-0.044562156856688726,-0.005095540402211764,-0.035497981826427036,2.460491125357504,0.057200149208372235
5.150565147399902,0.30617753376294904,0.8785466881141147,-2.3887942071883876,-0.023075982886349235,0.005010288652400426,-0.032554616723027695,2.563576940463118,0.04021699949691287
5.1525280475616455,0.2929496908219185,1.0565069902034117,-2.360216300771668,-0.03626391751458929,-0.00011012274773093794,-0.03389187574769638,2.602431080380348,0.049636106638432
5.154558181762695,0.08174615755610758,1.0514201014645557,-2.157742580618518,-0.03425859558025206,-0.00021356773624425936,-0.0305913156381404,2.4016701913987246,0.045929571898522675
5.1565351486206055,0.74981693784626,1.1061656988959239,-2.2921361868202452,-0.03831388600611644,0.006040281221232665,-0.031954857238803806,2.653246368625783,0.050254868015681756
5.1585400104522705,-0.5481304124726449,1.2194837733081054,-2.3839185684809587,-0.03628498640717612,-0.024744488221507006,-0.0339567568600971,2.7332499636124594,0.05551532466237594
5.160529136657715,0.22842416972260343,1.2662309906407172,-2.293233371963983,-0.04232684497823768,-0.0033974517370601817,-0.03754156981650695,2.6295318635190053,0.05667869042598888
5.162548065185547,-0.0255416057494127,0.9235327954911371,-2.382840084959073,-0.026894214948824383,-0.011857140933657237,-0.027562615326991342,2.5556783969153267,0.040293775604898045
5.1645262241363525,-0.03527353459824395,1.3888216856910136,-2.341357052514892,-0.04170616256399608,-0.010305425015446028,-0.0296029789817374,2.722503029245313,0.052172235385850925
5.166531085968018,0.37558631695774763,1.1245575871755014,-2.4044361837347887,-0.028214547256020083,0.0027951906309290667,-0.03083930632348306,2.680859602816415,0.04189196321538352
5.168582201004028,0.5385972947554423,1.128017566505106,-2.4716121997149108,-0.03776912003925336,0.008375500232689294,-0.028620771237793895,2.769725174460737,0.048122801029589275
5.1705591678619385,0.2712004125317662,1.1942361755112743,-2.5242653429913404,-0.0406061265560147,-0.003472078759011106,-0.02893603003801568,2.8056488070470236,0.049982063574374395
5.172556161880493,0.06215913757893583,1.113972229888095,-2.1972908704071217,-0.035888882675934604,-0.007465467434599702,-0.03713665945436415,2.4643224335546874,0.05218118989802247
5.174549102783203,0.1724386212006383,1.2859645636683168,-2.4342906527739614,-0.036914168051784865,-0.005079449216966982,-0.029755754281158227,2.758479820349408,0.04768502406567314
5.176535129547119,-0.1888915311374657,0.849368567755805,-2.1263008419571396,-0.03201706020869883,-0.002922420496696306,-0.029284886102312228,2.2974468970869912,0.043488357522357135
5.178527116775513,0.0640450492755667,1.0578400600846147,-2.124388277828327,-0.03379149340352203,-0.007107722484277357,-0.035406163632351835,2.374058321952293,0.04945686169294053
5.180531024932861,0.17136587824967212,1.2113936897446622,-2.581098993765151,-0.03800933324853502,-0.011213117506994216,-0.023957801551896713,2.8563810935162244,0.04630787917216588
5.182533025741577,-0.3435240264987066,1.5234797501723087,-2.128514715016586,-0.04926857938586464,-0.017578750577765576,-0.03897313012430539,2.639995113254777,0.06523273915958597
5.184531211853027,0.24793306559476763,1.1883759211202574,-2.2101821731853923,-0.030279482807638706,-0.0030050705059603555,-0.03998379344143525,2.521629111027263,0.05024521137194311
5.186529159545898,0.11929027165073941,1.166259557284991,-2.0374498462420885,-0.04072580296139409,-0.0037324256091461226,-0.03030125532172591,2.3506580780328306,0.05089880255812044
5.188529014587402,-0.11045230367561584,1.034120182463121,-2.1112851473359675,-0.03064546656254353,-0.013827430437298923,-0.03609258769631674,2.353535475943855,0.04932562559107212
5.190524101257324,-0.3876863998961651,0.8398492926697934,-1.942925215669315,-0.029031617802360344,-0.019454088398992486,-0.0329093793356892,2.15188428423697,0.04800337108910611
5.192529201507568,0.8840563526232219,0.9042009417702099,-2.140332516169245,-0.030981913253637763,-0.0003193295591574812,-0.03145080287024401,2.485992408975333,0.044148996833520866
5.194550037384033,-0.19556800327939716,1.246962842040296,-2.2710021017588877,-0.0390140242369682,-0.010453801998964465,-0.03743353927382029,2.5981943190472085,0.05506946455124602
5.196543216705322,1.0166388308792746,1.2428201169465456,-2.254732574326356,-0.039421248938781,0.02017262408422654,-0.03461731530284153,2.7680273367990713,0.05620790112709427
5.198543071746826,-0.23306754204323923,1.169264034653568,-2.3051781895080405,-0.036063720764265034,-0.016033865076165055,-0.037954505399611524,2.595254389702864,0.05475601578614615
5.20053505897522,0.42659438499994085,1.2481454738867042,-2.3640442623643567,-0.03976517213357981,-0.0025643347060585265,-0.03613660793477222,2.707130430495579,0.053793114432326476
5.2025861740112305,0.21178120223727978,1.2335499205462597,-2.4858054336562323,-0.031355495966348935,-0.00351883816648827,-0.044037119134982164,2.783114323576306,0.05417395325288963
5.204564094543457,0.14610114911274402,1.013597659240937,-2.2863742596890937,-0.03377583971852469,0.001207882665793994,-0.030667982958024604,2.505241109346488,0.0456376106729908
5.206538200378418,0.34986230838751287,0.8822127734926023,-2.165898065369713,-0.028163046810275906,0.004180386130416987,-0.03927704495968862,2.3647024003277908,0.04851102034180043
5.208552122116089,0.44962996495168234,1.0649690658733832,-2.46941756073721,-0.0384339630478718,0.008618059109927856,-0.03889398244920028,2.72660032016557,0.05535505694284927
5.210535049438477,-0.08131235703017922,1.2542404520975945,-2.089779405238632,-0.0414228889713923,-0.016798874513320936,-0.03682608122055675,2.4386284615831317,0.05791561252126787
5.212532043457031,0.2913622481737001,1.2768273330045623,-2.304191054786975,-0.0406648847600495,0.014335311615455983,-0.037413226057995685,2.6503728822429284,0.057086631497462
5.214537143707275,0.7186079728007468,1.1938193838823714,-2.189804654716261,-0.04384129289435644,0.007578822661978801,-0.0340256224228409,2.5955435973458596,0.05601107476965788
5.216540098190308,-0.0186806172974647,0.8627956221691045,-2.1807674635830763,-0.026700780373201116,-4.429957521802816e-05,-0.034066010809877464,2.3453170321556422,0.04328309979066858
5.2186150550842285,-0.13093826345311993,1.2932796838883514,-2.1029418722399402,-0.036144815745998184,-0.008795063842235551,-0.026134440456280585,2.4722624633348493,0.04546218022998933
5.220623016357422,0.5506714417968562,1.1092312142260885,-2.2514791750569008,-0.034939820527290895,0.0069250349594934,-0.03170572869533454,2.569589733622668,0.047686480261932354
5.222576141357422,-0.13426393040479012,1.3946156240041723,-1.9571401282800232,-0.0470199355483718,-0.003921682644063604,-0.035423165823808965,2.406943502338232,0.05900046280085314
5.224595069885254,0.6508955777801465,0.9691645422513563,-1.9476107593315288,-0.032016543766498554,0.004399604126930472,-0.040582387631988785,2.270711922062102,0.05187818209169262
5.226559162139893,-0.18256905032449053,0.995126686552555,-2.302289035910695,-0.035887684388086954,-0.016866711403161982,-0.03032346140306721,2.514784958063025,0.049919176232784544
5.2285380363464355,-0.20004500900831237,1.3783808039388592,-2.183315356074215,-0.03830536311827703,-0.011567368302973682,-0.03351374317441014,2.589752418739241,0.05219459583750046
5.23054313659668,0.2190721581393795,1.1853250466608722,-2.0537283535654254,-0.04377425277200086,0.00209035768998071,-0.03348542788928578,2.381341686308791,0.05515277583175342
5.232535123825073,-0.4602506430332545,1.613386043997634,-2.138390218281204,-0.04672631552149214,-0.015622838383006413,-0.03872557812966623,2.7180062374872493,0.06266651452596082
5.23454213142395,0.08168429990704565,1.0842290923564484,-2.140442810368852,-0.03708730861422125,-0.006757110711613762,-0.02653031821901693,2.4007749736331188,0.046097557312918404
5.23653507232666,0.13421202624203218,1.1555378158776617,-2.307183027120606,-0.037518109773207756,-0.005361177636901045,-0.03254203300244051,2.583868036983451,0.04995332520003851
5.238540172576904,0.37677780376093695,1.703247133289153,-2.0745209298418033,-0.056287288938132084,0.00804750511627123,-0.04394920016689704,2.7104703279719433,0.0718648274882168
5.240539073944092,0.627170351723691,1.1969451518471586,-2.1168311556717643,-0.03220119224433734,0.00835794097949401,-0.041263051391608574,2.511373028491445,0.05300388070245429
5.242539167404175,0.26314170983452123,0.9559368187101924,-2.4734242165852556,-0.036737950761277886,-0.004539245625917714,-0.03178476448900017,2.6647487904136073,0.048790911352542876
5.2445361614227295,-0.08333943962556782,1.3121766941313118,-2.0860310124037422,-0.041982975194287155,-0.012062560158067613,-0.03525669654875826,2.4658220786440905,0.05613475051394059
5.24654221534729,-0.19107496994163803,1.3865716603855431,-2.0145483783021776,-0.045467859813713186,-0.005879636849317206,-0.029073197130216312,2.4530584546729526,0.05428763392239287
5.248534202575684,-0.16920950563023934,1.1705153574745175,-2.247085980801508,-0.031634102501138746,-0.01880998821446138,-0.0354513464352996,2.5393175193334923,0.051101174759063596
5.250530004501343,-0.002149513494753022,0.916216612483989,-2.3186199580241342,-0.031651697804365345,-0.0002332864238399432,-0.04100237932838503,2.4930816294593603,0.05179845081701952
5.252531051635742,0.3368017241381736,1.4437112556810368,-2.333862920824643,-0.03846688593808512,0.009890834889341048,-0.028763275560584535,2.764896693253239,0.04903933063935494
5.2545530796051025,0.23443136616833732,1.229758295483201,-2.356668539765032,-0.03943218912249854,-0.006608554204238616,-0.03452731395205469,2.668548320168018,0.05282713257793387
5.25654411315918,0.45782955128766034,1.1447213945579677,-1.9794388068099604,-0.03168475234599199,0.008266175844719474,-0.04025533841149536,2.3319890563843217,0.05189167047751192
5.258538007736206,0.20193305727764022,1.400022561236005,-2.2898117976839654,-0.047681518117611385,0.0021197514954701545,-0.046403495447045036,2.6914825283482693,0.06656804718561736
5.260531187057495,-0.10410424534357395,1.459158861866914,-2.47584344503344,-0.04626007209394931,-0.011976895207107817,-0.04093083922990548,2.8757230468837496,0.06291878804461987
5.262585163116455,-0.3130289715507331,1.2033435551454885,-2.1452023888245533,-0.036223269368411366,-0.00990640588684656,-0.03890147942202682,2.4794991707518,0.05407020642233404
5.264540195465088,-0.04354310207967982,0.8726653203589091,-2.2825660403668415,-0.02827670255266899,-0.008870903695436364,-0.03677921223854114,2.444084387195295,0.047233201167330145
5.266535997390747,0.36986753398451944,0.9519263170041082,-2.4924322715019382,-0.03196408361577212,-0.0071258227291526605,-0.04054305700865452,2.6935449381298815,0.05211736239076562
5.26859712600708,-0.03289932458586091,1.0688715563537017,-2.2626980606288005,-0.03723484733206695,-0.005473928633971963,-0.031095437158189097,2.5026728278209927,0.04881929907926822
5.270586013793945,0.19803241388328105,1.1396900494614315,-2.256708970916992,-0.03631600048149302,-0.003884890789132376,-0.0393219515608339,2.535911202153393,0.05366712347394683
5.272572994232178,-0.1531158606476608,1.3858439822005084,-2.131574965549002,-0.04479241815150324,-0.013660253530350924,-0.029385620763460362,2.5470806511648716,0.055285422653955495
5.27458119392395,0.7446962211194341,1.5000064131638746,-2.1196694322716656,-0.04015463142854277,0.0019476140625765328,-0.0438319983167106,2.7014052275416223,0.059476312109401845
5.276534080505371,-0.04317442326566055,1.1948884056763582,-2.4087897432057823,-0.041889435828869996,-0.010588759601216871,-0.040765357652434636,2.689217425166193,0.05940253402409944
5.2785420417785645,0.07722123289727605,1.0868063716615706,-2.296655847490157,-0.03986935736608405,-0.0015748293115302012,-0.04205864754782244,2.541995139669841,0.057973921531124024
5.280546188354492,-0.0795408313529937,1.3119518639072452,-2.243030231969074,-0.03914785188304941,-0.012795889655083744,-0.041758179217214725,2.5997555767012517,0.058651808417637716
5.282537221908569,0.045364643478975945,1.3124037984018764,-2.5554979018627333,-0.04382741621451208,-0.009607125587853798,-0.028040687647335555,2.873157010565639,0.05290954014009486
5.284532070159912,0.16138205088120475,1.1806934972148115,-2.1502793518763985,-0.03366061850318768,-0.006811807061043296,-0.03816162103386108,2.4584105824328755,0.051339529345194125
5.286542177200317,0.48141019302473625,1.1608830415554225,-2.0388765181039745,-0.03110424804543288,-0.0008016521316912366,-0.03958291471580408,2.3950830186435854,0.050348029057855674
5.2885332107543945,-0.12914082071464494,0.8735757285325406,-2.089733867187341,-0.02453808044093182,-0.01360131773045798,-0.02967339808363132,2.2686558885661285,0.04083654967746622
5.290543079376221,0.03548910491881627,1.0065604070097682,-2.217379569425934,-0.036229305953956036,-0.008803877118978277,-0.036151429913106777,2.4354045833157065,0.05193261737091339
5.292555093765259,0.027028335903338523,0.9581273138398928,-2.1003785271606024,-0.02091137763590928,-0.01570761885408064,-0.03727156615742286,2.3087504061342563,0.04553223746450229
5.294555187225342,-0.11452446572635563,1.056167138472914,-2.1290689674123424,-0.03151190146384792,-0.016544638213424605,-0.03186709674630618,2.3793989883242004,0.04777276255900226
5.29653000831604,0.07179691262299524,1.150921958320077,-2.4643128729768518,-0.04517889296490354,-0.007242157419198832,-0.03365419104595475,2.72077453801761,0.05679952278475839
5.298539161682129,-0.11308125100778084,0.957717967369937,-2.1255689209735773,-0.030084830966279393,-0.01330247895999046,-0.038654032091476546,2.3341067482361355,0.05075615428378603
5.300528049468994,-0.01385544302575947,1.0392169290000564,-2.3496924497447087,-0.028492043902279433,-0.012978886012339035,-0.0377427163553228,2.5692836369714103,0.04903835932949899
5.302556037902832,0.6888598033933239,1.3180349300791039,-2.1852144629055577,-0.04187922429872435,0.009769114262081994,-0.04350747862990733,2.6432756486093805,0.061173570421059455
5.304587125778198,0.36488513740995066,1.1776481104809886,-2.313915815596116,-0.035061417800597135,0.003101623572313717,-0.033532778074807396,2.6218700649132027,0.04861450701577303
5.306658029556274,0.6948253299572303,0.982032232606615,-2.648153618048822,-0.028280388941201242,0.006564806114373697,-0.0361235902500713,2.908588511600356,0.04634426448375227
5.308587074279785,0.3618285155979004,1.3703476879073995,-2.3593742010118945,-0.04731232351869665,0.001420998503726538,-0.041765024539474414,2.752347957808651,0.06312521261958894
5.310541152954102,0.0581280012554894,1.4590225902884286,-2.203967801191625,-0.039132223176252756,-0.007742983720735973,-0.03101998165843531,2.6437851372967813,0.050532404946779436
5.312535047531128,0.31945364235510104,1.3523959288582628,-2.5232822630680043,-0.043033008107402855,-0.007331183291026238,-0.03902502736226756,2.8806212449955884,0.05855372572129082
5.314539194107056,0.6222152920414974,1.3168613495297574,-2.159657189129231,-0.04034058365287768,0.006868667315013708,-0.034618117303914196,2.604879048649513,0.05359995639743304
5.316532135009766,0.17623037910514605,1.12824624574811,-2.438850564683483,-0.03491909584111075,0.0002143675714856356,-0.03797623110436884,2.6929516918097867,0.051590535340397606
5.318637132644653,0.2751347558349788,1.049366771572869,-2.4300780133197932,-0.03083572047963974,-0.0018312567226586593,-0.03881794888047704,2.6612307126534356,0.04960875239279945
5.320574998855591,0.027723728133459,1.2682657483824311,-2.065533646833227,-0.04469324925979693,-0.010810707493350565,-0.042599941436400376,2.423983469378831,0.06268263664117733
5.322575092315674,0.3133392558774028,0.9559703126205059,-2.2810570061100637,-0.0288974955208776,-0.0015097912548002511,-0.030690256378546207,2.4930466888948066,0.04218099754146538
5.324588060379028,0.2610189933634279,1.0189792675558065,-2.2034023912916205,-0.02835524036285918,-0.008013359895236532,-0.047000119646688626,2.4416043415251902,0.05547291987672138
5.326539039611816,0.09683063769061181,0.7263349470000512,-2.1435220719295334,-0.02903123077478226,-0.0032565176534976796,-0.036981611557855,2.265309140156861,0.047128089935221024
5.328536033630371,-0.047386419751910415,1.0936722692393726,-2.139016532827203,-0.03801935178003809,-0.0020422123823654764,-0.03474817814689601,2.402864172812981,0.05154684884372073
5.330542087554932,0.1393947713768573,1.4373012347181309,-2.283513813190053,-0.04752687194223402,-0.010355942270673041,-0.043309399193056486,2.7017958984052157,0.06512874292806937
5.332531213760376,0.004783363251649488,1.232896982131082,-2.2268284435914034,-0.03660452436328692,-0.0040979821003473225,-0.03522241081020114,2.5453531712317723,0.05096374087956856
5.334540128707886,0.17165529446610353,1.201694765886281,-2.157884058441504,-0.044744011038495436,0.004782346276579064,-0.03287619243319381,2.4758835716068526,0.05572917896960713
5.3365302085876465,-0.09400854736816355,0.9816633670420085,-2.1543722601679893,-0.03559055412885452,-0.008929548487187168,-0.02751006865969493,2.369350208084878,0.045860966595189415
5.338533163070679,0.21208833022729817,1.2476797656646512,-2.2702299875482868,-0.041812109574468834,-0.0030195091248034454,-0.03585288333776578,2.5991595668275345,0.05516157345520161
5.340527057647705,0.3502052357881102,1.352594130409849,-2.440233816286531,-0.046822405238164624,-0.004303388341453209,-0.032124348949627686,2.8119202810429935,0.05694585655639668
5.342532157897949,0.021441893409431194,1.3182519841372546,-2.332845683592866,-0.04486921699709751,-0.010657250430586901,-0.03402304472357553,2.6796300177324213,0.05730960820783274
5.344529151916504,0.5306116083513441,1.2368121347981034,-2.172005284101695,-0.0473719556712626,0.0028248849161452705,-0.030035326612452642,2.555163378311987,0.05616229165219525
5.34653902053833,0.22410414986770696,0.7128888999411971,-2.3768815212493646,-0.0263538698043838,0.002202779506507076,-0.02825653762866148,2.4915856436622827,0.038701558237113166
5.348529100418091,0.39625734774709215,1.1426150021317367,-2.3009373879159782,-0.04314909069473702,0.005668484225987109,-0.037169428327092725,2.5994041224576208,0.05723235224386456
5.350537061691284,0.13797216971070045,0.6685991136128572,-2.336052977946525,-0.029052543265703435,-0.01170352076414739,-0.02425819473923477,2.433763466344132,0.039616696991155595
5.352529048919678,0.5360656749236017,1.2309898666052983,-2.126526936570966,-0.04572709950824617,0.0075621001815202715,-0.03654530366781782,2.514919336972485,0.059022980344654016
5.354530096054077,0.4875043601656044,0.9905797734283042,-2.250456931551807,-0.030990817625309794,0.004699428414008558,-0.037181525244354155,2.506684102449952,0.04863107261823606
5.356531143188477,0.10368819806619166,1.1807967002869295,-2.1737163443454133,-0.03875135387686629,-0.0008783825134630202,-0.0356223774187928,2.47589879346897,0.05264401918638999
5.358544111251831,-0.12863669038791584,0.7782067280529336,-2.028150762408939,-0.02810332732940305,-0.012679986628948993,-0.02909850516191456,2.1761315734028517,0.0423945995446574
5.36053204536438,0.4251829712129652,1.2777188967261501,-2.0535984631742163,-0.039482438637205554,0.005549458042565562,-0.036177702440136315,2.455730601269626,0.05383758537633298
5.362544059753418,0.3505519078233544,1.1166170958776866,-2.0567998579329525,-0.03173456517829351,0.000603548654247716,-0.03286810710169078,2.3664627684537796,0.0456920054548016
5.364526033401489,0.22817549726998224,1.22830618282423,-2.269747229081973,-0.03982569235005239,-0.007659320862895936,-0.0329387897474635,2.590859436604759,0.052246672977993736
5.366546154022217,-0.11277611259050897,1.1618493210916399,-2.3121790161639004,-0.03565069759221559,-0.009050609679645707,-0.03896271548882785,2.590132062131349,0.05358151708050313
5.368598222732544,-0.39130969091130763,1.2900820712415466,-2.3789826397798777,-0.034659298132694055,-0.024266824830827604,-0.04191289021795404,2.7344091546646814,0.059555319668719
5.370567083358765,0.2479421317467821,1.0384529987943514,-2.1974271842354822,-0.027812171000814716,0.0018902034547518634,-0.03681761498439242,2.4430608181985973,0.0461803691845125
5.372560024261475,0.5024474351222785,0.778601430469695,-2.039187664930055,-0.02464915673782506,0.005932785724089199,-0.02544289876319362,2.239857126111686,0.03591824009897956
5.374597072601318,0.09061168819757197,0.732206962143739,-2.318854402461422,-0.02523428810403063,-0.007954429247946128,-0.03512407089730317,2.4333974712866975,0.04397434021308998
5.376537084579468,0.10545161914962782,1.2377074864569408,-2.0993858293731504,-0.03923132904989483,-0.005735493417016764,-0.033298762611627786,2.439356621444603,0.05177644884716704
5.378530025482178,0.06373051613527715,0.5862449468628402,-2.031381891139825,-0.018623168562450918,-0.011136575415885645,-0.03560206997306403,2.1152439821590074,0.04169356192107022
5.380530118942261,-0.08677144161539867,1.2720524725506144,-2.132967292444331,-0.03585150806386889,-0.010448543146375102,-0.03939801406631494,2.484994214608848,0.05428357207023934
5.382538080215454,0.10498854044735728,1.0140182439089032,-2.090901232015433,-0.03925786752328092,-0.0022861341314358856,-0.03271222718882886,2.326182184320269,0.05115169967260076
5.384531021118164,0.39868765867433686,0.9559365220367265,-2.0766510634720734,-0.03682825041319619,0.005187941642043556,-0.042851446830071215,2.3206133074604636,0.05674047287790925
5.386550188064575,0.012502850752183523,0.8610409512245847,-2.1694919329493976,-0.024345711720314075,-0.005339047777990929,-0.042436802293243654,2.334147186467722,0.04921484836124315
5.388526201248169,0.21805897584439288,1.068493992917645,-2.1941568998569525,-0.036461312049918274,-0.002033056737364632,-0.039776195089781266,2.450215017307108,0.05399728041225038
5.390538215637207,0.18724117474518515,1.0625420223020248,-2.1764417581857725,-0.0358211941257478,-0.0015977707199781766,-0.026023839968114748,2.4291878341232507,0.04430520360583139
5.392534017562866,-0.08105305105959024,1.2313017878294787,-2.2675196432398734,-0.041910815667746786,-0.004536198995633519,-0.01964562839872743,2.5815342380601547,0.046508539930261425
5.394531011581421,0.26847063640311397,0.9605323585332386,-2.125535597938557,-0.03529476119591997,0.004204819465714268,-0.04079059303784376,2.3478927727867256,0.054104280375911626
5.396527051925659,0.34792073383515,1.3093359574506103,-2.109728648706927,-0.04101499664123328,0.004172595901670437,-0.044439254903555506,2.5072623432102694,0.06061755424315795
5.398542165756226,0.14837843368042442,1.2570639624034916,-2.2141460154590002,-0.03735338850352208,-0.006915360606624608,-0.03825279331837433,2.550425169050837,0.05391079707881321
5.400531053543091,0.11623507097640057,0.8739234973946888,-2.1951295443897547,-0.030522529188244548,-0.0013033083418822321,-0.035428661640487594,2.3655541819362806,0.04678155049073745
5.402547121047974,-0.1187931280114403,1.3902903835676725,-1.943834943111114,-0.04489812139369003,-0.007220946913644757,-0.03318113609361894,2.3928045143645305,0.056293615725723854
5.404581069946289,-0.054873130096035894,1.186645361730466,-2.304464767687394,-0.03450594052175606,-0.014318207639004737,-0.042408622160391526,2.5926234089114213,0.05651691989862392
5.406563997268677,0.7039165575393194,1.3124625655330426,-2.464365767801365,-0.04418296195916714,0.007809251973499408,-0.027710704872156683,2.879436601735623,0.05273520369148661
5.40853214263916,0.35732625358894565,0.6025445399825619,-2.27102646072455,-0.017552337143103523,-0.0009069434081354301,-0.04334380033897152,2.37661590491139,0.04677170205749796
5.410567045211792,0.11889757411414784,1.2393844863164212,-2.4263202022999124,-0.034595839970678756,-0.006074426362076425,-0.030136130047151228,2.727130407982122,0.04628128275149592
5.412545204162598,0.050673995100868494,1.2179016810689964,-2.0229102076471412,-0.03426784828011761,-0.0010177771547930797,-0.034175571239586616,2.361782815318371,0.04840755070893422
5.414544105529785,-0.14389299268325217,0.9523658551264879,-2.0049106337537705,-0.03391191278696522,-0.0042527806660755205,-0.03466978989896777,2.2242689955787935,0.04868365540818651
5.41653299331665,0.7623871476320175,1.271602721151735,-1.9136044399334702,-0.038702400011353416,0.008525222861056832,-0.03602827845806005,2.4207621931631516,0.05355923860662144
5.418665170669556,0.5296030620068052,0.7805500582324099,-2.0006328589149454,-0.024072301201769827,0.014823993843321585,-0.04163540573879662,2.211847560946231,0.050326270372935286
5.420567989349365,0.2252170617960439,1.1994339246139507,-1.9259257769098252,-0.04043827860917842,-0.003483263498718917,-0.038635202278838945,2.280033895056076,0.056036294993529384
5.422574043273926,0.26881214280022975,1.1159913299748596,-2.2256270819864805,-0.04071448721405886,-0.005552132281765874,-0.03658822065671791,2.504218945054039,0.05501993759359118
5.424565076828003,0.22125708888487491,1.1528230318773776,-2.246399507726363,-0.03708576264557685,-0.00037384722741838454,-0.034142353224810684,2.534613657053478,0.05041025527093919
5.426542043685913,-0.16645491826978961,1.0788177085050734,-2.3603566312051223,-0.03906642140051057,-0.014726146837564489,-0.034872546260518375,2.6005457724243835,0.054397970223306814
5.428532123565674,-0.3451647818883714,0.7214432961578844,-1.895520378754882,-0.032078740865396214,-0.011554734506246795,-0.0333857184198912,2.0573324141961726,0.04771963641344466
5.4305291175842285,-0.04712584055100494,0.9706674986538971,-2.1029600745641175,-0.027761927140419623,-0.009663179478300091,-0.03174493077402187,2.316647861242915,0.043264792453301434
5.432541131973267,0.5279339636304171,0.6431828429909795,-2.353365599919191,-0.02850335904880013,0.012769670807368702,-0.041372744860503394,2.4961426414280683,0.051838306173000004
5.434551000595093,0.6294701496574933,1.0910884581192035,-2.2341345090055444,-0.036002257545650146,0.006158604721648251,-0.03412883884951334,2.564773615171564,0.049988684736817016
5.436531066894531,0.185561810561067,0.7170877513425052,-2.255645259168473,-0.01920329068950011,-0.0031466196788241113,-0.03045797682228129,2.374149018885158,0.036143546323171294
5.438544034957886,0.2293337960071935,0.9254879774377487,-2.2000462220339494,-0.027771747213641784,0.0034511333622569253,-0.03408887497682268,2.39777508650389,0.044104780488830805
5.440525054931641,0.5779799471249988,1.2096479305568029,-2.133973774399058,-0.03461441268478298,0.0009388264981295211,-0.03790191606502762,2.5201494013256305,0.05133803854946597
5.442541122436523,-0.3419280919190291,0.7714475965790293,-2.345469191848158,-0.0222715631369652,-0.011966781137949219,-0.029655844920079583,2.492643565418008,0.03897044409923005
5.4445250034332275,0.46091146863430177,1.691834427443819,-2.614566048656424,-0.05224854388144595,0.0020158353619664227,-0.04655719564475921,3.148126225961985,0.07001104481610257
5.446543216705322,-0.11391445724562442,0.7011753244310013,-2.0004272167730686,-0.023958541565484378,-0.00766269516538889,-0.028292795189451703,2.122812377193738,0.03785777160339708
5.448528051376343,0.5667365551304407,1.3787089239605161,-2.119266700345276,-0.04028450048892905,0.0069929000710672136,-0.020524152520918066,2.5910075196961198,0.04574912532222189
5.450559139251709,0.08672978605853322,1.011365436301834,-2.2960998425951535,-0.036004622149893584,-0.003170299721338323,-0.03325386437027402,2.5104693960893543,0.049114184428088646
5.452533006668091,-0.09274438807763125,1.0215009766399403,-2.164333116619782,-0.030127626250852135,-0.007941980726957716,-0.03192214136492604,2.395079039717342,0.0446068608030281
5.454546213150024,-0.22969399463790222,1.100302498388076,-2.1326657542866854,-0.037373973622644496,-0.01740016979101698,-0.042894841271202584,2.410744312165634,0.059494093999186266
5.4565300941467285,-0.14533019432496014,0.814978395510768,-2.183434298130722,-0.020032857200812174,-0.016696758220788543,-0.029749143681042145,2.3351008510951803,0.03956145412477771
5.458545207977295,0.3663283724100786,0.9005535787822022,-2.3772083274022715,-0.033052835398592884,0.0011822712331774339,-0.030062716480313115,2.568328767226025,0.04469512966007553
5.460532188415527,0.396188410748328,1.0054599991831932,-2.4619768470912624,-0.03345042775726253,-0.00744567438731704,-0.03149376741740217,2.6887255461244433,0.04654273917988939
5.46258807182312,0.5074402497297321,1.1548398834239564,-2.384503348995317,-0.03158491897973474,0.009283848565938677,-0.03687771423436688,2.6975928130024207,0.04943442887607093
5.464538097381592,0.2901493463633066,0.9518300496101285,-2.3231482653198094,-0.03463873400114974,0.003036380504085023,-0.04056634243249954,2.5272880621714484,0.053429295691772016
5.466545104980469,0.15773670119980002,1.1258934343374194,-2.2081301497787122,-0.03071396908029696,-0.008995179497750307,-0.03178823530573821,2.4836174525782475,0.045108237104936465
5.4685962200164795,0.5623199872130221,0.9810714871097072,-2.2684266687666987,-0.0317574506812542,0.007425246967385196,-0.034475285272501335,2.534652753812815,0.0474575100581489
5.470571041107178,-0.3748899566289537,0.866763275325715,-2.1587759018786614,-0.026984007798014353,-0.013585820070490088,-0.03291443271352485,2.3562967660221936,0.04467741112334269
5.472598075866699,0.20266053983323276,1.1128056680489498,-2.1440667127362456,-0.038378833294264315,-0.01681148273763215,-0.029098329978697365,2.424134859679011,0.0510124847896649
5.474581003189087,0.09007305742096867,1.167071666191566,-1.8493339235750068,-0.040384974268892634,-0.0033568638067484413,-0.03923060711554476,2.1886537849979035,0.05640261710213817
5.476543188095093,0.29189322235397697,1.1011531968756727,-2.101256871765824,-0.028888626661448532,0.005479900360778682,-0.03427474499503928,2.390192556550371,0.04515905449434905
5.47855019569397,0.09501300032541617,1.1189188677892834,-2.2986578386924985,-0.037462953022495894,-0.003718945097256781,-0.03126556422112878,2.5582874667066164,0.048937091330274955
5.480532169342041,0.08633883935183342,1.0503123995115693,-2.26210969521086,-0.03538777338974022,0.00048560838211080627,-0.042156412593764944,2.495546193704966,0.05504265113309974
5.482538223266602,-0.005767423774935478,1.2948191185498965,-2.489067100964862,-0.03372605923745368,-0.00860127885087919,-0.02919268235574491,2.80571645859751,0.045427324075739225
5.484532117843628,1.058379646912924,0.8835076682970301,-2.0067542825247093,-0.031450241612231714,0.020252110352445327,-0.039267732776967025,2.434710666048523,0.05423302046390801
5.486548185348511,-0.5432538657997994,1.177900123095777,-2.0179507224764937,-0.03255151149260243,-0.013910691782847113,-0.030336659422094424,2.39889528346672,0.04661996515681397
5.488563060760498,0.1803307103983649,1.3620539381826176,-2.1464355293751973,-0.04564277645593479,-0.00247602482020037,-0.03844049762845403,2.5485085005539494,0.059724916068922725
5.4905431270599365,0.007289157618431602,1.3120037572299617,-2.1113676693440597,-0.0407839868916084,-0.002199307499230837,-0.03643035587674901,2.4858158471527387,0.05472971194477128
5.492563009262085,0.0040341257522798005,1.2693966647847874,-2.196321776008407,-0.03691005193394391,-0.005090111078625391,-0.027190490146463273,2.536772262247057,0.04612574030803297
5.49455714225769,-0.03716766764894908,1.0932868946602017,-2.333375601182049,-0.03225822826750984,-0.0030835690292815117,-0.027254248870639586,2.577071858863446,0.04234259994874989
5.49654221534729,0.19136564941178721,1.0439538722643569,-1.635668327696424,-0.03017681628372226,0.0031274794915803947,-0.028991044946750897,1.9498388080607474,0.04196310350887207
5.49854302406311,-0.2694891921130557,0.9774428961591985,-1.9636668946803886,-0.029678827767719056,-0.009996621132990983,-0.029297167908215547,2.2099788942841854,0.04288460445410064
5.500554084777832,0.3688618473665205,0.9364079867116706,-2.0425124217328485,-0.027029845688070788,-0.0037181581028440185,-0.03199123664338962,2.2770103146347473,0.04204612324069864
5.502551078796387,0.09950304295341253,1.237922202584261,-1.9980122909123161,-0.04097711028461826,-0.0045605041972487425,-0.027385809199661267,2.352531689445381,0.04949650807209679
5.50461220741272,0.03985946955104008,0.9242910806898061,-2.0013715950647764,-0.025785177697824933,-0.012263948939120237,-0.03517856010347962,2.2048562403675547,0.04530795651366198
5.506603002548218,0.6047118988454738,0.9553435816590937,-2.3138582776200334,-0.03105128626053088,0.0068882482299726005,-0.01967273410475618,2.5753248277709107,0.0373984867242993
5.508543014526367,-0.12660054328742643,0.8318581319155253,-2.248174672655729,-0.033322779303453606,-0.008929106179391365,-0.029338392451775552,2.4004801619603846,0.04528661865633072
5.510545015335083,0.28198939903213843,0.5366564918523902,-2.06016107753997,-0.013617380621273144,0.001529543574524609,-0.03106500873831361,2.1475059666563143,0.03395301645572151
5.512533187866211,-0.7947184180906736,1.0478163174849835,-2.2378795769758693,-0.033330741617539766,-0.032331019271566966,-0.03184592464639838,2.5956890029982462,0.05630627017036128
5.514538049697876,0.3623018503879267,0.8292647837180366,-2.5057045589747022,-0.028657164399446638,0.0013510479286697366,-0.027257024151939084,2.664112994821362,0.039572765477558745
5.516534090042114,0.6999093154050886,1.0371554476986733,-1.8933909043091914,-0.030276477716292865,0.008784623475228093,-0.024319389780772933,2.269469891627257,0.03981541701170377
5.518684148788452,0.1533337284749226,0.7074073229279891,-2.291499354969024,-0.025640023356247748,-0.004453946911738703,-0.03865365983768002,2.4031033366552546,0.04659778814116175
5.520630121231079,0.455888221027509,1.1597727473957273,-2.0100124137594437,-0.031212211789004508,0.00014916508835688673,-0.030528888366913417,2.3649644392972435,0.04366047915340277
5.52257513999939,0.09060808309444758,1.0339798625766,-2.069590149615909,-0.03263811659230257,-0.009091748082426111,-0.03195721230454424,2.315281315158738,0.04657434869286686
5.524622201919556,-0.08019342257831681,0.7807165121079838,-2.148174716365506,-0.02376397732295813,-0.0072268942808082146,-0.029557832037312933,2.287051348206879,0.03860854897426281
5.526543140411377,0.0502361815935949,0.9580506571139212,-2.0389133880994574,-0.03630142625321457,-0.008290502342727811,-0.03316420126186127,2.25334252605074,0.0498637164925519
5.528532028198242,0.37163034359564295,1.0140950292952942,-2.3531471298940465,-0.035138505860213665,0.005657869617477915,-0.025985609801839973,2.589169607355035,0.04406787945284106
5.530541181564331,0.23452564323177483,1.1336801582194287,-2.3549556759773638,-0.03223944746098003,0.0012535987258669896,-0.03525016114230972,2.624128277026813,0.04778626730467227
5.5325400829315186,0.3282656612895026,1.114484534684238,-2.2668223129274065,-0.03262323965010402,-0.0007279696131376925,-0.038891687138864095,2.5472176037429026,0.05076779524002453
5.53453516960144,-0.007819595813562823,1.0799816938410958,-2.5161095647600797,-0.030224644455231774,-0.004823177531640925,-0.03349387364537633,2.738106818038282,0.04537214724607304
5.536548137664795,0.4450247728913146,1.0423128158468706,-2.1618529449267783,-0.03466415076731602,0.0006952115150534333,-0.030887333270196805,2.440916059608397,0.04643397488923477
5.538564205169678,0.46389384729396543,0.7562589132431629,-2.244021259162488,-0.02655089501685193,0.00999209739832826,-0.027453383193436057,2.413038842826639,0.039477592193283624
5.540533065795898,0.14858372797575575,0.9233105236428688,-1.8865091593434382,-0.02835627552355536,-0.008532060963343293,-0.03365963537651125,2.1055869147521618,0.044831300221270395
5.542556047439575,0.0782963382986406,0.9030478705939934,-2.189831462022982,-0.03241986259895162,-0.001373096088385089,-0.028286291916848227,2.3700184820462966,0.0430470346738076
5.54453706741333,-0.06571784268462426,0.9134176717327627,-2.115446554218284,-0.028700974747979485,-0.007708245973816895,-0.034318576244714336,2.3051604719920986,0.045397441369985726
5.5465381145477295,0.3424395733499386,0.9798510629053128,-2.1300218050725723,-0.032213791894891194,-0.005491377537179547,-0.02994566484391718,2.3694653103511305,0.044324106967286045
5.5485310554504395,-0.32017023963942753,0.9711176173127557,-1.7770842094700812,-0.02794178201607194,-0.00832563938757323,-0.03544960314566543,2.0502699082203484,0.045899170108301135
5.550549030303955,0.4465775261124599,1.3890137859082927,-2.278231290734139,-0.04366728392729639,0.01072871170510056,-0.031006632220436387,2.705388807242344,0.05462003462184625
5.552532196044922,0.1883066232257202,1.4403093478949724,-2.4645788473207957,-0.03781182694104905,-0.005277840303695924,-0.03377335111229461,2.8607864821837743,0.050972827077232934
5.554541110992432,0.14016747947470334,0.998169905975017,-2.4725015093838127,-0.03522696579828016,-0.006106236997596845,-0.037654334263570476,2.670066253373069,0.051923733864743575
5.556532144546509,0.23016626987969666,1.3179452514869723,-2.0501502673399847,-0.03740539487166794,0.009997073432771343,-0.03222801074409801,2.44807522686326,0.05037608280967588
5.5585432052612305,0.2567227292163461,1.1714823128334484,-2.4000928823167516,-0.03773930941639503,0.006828844345614447,-0.025825522637525255,2.6830436471897783,0.04623684904731682
5.5605340003967285,0.6330635633528178,1.5367086605901412,-2.30056162784108,-0.04544567926208887,4.454222462893146e-05,-0.02631841357623739,2.838102673666426,0.05251638449829068
5.562552213668823,0.6822212394433718,0.9427932734784826,-2.291473321486602,-0.03219461651172633,0.011073346968108794,-0.026133067811054785,2.5700457114901214,0.042919105053931796
5.564547061920166,0.2631121239659555,1.343148004416536,-2.3347607096140295,-0.0385646681585817,-0.0020160458553264314,-0.033935546748378884,2.7063595701058287,0.05140933187840232
5.566557168960571,-0.019202858332389182,1.1511429917835414,-2.1439099407676085,-0.03604009281893416,-0.0015961727302588827,-0.03717496889702074,2.433484902649422,0.051801683083435336
5.568580150604248,0.3300783579468006,1.2265720178729906,-2.1931247041368716,-0.04064698428015219,-0.0020211773564289305,-0.029877394100306147,2.5344085316517773,0.0504868415253132
5.57055401802063,0.39514206555579606,1.2122881981539597,-2.387805456804123,-0.04401931358721486,-0.004418467115784993,-0.04046758842436836,2.7069161100593093,0.05995705574181327
5.572575092315674,0.1446205606158887,1.4708072686010516,-2.4273235153023847,-0.049031394658098304,0.0011496665084121428,-0.027269585618706835,2.8418459803202683,0.05611621597198744
5.574556112289429,0.4291734897108272,0.8354393830945429,-2.393760364377636,-0.024078941834794726,-0.002476756658060828,-0.03181648466441108,2.5714271386063636,0.0399777245453938
5.576541185379028,0.18573323901342614,1.0555114293192849,-2.4981267437328243,-0.03399294834920703,-0.012099310632180156,-0.031037405343301436,2.7183153682476253,0.04759447852104529
5.578541994094849,0.015248746340891302,1.128714802981923,-2.4861168907626765,-0.03219520327638118,-0.011291014588164125,-0.03787311266271444,2.7303858381684756,0.05097441306381371
5.5805370807647705,-0.25496282193767283,1.1871204728713611,-2.309577821550004,-0.032127529761743545,-0.007501706240165744,-0.03112521009578338,2.6092931555263026,0.045356724623942093
5.582580089569092,0.019156483415391678,1.6174601673437852,-2.1685962636538427,-0.04485866272595926,-0.008981894349085886,-0.030188833498898827,2.7054304867310925,0.05481185743690633
5.58457612991333,-0.1268572519274312,1.0089574891360402,-2.156564779665025,-0.029795930889017767,-0.011281873962786569,-0.044268335081772046,2.384294366503838,0.054541394083460815
5.586548089981079,0.5154298193025235,1.091376916085098,-2.348541934746047,-0.03695256602675708,0.00022242566034026006,-0.028162684718892616,2.640534167711215,0.04646158003890922
5.58853816986084,0.6251743380174696,1.024639645010051,-2.574864827959326,-0.036653367546196525,0.005738211920790996,-0.03468691469538794,2.840890395158517,0.05078955089001674
5.590545177459717,-0.016507939150898508,1.054040907104353,-2.2888547441833405,-0.03216270405795204,-0.00762331269037287,-0.0392919673556061,2.519946583932874,0.0513460137437038
5.592547178268433,-0.058679949678232035,0.8975764339407297,-2.5616150038173395,-0.027834307941592692,-0.011252160070980427,-0.03859137283223366,2.7149508686239803,0.048894313185960984
5.594542026519775,0.3227616497749658,0.692564891662681,-2.53209143573076,-0.020738582371108358,0.00703457808905247,-0.037612790057441864,2.6448645051552755,0.043523511617968295
5.596544027328491,-0.07934276052087666,1.2177572786326942,-2.1020791319851364,-0.0357440883841152,-0.008163554318057058,-0.04362753571704172,2.4306305232258896,0.05698811583354075
5.5985400676727295,0.3801796549598802,1.2962434142124395,-2.34949810574198,-0.03952686782987903,-0.005935431014571441,-0.03729340069998942,2.7101521927411545,0.05466626343129219
5.600544214248657,0.1252852298597417,0.9204156995249737,-2.2139137957973754,-0.03138898461472227,-0.00256424200134349,-0.03388772643046942,2.400890614745911,0.04626253013845071
5.602557182312012,0.1518368235891541,1.4272865472598832,-2.4183345756564583,-0.04345220755310794,-0.004933845966138704,-0.03174412651690251,2.812213261614806,0.05403819709776657
5.60457706451416,0.41232899541091844,1.2765766734854609,-2.411119961155825,-0.042169853667567266,0.0052648833824951256,-0.040479448994217786,2.7591960189207017,0.05869072623720709
5.6065661907196045,0.10536247239254198,1.0466522542978562,-2.355733426748095,-0.04340927513416486,-0.00314025831643557,-0.027804976317134595,2.57993452822233,0.05164632705201776
5.608547210693359,0.6715500646016728,0.9772762857676668,-2.2256164903773974,-0.032857995903292116,0.006975281694830362,-0.036711033859137515,2.5217884903833947,0.04975944590235846
5.61053204536438,0.31846225572242726,1.2893341434402041,-2.1970098989451516,-0.0353803753171434,-0.006233820182174089,-0.035906240676497364,2.5672267601097274,0.05079261354925699
5.612537145614624,0.5288790764381297,0.7890793278547352,-2.2170156111817962,-0.026917902269530468,0.011836993467973914,-0.033278689501183276,2.4119530433583325,0.04440899742021899
5.614540100097656,-0.07473775441189229,0.9888384976324464,-2.2904508542391615,-0.028630625976983824,-0.0065912916746907035,-0.029770170400632696,2.4959071340936205,0.04182607936990383
5.616544008255005,0.24639443552835727,1.0348031472887518,-2.17895655442559,-0.03132478897646045,-0.0021363083954313218,-0.03727390464901442,2.4247431694041914,0.0487355125731123
5.618661165237427,0.46807302037240855,0.9352468921564069,-2.241700827416025,-0.03281105198335355,0.0008580604626869726,-0.03146475570539908,2.47366159798111,0.04546792552571978
5.620593070983887,0.0016810090327786104,1.1794167547055867,-2.396795517515007,-0.037727229782915844,-0.010652929498977948,-0.02940510664584702,2.6712647678303356,0.04900499026483694
5.622582197189331,0.07277761262718957,0.981133754745196,-2.2310795016647957,-0.03150377761439692,-0.009326350295115186,-0.03576564443794279,2.438367439158617,0.048565935962008595
5.624608993530273,0.4214349671141767,0.9670116268824083,-2.1575710051432724,-0.033549495963963005,-0.00024576370276588604,-0.03268363978986265,2.401631020841303,0.04683854597601275
5.626542091369629,0.43450581878494193,0.7136001471086532,-2.3564655195044253,-0.021145470525439646,0.0011094963890823442,-0.03684430565333208,2.500190037002133,0.04249546758250557
5.628522157669067,0.04430356915087552,1.1594886822356985,-2.323522449679785,-0.034540950323212284,-0.005924604447250091,-0.044094580039269526,2.5971394619153845,0.05632504039880079
5.630545139312744,0.31188574237500233,1.1754905139083645,-2.0507928942168565,-0.037903159164839884,0.005486082794335039,-0.037125350513096726,2.3842823154055623,0.05333889978075828
5.632530212402344,0.0903291748925683,1.108912886350661,-1.9832083391977904,-0.032868365299672166,-0.012944809726244072,-0.0370483051159613,2.2739750363658313,0.05119056991562724
5.634544134140015,0.26895404240082066,0.8384231807104346,-2.2125051562859945,-0.02592259278868477,-0.004337045405619258,-0.034539195530831394,2.38127461109979,0.0434021521085692
5.636537075042725,0.007923919452075288,1.0275816815638121,-2.0656873297877802,-0.03536722674908514,-0.005731241167399386,-0.03576941762026217,2.307173822066895,0.050627453917146764
5.638556003570557,0.4178244029531871,0.7221347542540609,-1.9733085549600247,-0.023009282203768577,0.005145309302658079,-0.039579283742750264,2.142429109231664,0.046069740361128764
5.640535116195679,0.26181008425251945,0.5871347347052432,-1.890955575564373,-0.016958115941375675,-0.008573218266445429,-0.04462694228246646,1.9972442779168742,0.04850403844225599
5.642538070678711,0.6033791545926975,1.2541283930425073,-1.8663683831857885,-0.04299061255738968,0.011136457814832712,-0.03484511823166411,2.3281398953215664,0.056448168484901175
5.644535064697266,0.2577198583207736,1.2841844501902804,-2.1235077064165493,-0.03662661594592603,-0.015358089702853494,-0.04061748446307559,2.494961764575535,0.05680809765411481
5.646543025970459,-0.239921336146761,0.728762035172087,-2.4558911909558416,-0.02031486135239248,-0.01687596580845248,-0.04321675382264956,2.572947316456579,0.05064760235887265
5.6485371589660645,0.5217464903513288,0.8488127391668221,-2.247403788688067,-0.029291512165204845,0.008330727276399927,-0.03347605066555068,2.4583584473740383,0.045255272289984216
5.65055513381958,0.5025615678786345,0.9215300209555777,-2.081082015730537,-0.030407646080980243,0.003012844724232659,-0.038882292750125044,2.3308127477830762,0.049452349418656706
5.652545213699341,0.2977806318848927,0.9054626736924025,-2.3011905220754363,-0.02556753175691324,-0.008057201029216003,-0.03991060895229169,2.490785775024777,0.048077789835938925
5.6545569896698,0.412003867808984,1.04105508269054,-2.4311988583494037,-0.03405800139196246,0.008258897272848847,-0.03184608930763139,2.6766155422706515,0.0473532495945951
5.656544208526611,-0.1674752874832027,1.2366703648849975,-1.919208223015614,-0.03625402496231843,-0.012804661990909232,-0.03502802413830602,2.2892710120457833,0.05201226941504853
5.658534049987793,0.14344206593679218,0.865131060373496,-2.215975572332213,-0.03555434507035599,-0.002461714116903122,-0.036037025354698535,2.3831859170187,0.050683712237665594
5.660536050796509,0.08556588030810786,1.1783174486706292,-2.123697731204399,-0.03027647075227878,-0.0006493069899548908,-0.03437911065422425,2.430194556663576,0.04581494876299866
5.662581205368042,-0.261181361325631,1.0108811636901447,-1.9041606117555272,-0.027230214053369783,-0.017882833917239344,-0.03206313298530768,2.1716178452869266,0.0457091326010178
5.664525032043457,0.6243216516051114,1.2174436676830018,-2.197253583910023,-0.039234819926126346,0.002562526795376085,-0.027101843849185903,2.588410693968369,0.04775403206262522
5.666543006896973,-0.025991535925570283,1.0901980329830787,-2.226119861447429,-0.03561957239237848,-0.014548077989371112,-0.03553901413772877,2.4788741292350176,0.052377686436901744
5.668601989746094,0.3772896512791267,0.9420114803646475,-2.4244321907262916,-0.028905099935479565,-0.0004068837306226773,-0.03525564120565927,2.628232211493308,0.045592001419903536
5.670560121536255,-0.28094117488747067,0.670816523016112,-2.443349700833626,-0.025240513659803957,-0.011081462339515,-0.032562383635929636,2.549290197655486,0.04266369845016132
5.672572135925293,0.2637078742129073,1.028902408374871,-2.1075029486166867,-0.028805277866929557,-0.007393968173495918,-0.03970994693034173,2.3600319250615085,0.04961143702365664
5.6745312213897705,0.16207105729177512,0.8779526175170079,-2.0654837616969504,-0.02649190947100655,-0.009683181739373421,-0.041559288562367604,2.2501757700345153,0.05022708175703502
5.676537990570068,0.0025040545682257186,1.0393421950244166,-2.1884857651359972,-0.03648417629588574,-0.0005439942692028043,-0.03550214648809603,2.4227481117215515,0.05090965974170742
5.6785361766815186,0.734179392527925,1.1172924411716005,-2.2169490297262517,-0.038280946802007006,0.008307997541241731,-0.032328155849701556,2.5888655391727156,0.05078940216074572
5.6805419921875,0.21187116787334265,1.0383484264858174,-2.0771530348420812,-0.030095382916354625,-0.007270310467031937,-0.025421603949294165,2.3318708319105617,0.040060547107145364
5.682535171508789,0.31393282825533425,0.8599737649470285,-2.1988723223582505,-0.024310941347262676,-0.002683926600822608,-0.02434465219661985,2.3818371453747056,0.03450923676007681
5.6845362186431885,-0.16385594010010654,0.7131787686048165,-2.1518965107866177,-0.020571465451746828,-0.0077642440639925795,-0.03383523161245495,2.272912518824777,0.040352095050766916
5.686537027359009,0.2036694723139923,1.0135841574303681,-2.338973523202556,-0.030981650298187165,-0.0018826850926754938,-0.03281481762446964,2.5572702712832425,0.045168788051978395
5.688535213470459,-0.07236759433682433,1.3485660118158176,-2.0562092383468498,-0.04468490569652795,-0.007825018099000585,-0.03051881110950893,2.460053615025057,0.05467512722340176
5.69053316116333,0.29486871245568397,1.1412307457419344,-2.2890862797746014,-0.034488735268047195,-0.0023077926369392157,-0.02640488109692946,2.57473710674785,0.04349731615844288
5.692540168762207,0.13155732545691096,1.0745789750309591,-2.052224518001972,-0.031465235577540766,-0.005211887091054115,-0.03653505299988747,2.320269979064589,0.048497782575130384
5.6945390701293945,0.1750374358811598,1.432984439104105,-1.9724645291271021,-0.04798945702306321,-0.007181817146560548,-0.02769531909365528,2.444319706040713,0.055871255423468415
5.696540117263794,0.05670965163028649,0.9607937003877188,-2.0968237717304676,-0.028026555476224953,-0.013236695040198226,-0.03141081664114694,2.3071650242205775,0.044128644999737725
5.698530197143555,-0.12597503117520265,0.9066167320827688,-2.2648222446231507,-0.029921411515347697,-0.018744182393529756,-0.031042116703754577,2.4427941802599498,0.047013277381205955
5.7005321979522705,0.15541860975886262,0.9200846319695809,-1.9643935187750994,-0.03213541916658442,-0.0017072495887540044,-0.03486522481043452,2.174753450589651,0.04744664126418772
5.702540159225464,-0.15538271482445115,1.0135880988729067,-2.3089777024349423,-0.027525790722811028,-0.012110785453536381,-0.03158337717289113,2.5264367501650926,0.04361020514584492
5.704573154449463,0.23847819770709325,0.8383105497773915,-2.032500051284577,-0.022465490185486582,-0.0035896446838996413,-0.03429911016773622,2.211491100393918,0.041158386223579625
5.706593036651611,0.17120965726676018,1.1269093611565904,-1.8758735522862455,-0.0380308141428934,-0.003022745468884095,-0.035300162270075916,2.1950259768783544,0.051976737785615706
5.70855712890625,0.15155924627898257,0.4015587488629222,-2.161409494549901,-0.012400878950467206,0.0014739375694305837,-0.034076371418246876,2.203613086966827,0.0362926077836387
5.710543155670166,0.9693139257872835,0.901202304964436,-2.0534910395018415,-0.0309971472294881,0.018941012051993986,-0.02898132782216669,2.4430637589945787,0.04647044691259421
5.712532997131348,0.14187964739453984,1.1176823318912432,-1.8231300330839244,-0.0336362898857152,-0.008544162681696678,-0.03483093724961448,2.143162790573604,0.04916906449073184
5.7145421504974365,0.5245722869431494,0.8643349550006635,-2.0883224179725515,-0.028690997193718048,-0.004368984171352629,-0.04105976610903267,2.320202904935577,0.05028086848482168
5.716543197631836,-0.13217606770322304,1.1089355872736615,-1.9511715386393171,-0.03590591973890257,-0.009292219176126682,-0.02956760797313322,2.2481723739054322,0.04743230809023087
5.7185680866241455,0.0016203456115515685,0.9856138531007818,-1.7097559750393092,-0.034215664732699956,-0.009470002372269191,-0.04054194408585857,1.9735001360847912,0.05388916299491201
5.720586061477661,0.06322160978527121,1.0649645764198654,-2.0518372824886937,-0.027299724830283742,-0.009788010850952544,-0.033729286585865374,2.3126138360702533,0.04448308561486054
5.722560167312622,0.5609701906547118,1.100761747223458,-1.8799594872823522,-0.03369825186658975,0.007356946105695935,-0.03081416304358566,2.249580328144907,0.04625158893425084
5.72455906867981,-0.024601795353393234,1.2086820056777867,-2.122296723079801,-0.04494133929146033,-0.007553433682432389,-0.04183859695666939,2.442470229087583,0.06186474386116607
5.726541996002197,0.5385331117221215,0.9846614415237411,-2.0120033964402317,-0.03540621175697549,0.007517196111677423,-0.030035367539226643,2.303851934072967,0.04703436373097479
5.728543043136597,0.14299395023327957,1.1193488018370723,-1.5139013095709646,-0.03444419873960052,-0.0006293736318566622,-0.03681126389659544,1.8881965430267285,0.05041694246626193
5.7305450439453125,0.6401481148696344,0.888366638245485,-1.695023300725521,-0.030423058222753218,0.010258084378865736,-0.039016198540223014,2.0179417441842,0.05052775984821672
5.73253321647644,0.08734504905660732,1.051943913110604,-1.866656433971959,-0.03650103540462106,-0.002019083975218124,-0.0395764417365011,2.1444396462512207,0.05387668351180359
5.734543085098267,0.09472232807176727,0.4127593267999502,-1.870407753591029,-0.016657944587963224,-0.0008985238368106213,-0.03773252540954232,1.9177506996450617,0.0412557624673539
5.736534118652344,-0.3230277003991734,1.1264057193264743,-2.292813483070689,-0.03293345190394702,-0.009809315778459091,-0.023502175106857023,2.5749039609094773,0.041631564528666086
5.738534212112427,0.58346132137398,0.8044630540387193,-1.831112731291296,-0.02427747188485317,0.006968459980646763,-0.03651249806075259,2.0834014864038672,0.04439727007664067
5.740535020828247,-0.24680581755447187,0.8652267830522062,-1.9641060972682336,-0.025177180125846087,-0.011171388054298226,-0.032456742105011406,2.1603803505438233,0.04256912517565092
5.742537021636963,-0.14402184483907804,1.078746331942118,-2.0481676937217763,-0.026810845438361083,-0.006412165645214471,-0.035747268546357645,2.3193591446938537,0.04514204813593161
5.744546175003052,-0.06525829237706543,0.8389044537141371,-1.911159973003894,-0.02372618814899836,-0.004916564907960556,-0.030153157446183715,2.0881934224581857,0.03868226361719546
5.746538162231445,0.1499935990950567,1.0185969131308605,-1.931102971165219,-0.030303740456956912,-0.01065268352508558,-0.039105814836853055,2.188423276345859,0.05060692745091796
5.748534202575684,0.3920524953906888,1.1989186186209344,-2.3599550391778634,-0.04406206565618726,0.004684169121608513,-0.01962497837872169,2.6759108356144803,0.048461808123668695
5.750545024871826,0.3738313562106201,1.018489830046417,-2.240807627846074,-0.033840845440913925,-0.0013561645374323458,-0.03896873501642984,2.4896365682178194,0.05162949071208372
5.752530097961426,0.8932176671589508,1.0243160630509545,-2.0872284829450205,-0.03682433111428751,0.011791786012380555,-0.03377553655572091,2.490699487687356,0.051340670515715864
5.754549026489258,0.24423455900717939,1.1390687016425298,-2.031902531444745,-0.034675591727914366,-0.0060903714648084155,-0.03387374417303603,2.342169063959003,0.04885611354334939
5.7565391063690186,0.36111241737716276,0.737174317322878,-2.0296196934841593,-0.025966773069299377,-0.007236246948618203,-0.029722122017465456,2.18933420296746,0.040125317578244564
5.758540153503418,0.07796041390592146,0.8391281289491693,-2.027104324992924,-0.03171143638972727,-0.005570939758570732,-0.04340968373550033,2.1953053972819214,0.054046750223389985
5.760550022125244,0.14684173946704465,0.7199015870633052,-2.3950930399296357,-0.02750168732273666,-0.009751079643997271,-0.025088097430489953,2.50525277395822,0.03848167086422975
5.762559175491333,0.024249462393029407,1.1278191167823264,-2.247832178419958,-0.04126780587690167,-0.005983927313677753,-0.035447203927228506,2.5150175941623614,0.05472973099008931
5.764549016952515,0.48338444979864414,0.8448592059742966,-2.1476473875139823,-0.029347524662091725,0.0006576757384608742,-0.04056706929615472,2.3579306404816682,0.05007391389184653
5.766537189483643,0.3778474193149423,1.1783428892181909,-2.3809782898477865,-0.042047634177664404,-0.005270736045975654,-0.034094109711316524,2.68334087539778,0.05438926838460255
5.768615007400513,0.18019950695636805,1.1176318290012655,-2.1129193477897186,-0.036081325167503044,-0.004069613211270937,-0.03446014268861475,2.3970817545023704,0.05005921704993126
5.770549058914185,0.31534548809155455,0.6600929146362111,-2.0522525550311195,-0.012985196651778753,-0.0021451636382773657,-0.030186964666457802,2.1787395398359086,0.032931290513648646
5.772564172744751,0.6381718311118609,0.8639057524817879,-2.054712207254507,-0.029255226936321464,0.00784981128652549,-0.03664809013860251,2.3184992322268467,0.04754545563076314
5.774527072906494,-0.1688633521998274,0.7461891265537838,-2.099533334053922,-0.027768931213873096,-0.010501576813318701,-0.03557366308820228,2.234581228129074,0.04633445976635288
5.776537179946899,0.4924921749003363,0.7068510690769673,-1.864707453661305,-0.020418704170260808,0.010631686507331732,-0.03782593704597009,2.054098552634061,0.044280444344975786
5.7785351276397705,0.2682366347821203,1.144172576586305,-1.9852236745082588,-0.035334153397812366,0.0011371487893035018,-0.04253669634883729,2.3069882563809148,0.055309728258077145
5.78053617477417,-0.23314184254100864,1.277840758813415,-2.0569995381745243,-0.0410868067046544,-0.011928348769739205,-0.037843688518432526,2.43279247443724,0.0571187880669602
5.782533168792725,0.24455778544036472,0.8814274209282615,-1.9999260309529705,-0.02107399606617337,-0.0008413063624520553,-0.03487434150184129,2.199187790541554,0.04075586831095177
5.784537076950073,0.1726042272443627,0.8658557700523882,-1.9814668340724337,-0.022410945799859146,-0.0009931142833389374,-0.03451072506855672,2.169264679176949,0.04116098774788459
5.786529064178467,0.0900946607503336,0.7599672749159069,-1.771918944529531,-0.02470537755355327,-0.00210689851250554,-0.029910529128942123,1.9301202171941192,0.03885144082500554
5.7885332107543945,0.6291404869798464,0.9838566309823304,-2.043487259417889,-0.027667371606762383,0.010887647641910836,-0.03808475682879157,2.3536422417369156,0.04831638464857727
5.790541172027588,-0.18842519855516904,1.2502697882967373,-1.8173655894010243,-0.03917006484353463,-0.0160824201440539,-0.03242349607002733,2.213932312541884,0.05333124145320129
5.792554140090942,0.48466579622273664,1.1464338240281526,-2.1138122416054017,-0.04084998806336939,0.001467791894539812,-0.03837818900521753,2.4530417117662076,0.056069254758230005
5.7945311069488525,0.36353234009110486,1.098320166249904,-1.9429245611190487,-0.0384065396728172,0.003548538769467781,-0.03310409580005622,2.261286978709907,0.05082849177161759
5.796570062637329,0.2852238309081832,0.9894727036539367,-1.6561092618384432,-0.03425330941683766,-0.0044526572038962355,-0.041669832727631057,1.9501555712663656,0.054124766251040575
5.798529148101807,-0.04638279892029541,0.6236522753425512,-1.5217049065227646,-0.02190509114848995,-0.0056523842636837926,-0.042254709583318194,1.6451988776774307,0.047929562360390435
5.800544023513794,-0.043261034594462254,0.8209014899239904,-1.8441309777860357,-0.031866230056159524,-0.012151156200644286,-0.03802426526400265,2.0190517171443854,0.051077900934472426
5.802534103393555,-0.1690028659580894,0.8284860547656001,-1.9431088615468033,-0.023585020402542498,-0.020985541549327445,-0.036421574343411284,2.1191090485071387,0.04819934874206839
5.804563045501709,0.14206776891229647,0.9942719886386558,-2.0790440936181915,-0.03468237078241245,-0.0007924972026603434,-0.03613670258592948,2.3089357681762985,0.050093474312418014
5.806570053100586,-0.3134378403121838,0.9579161018230355,-1.8655834636200306,-0.02520014127133172,-0.015148589340671747,-0.036025731301099796,2.1204358508580063,0.046501399923942414
5.808561086654663,-0.20302849796831085,0.6379928324217198,-2.1115934702412544,-0.026410163258198904,-0.014054603619640652,-0.03005925905073981,2.215193537543449,0.04240975902913643
5.810542106628418,-0.47435040760436226,1.0483853811292456,-2.0790983615679655,-0.030157933993724458,-0.015886319597609822,-0.02548472922615137,2.376293377012724,0.04255992900437566
5.812540054321289,0.22331705336215263,1.040029855408374,-1.9814070043458947,-0.03165234662792144,-0.006909913202678692,-0.03448123389307354,2.2488900202842492,0.04731356505603321
5.814535140991211,0.2665393422391401,1.000513431066334,-1.753414967478241,-0.026699648721121277,0.004887940882360377,-0.03423161033278302,2.0363041017692134,0.04368714174532617
5.816529989242554,0.10371624787021241,1.1604222376942648,-1.9470163082658456,-0.0421853231454445,0.0034650070738277993,-0.03172836273489731,2.2689665785244175,0.05289892971265556
5.81859016418457,0.27397496752435774,0.8259217136517426,-2.128658001618322,-0.02391097827983519,-0.004379745398738726,-0.022968447336370573,2.2996508099633544,0.03344348404547815
5.820574998855591,-0.4620399774393925,0.983609223874215,-2.0553012642390396,-0.031471629029400906,-0.018418476414157687,-0.0380830860411795,2.3249153388511212,0.05272594380002119
5.822561025619507,0.31738195046027223,0.9544050362982665,-1.822927346913902,-0.026208638780296837,0.008940171240094129,-0.022378057451396483,2.081990486989799,0.035603326583569225
5.824559211730957,-0.29201363906557454,1.1763648044449526,-2.2117944255525415,-0.04051139163050333,-0.01666232770192764,-0.03428516759702382,2.5221301908193454,0.05562624141034924
5.826526165008545,0.4480255239452831,0.9241501473414914,-1.9857019254362924,-0.03119987408861093,0.006508627609273716,-0.03512452660588656,2.235574311361433,0.04742917610278518
5.828524112701416,0.21442841479942254,1.0302752230649603,-1.82357075728418,-0.037898759811701245,-0.003954222084491272,-0.038701861931049665,2.105435082627091,0.054311932247790004
5.830538034439087,0.46174248542018503,0.8493241679901459,-2.4488682331322207,-0.027030569607018964,0.0032694922623907286,-0.03272886616394957,2.6327767258957393,0.042573700253929696
5.832528114318848,-0.14360245507398461,0.9635897627340162,-2.335864703324691,-0.03031274515522013,-0.00924712017857616,-0.03286710664121411,2.5308873558867093,0.04565762202970379
5.834532022476196,0.3539837840440832,1.102760775359169,-2.118897617642129,-0.03563171335189971,0.004889197341188497,-0.03607397923506341,2.41476975322419,0.050939721484170086
5.836526155471802,0.27213250984108517,1.229050923295382,-2.149018790582528,-0.044444389108409886,0.0046546977148193775,-0.03704397596640065,2.490562996039737,0.058045035011061515
5.838539123535156,0.3100920298039229,1.320751102202909,-2.0831678636980375,-0.04316432334445546,-0.002246905061585054,-0.03855336150635159,2.485986502228514,0.05791864186580959
5.840525150299072,0.19740682658881567,0.9038721493577827,-1.9057386271562704,-0.027518580135039866,-0.005894605790175837,-0.02649471638325363,2.1184414159008482,0.038652149051498205
5.842529058456421,-0.03204686371395287,1.3949056544317942,-2.194743446121333,-0.04835195117677473,-0.01381578477244425,-0.03289935706345986,2.600709053418363,0.06009288465924012
5.844526052474976,0.5918323901837494,0.9047269263436326,-2.140341175472096,-0.0295071093630173,0.009216315633972733,-0.040718256154954016,2.3978858890162145,0.05112324677802187
5.846540212631226,0.06197060992080762,1.2076411609734001,-2.1617135500911937,-0.04253364624695982,-0.011407377025004781,-0.03496756342861184,2.476942268769906,0.056231395196865944
5.848528146743774,0.23038746783758013,1.084235129392132,-2.3055314969171925,-0.033273566582774874,-0.0025762935095563094,-0.04519900662843999,2.5581477057476207,0.056184675148865076
5.850531101226807,0.56684395582276,1.3510734216891986,-2.396806874758983,-0.03962824158341477,0.006494939366845066,-0.0337609875094875,2.8091626253991913,0.05246318753171836
5.852535009384155,0.34942296421777413,1.210284918476859,-2.155896381553662,-0.04362654078130151,-0.003837764346497862,-0.033039541918495785,2.496953183343942,0.05485995648837004
5.854542016983032,-0.03857391557755442,1.4316321370243272,-2.2940731174302726,-0.041678987667482174,-0.0110426643085854,-0.029146363806722073,2.7044093608106143,0.05204410601760814
5.85653018951416,-0.012812026945368975,1.0935449309713543,-2.3234641054037692,-0.03760450197678785,-0.005465091568689799,-0.044993629886677856,2.5679739315630385,0.05889306007634309
5.858527183532715,0.2814676156192435,1.3224323698467533,-1.9977131081104207,-0.03778428901522486,-0.007857062018270218,-0.052437614398150645,2.412241499886999,0.06510828920893347
5.860540151596069,0.07454199928347899,1.1918249996732106,-1.8158775354234062,-0.031317365086271316,-0.012090198214748734,-0.03963713489113691,2.17334179621122,0.05194278305209398
5.86258602142334,0.06204122691801797,0.9528231884550695,-2.08549610346401,-0.03583903798582556,-0.001008603432483423,-0.03893199953935218,2.293690288565295,0.0529259342172208
5.864527225494385,-0.21709999724493484,0.6535912244691331,-2.201356544813236,-0.011571834987654154,-0.012117799431614193,-0.03585974339768427,2.306574198871322,0.039581177655472644
5.866538047790527,0.10124906981306032,1.5797907020491335,-2.1832416714104212,-0.045838021655912324,-0.017149977302392566,-0.02894904796033824,2.6967636589441564,0.05686205526192692
5.868578195571899,0.239116460685922,1.0199551624841132,-2.0430655030442146,-0.03347453584201585,0.00247664086678762,-0.03477358123818222,2.295996921813761,0.04833094507610941
5.870551109313965,0.04995353441155777,1.1957837205358461,-2.1130383509094113,-0.033699451947256306,-0.002651877094054113,-0.027069065597191425,2.4284408854886137,0.043306117650655986
5.872551202774048,0.36103639776795415,1.3312859671355488,-2.073097596876066,-0.04483964132469061,-0.00406364247221512,-0.04094401800283709,2.4900608934278323,0.06085654635686731
5.874539136886597,0.018437450725451818,1.1733165149610043,-2.115750948065215,-0.033459758071246945,-0.005468273354007065,-0.03616572610953685,2.4193829085343945,0.04957234277992673
5.876528024673462,0.36816543576512534,1.087224577244231,-2.3398853052420785,-0.03704866434643366,-0.004525144198060475,-0.03355168788428617,2.6062744120955177,0.050187610221572615
5.878536224365234,0.33769706382857834,0.8442607608114315,-2.210017648448071,-0.022159875851837086,-0.0003210858615997135,-0.026149951915074493,2.3897685129769957,0.03427802764250096
5.880523204803467,-0.12437323376398293,0.7562974483259686,-2.3368032571091026,-0.02681032430578735,-0.003133860620857387,-0.03909827332677378,2.4592893270327085,0.047510941359939
5.882541179656982,-0.056720584308877026,1.304253342264406,-2.4695827761919933,-0.042030051160081947,-0.011395639445261873,-0.03423599008674201,2.793408866234295,0.05539394205240327
5.884531021118164,-0.13036839333726247,1.16995340066905,-2.2062832976738607,-0.03250612359632703,-0.020216481694359228,-0.03448965303631787,2.5006944770029502,0.05152562828266765
5.886537075042725,0.13310559346317183,1.0715091655496385,-2.1768171737482502,-0.036876440734889285,0.000876746909834815,-0.029445728449328506,2.4298934130519774,0.0471984267781173
5.888534069061279,0.2858822163890155,0.7189339561041511,-2.71722237263318,-0.020447660555049568,-0.007559535705469477,-0.0385334244147857,2.8252242560946113,0.04427277040559808
5.89053201675415,-0.07016401507621706,0.764338024503669,-2.2232808726987776,-0.02565234142534204,-0.0023382569906950598,-0.035190408223797716,2.3520445241580834,0.043610490679587444
5.892522096633911,0.09444443248035025,1.07980155652841,-1.8830831028670345,-0.03635360682277913,-0.0016898098899477197,-0.04142888233723769,2.172761635479385,0.055143381091496954
5.894528150558472,0.1276719232342948,1.1865016412596354,-2.1758341695964014,-0.03654656427851052,-0.005746318568245166,-0.04544687132381812,2.4816004106780394,0.058601106224837954
5.896526098251343,0.6593023484904917,1.2868733978313933,-2.2472191515348348,-0.03861741344584574,0.011623289274083754,-0.03812512842151078,2.672211938412845,0.055497125078269656
5.898536205291748,0.007499740694333824,1.3615329217545356,-2.1711690225839644,-0.04203654152384611,-0.009739491953583118,-0.03747655892303339,2.562772535314075,0.05715261144962269
5.900527000427246,-0.10323262414776324,1.5354897747549492,-2.3859190641157464,-0.04326163949906431,-0.022197849856174293,-0.03967952528535914,2.8391892511025745,0.06275969022593812
5.902534008026123,0.88810746665917,1.626706047797464,-2.2592743664736443,-0.0535090999867054,0.014094699645763549,-0.03206901322738045,2.9221957671041654,0.06395549975466867
5.904539108276367,0.006807370276072609,1.2659828590435769,-2.3078991490068472,-0.03787985089855875,-0.005246477059447039,-0.04187080019083895,2.632329276832356,0.056706018501156516
5.906588077545166,-0.00814779481562048,1.1269057060896763,-2.1906593218706294,-0.037310869448793006,-0.009186204858784878,-0.026677858508919093,2.463528185646861,0.046778151666716644
5.908536195755005,0.21511313404685448,0.8081486285299697,-2.219969534936819,-0.037064843199267894,0.0004273102864353367,-0.03206310064235353,2.3722652891870943,0.04901048477896235
5.910528182983398,0.298127550633519,1.049760566699401,-2.080088974559869,-0.032185323346001375,-0.0052933314389620794,-0.04201954920020178,2.3489673105280366,0.05319357960879812
5.912525177001953,-0.4688116497980027,0.7665895767420894,-2.2895414843909703,-0.021795021733840514,-0.014668697368329,-0.041929673685190794,2.4595617802574403,0.04948021008654656
5.914538145065308,-0.1035555639959161,1.1284443938897415,-2.13666170049171,-0.03351982043044096,-0.010567730005125411,-0.026655554773463357,2.418560259179792,0.044110926984493766
5.916559219360352,-0.05282224063629954,0.783768898720981,-2.2929485541650507,-0.023749870878761122,-0.009489629731436931,-0.03366547534905636,2.423777412997269,0.042278524923127565
5.9185731410980225,0.14205117821784494,1.3012919285772546,-2.1802059694885974,-0.036345193837308845,-0.0077450012310702945,-0.037226727677397334,2.5429976976016126,0.05260026057642618
5.920566082000732,0.6286474971728561,1.164499861201877,-2.233591498989863,-0.03862267046145655,0.006320911062245764,-0.04278750121565797,2.5961873173561014,0.057986505762211794
5.922548055648804,0.20843772406266398,1.319716471109314,-2.2916423105480166,-0.038697011359531484,-0.003777561856144394,-0.03833788449494135,2.6526821008977866,0.05460331536897892
5.924528121948242,0.27843551121602206,1.0331783163848711,-2.3529073037101575,-0.037916278152929826,0.005188386281809174,-0.041590375045551534,2.5847933277549693,0.05651834036495804
5.926526069641113,-0.21399003616854154,1.3393618210936238,-1.8991831624193294,-0.04096083330752272,-0.011341953821689801,-0.027941679339577273,2.3337905878205367,0.05086420377884397
5.928519010543823,-0.21090409024169152,1.052921664999968,-2.3090377704687817,-0.03318015752894585,-0.005487784332318829,-0.04109252217802074,2.5465231185595827,0.05310022607743617
5.930524110794067,0.014264130904927778,1.1842548549751377,-2.2644094346403727,-0.033736956921197755,-0.011157886431180479,-0.03295340835341088,2.5554281665996776,0.04846243714487051
5.932516098022461,0.3798546198338733,1.0501010966187323,-2.193771666029883,-0.033538462980537635,-0.0017519355817020642,-0.031879448038641456,2.4616327849629664,0.04630547467230811
5.934519052505493,-0.200302507949066,0.6686087217091325,-2.2501643089798997,-0.02466673431955292,-0.01100570713988479,-0.02968092213538106,2.355928295777101,0.04013141550514851
5.936521053314209,0.4000907793689394,1.1732891982569773,-2.352545841920618,-0.03410842584700668,0.0043284755454834865,-0.029340357819321726,2.659163799546868,0.04519930321669169
5.938517093658447,0.738444687345217,1.2482675247655377,-2.4022807092856278,-0.03704153740272404,0.01008559580829928,-0.03085555370395853,2.8061405837659876,0.049253019504835
5.940521001815796,0.623112530310674,1.2091594290064118,-2.2731484863976497,-0.03566053952604325,0.01083857928403329,-0.033839801539390355,2.6490639462642664,0.050341643282774295
5.942529201507568,-0.32449338784468784,1.393488641068569,-2.5150563448982566,-0.04683522570392337,-0.01427932832540085,-0.031481512124380606,2.8935471258569523,0.05821102292349416
5.944524049758911,0.17151981189348392,1.176233528998097,-2.3506576218710795,-0.042168318825216336,-0.0010186923039309627,-0.04273343161768035,2.634110023494063,0.060044575311831
5.946526050567627,-0.298214424527045,1.223910937764127,-2.4012508824588092,-0.031233722923340174,-0.021541400177767917,-0.027579096744481876,2.711622323828278,0.04690611843365656
5.948527097702026,0.3326811924511997,1.3360744782929301,-2.0770491734992085,-0.04660161209685464,0.004909184886532125,-0.042279344410710636,2.4919681090435772,0.06311381235573836
5.950520992279053,0.3357037558715885,1.3613548631538865,-2.3328288154210552,-0.04009536303459242,0.001721235573248733,-0.030784190321284044,2.721777793501489,0.050579315559934335
5.952516078948975,0.4678214553378309,1.3292974649652707,-2.6589210020634515,-0.034742762404890236,0.013405217756628647,-0.034802206005002785,3.0092772487179724,0.05097011816191854
5.95451021194458,0.3580347226489526,1.220323717223651,-2.240367885911481,-0.03754887107928783,-0.006374610080657104,-0.04552420103316226,2.5761651930076885,0.05935491767930577
5.956521987915039,-0.02730431517379192,1.427790144453519,-2.155797174996474,-0.04302248063076035,-0.005488346120655556,-0.03578997078530022,2.5858831531893487,0.05623146620511427
5.958531141281128,0.694350996846866,1.2795628008248647,-2.3734559009476226,-0.038955888532201825,0.006657351304324461,-0.038216169400123706,2.784366567429673,0.054975969125987
5.960520029067993,0.06933888871336892,0.9287634686562432,-2.012787332083611,-0.02946055556128327,0.0017856739951567255,-0.037415636717312954,2.2178192681989763,0.04765545967209187
5.962522029876709,0.5378045733156303,1.5378803241817907,-2.3815533502874207,-0.0494140910931774,-0.005717455360808562,-0.03907294012689898,2.8854992654391602,0.06325453615771683
5.964522123336792,0.16288481002825583,1.1644472499956982,-2.5268666376525193,-0.03620652848966548,-0.009138624917900554,-0.037426044503740666,2.7870277831126535,0.05286904555464386
5.966524124145508,0.055858254294167145,1.0841203299124722,-2.3584927534198914,-0.03332970579149184,-0.006866738750335886,-0.031494778727353887,2.5963291590698705,0.046367472179295606
5.968600034713745,-0.03370703636781962,1.472440910019976,-2.0188849535750917,-0.04461951822678608,-0.007180370188180537,-0.03214053932962661,2.499022779722717,0.055456950792746276
5.970539093017578,0.2187976444424408,1.335827252975506,-2.415909952825209,-0.045899135329031455,-0.0006388145464409911,-0.04137579653016084,2.769282896196333,0.061798828843941354
5.972544193267822,-0.17966092033240028,1.547242229388303,-2.3216888040203867,-0.045635124157791036,-0.0069054076889866894,-0.038732537364697846,2.7957960343005683,0.060253287569690624
5.974520206451416,0.5088592853857307,1.2491222336353263,-2.520783330643774,-0.03822007410346938,-0.000365440587418682,-0.02967642051396236,2.8589495845392063,0.048390056270055624
5.976522207260132,0.6376443741208562,1.536428145808002,-2.405297466908929,-0.043003900624607315,-0.0008938179878923309,-0.03711698625175117,2.924492725140123,0.05681377516007246
5.978520154953003,-0.2726294813709021,0.8071707207721263,-2.3283128723751494,-0.031981989177067634,-0.010057793374504628,-0.03415027357438365,2.4792926891055402,0.0478565358597083
5.980522155761719,0.37611581394446447,1.5599706539697167,-2.3289881327781026,-0.05049816149457865,-0.00460114266516211,-0.03420208930011771,2.8282781456863546,0.06116385975926427
5.982528209686279,0.024935158730708416,0.8174098839679349,-2.4183203398002746,-0.025048764315804332,-0.005740370166394478,-0.039370471679282176,2.552852119971134,0.0470151729088079
5.9845290184021,0.18534518990710072,1.1307736534548232,-2.479006435773659,-0.034300547253412146,-0.0024371629070250866,-0.038343620618666176,2.731020835397725,0.05150437405761903
5.9865241050720215,-0.20037821550879265,1.1831673837300767,-2.4635644703299753,-0.03704196031378198,-0.016360048757876288,-0.042423970207416256,2.7402894713233077,0.05864768765610142
5.988527059555054,-0.6236859446260429,1.2185638287793685,-2.1220504088957295,-0.03973340600151562,-0.019387956594482295,-0.04106707847087111,2.5252682828222524,0.06034187060013546
5.990527153015137,-0.02527303769208294,1.255975919401899,-2.232650039659493,-0.03549126486041666,-0.00734042991471931,-0.04317092824073003,2.56180413695957,0.05636701906160565
5.992528200149536,0.46646225891301085,1.278156559989287,-2.4680104033113044,-0.041801891863055635,0.00884462067731779,-0.030446700681728063,2.8182169153006487,0.052465484469877664
5.994526147842407,0.5041864142365159,1.2509646209466596,-2.0108165246536998,-0.03892752055737632,0.011758441807890959,-0.03506428214322405,2.4212599032283335,0.05369466167799305
5.996533155441284,0.1837016507974424,1.8056489291328832,-2.086213305879583,-0.05198682379050564,-0.003623984512313292,-0.04796895795140888,2.765212525180199,0.07082925976257695
5.998531103134155,0.5245115618118789,1.2855384089759487,-2.475892039166188,-0.03336879672813187,0.010934097951596354,-0.032947443413526026,2.8386198704710806,0.04815148098019403
6.000523090362549,-0.07077020326170078,0.8910650149129073,-2.4080873340356197,-0.029514389968848982,-0.007867091501865035,-0.03281141774185697,2.5686358034595367,0.04482833343057331
6.002531051635742,0.3873579146753176,1.064626483666451,-2.1743879672200594,-0.0376919661732826,0.00740194399101157,-0.04186295124070513,2.4518235531491626,0.05681531286049217
6.004532098770142,0.33278759681625064,0.9128161610210037,-2.431672330394345,-0.02675868222071415,0.0005374567337676618,-0.03850066551631367,2.6185895537142363,0.046889414361121
6.006576061248779,0.16709449619455824,1.1381286070182033,-2.5646625612095315,-0.03469608114239613,-0.0025324337761668905,-0.04145340659258538,2.8108275204362045,0.05411669045313662
6.00857400894165,0.2046811062718335,1.3722085618958513,-2.1391778631496523,-0.04242085063156309,0.004585386040737363,-0.039480805400833534,2.5496926526141253,0.05813164653221567
6.010531187057495,0.3053017894267234,1.06913890869433,-2.5123547200693954,-0.03534850984681333,0.0009608023701082914,-0.037583057811435124,2.7473975737352307,0.05160355146733933
6.012522220611572,0.47173106190514486,1.0468643048095512,-2.339895103390504,-0.03266751598072403,0.007494019148159335,-0.03564435266060516,2.6064466544169664,0.048926953716100376
6.014531135559082,-0.07651119529393272,1.0375581133252083,-2.1685493213165015,-0.03215357909471032,-0.010309484098473994,-0.037243938275163,2.4051999834763285,0.05027175200070744
6.016522169113159,0.16736673305048552,1.1404662140739659,-2.3792580870534334,-0.03511760589534837,-0.002227476960536749,-0.03669548153536219,2.6437745466634177,0.05084059659900576
6.01859712600708,0.2003546385205247,1.14193982709621,-2.096500066950822,-0.03985788000913676,0.001018505828634569,-0.038142032465627716,2.3957214113101744,0.05517701145907329
6.020606994628906,0.02877355141084207,1.0757163078507035,-2.2185597474030776,-0.02526448807113029,-0.0016818566344904099,-0.037039192922727185,2.465765772540845,0.04486674505245804
6.022550106048584,0.4375278784146379,1.2925863623506966,-2.3044165475640925,-0.04422611455720325,0.012402212569432965,-0.03734977932083815,2.6781608938247587,0.05920109881378533
6.024569988250732,-0.2686156354846033,0.9560878063959888,-2.3545196973224485,-0.030215035097341136,-0.007888207129627026,-0.034768433055709196,2.555390627329858,0.04673345798036763
6.026527166366577,-0.06693123615251523,1.0024156588697832,-2.173671212512179,-0.02888728370196221,-0.010633988360403527,-0.03291956723918874,2.39461134291651,0.04506944392093514
6.028517007827759,0.10292509234551206,1.1870822633002571,-2.1111938741607625,-0.03281294374355229,-0.012209355842320769,-0.02837236119640624,2.424231310904618,0.045063827257139165
6.030526161193848,-0.08087153167259155,0.973054615658763,-2.213915175691854,-0.029315326903215262,-0.007242816209554787,-0.03636246011281569,2.4196685506177467,0.047266005580584844
6.032525062561035,-0.24628824127654053,0.82079100846695,-2.045396489995676,-0.02582509795451957,-0.011276188884808361,-0.030700890366448588,2.2176570020311788,0.041672926336161015
6.034529209136963,0.4796393603054984,1.6338411197836074,-2.4189734442747555,-0.05666586485824718,-0.0025301860113005115,-0.034075670612138176,2.958195944280313,0.06617078969645028
6.036530017852783,-0.07358716022306425,1.294607215347729,-1.9361361171884317,-0.04397127704815962,-0.014571079486378551,-0.034081880501851874,2.3302459047194124,0.057509687368189386
6.038544178009033,0.40270036213666094,1.502125083934537,-2.183273844221141,-0.05133559845690572,0.0012447095535544639,-0.028915298642658547,2.680528311417452,0.05893205805328286
6.040528059005737,0.4419454426836471,1.1670231981878474,-1.9206082273384706,-0.040113600664489886,0.007595591471225797,-0.043426805363967355,2.290413692400929,0.059604373935037896
6.042529106140137,0.05216382396959429,0.8931988511182206,-2.1841963568250065,-0.0285129215110494,-0.0010817134319877609,-0.03563994130994683,2.360347215419306,0.045654815886395396
6.044526100158691,0.030924682158899888,1.0190390407354093,-2.0246982395382647,-0.03388133069768411,-0.008222754776645665,-0.040443025393650196,2.266892115584445,0.05339659697915323
6.046527147293091,-0.3244504467394381,1.0531707959905356,-1.9864371913646184,-0.03311252390231979,-0.013531448356378081,-0.03743678384040284,2.2716446758138282,0.05177887714228722
6.048530101776123,0.07684640678828614,0.8515236865627835,-1.9996664107678757,-0.02726329027867831,0.001764638530706541,-0.03595254081652333,2.174779003339655,0.04515513411703375
6.050532102584839,0.05315306420709208,1.0205475197610283,-1.9499627742178982,-0.03198885960207828,-0.003900814479042807,-0.03548959170146347,2.201521589528604,0.04793761165700655
6.052527189254761,0.21958012358600398,1.0772049847680385,-2.2175742069609448,-0.03212681462895027,0.009373642269263238,-0.04020703262650285,2.475120476514551,0.05231254973927113
6.054530143737793,0.22735001646628902,1.0360619473841388,-2.170222374177254,-0.032650504663394926,-0.0006059710584899194,-0.03865861884147806,2.4155698172862223,0.05060544897961862
6.056518077850342,0.007699556495608398,1.4864384209268797,-2.09592621744199,-0.04205933505949044,-0.009366460365466154,-0.04242824328044081,2.569526254261379,0.06047209334303386
6.058521032333374,0.14051130228825193,1.2816540111350028,-1.7465670108984566,-0.03772907155012836,0.0055827084827798764,-0.027906723313097043,2.170916109362117,0.04725922851795363
6.060526132583618,0.114015052266453,0.9776572958696432,-2.2592451219730982,-0.033127390511949725,0.008009309967065965,-0.0372175079837181,2.4643461082952016,0.05046499726342883
6.062575101852417,0.3056814391999491,1.199542494264873,-2.45326288191398,-0.03867269060208274,-0.0018720778420033169,-0.03597900886420624,2.7478795653367767,0.05285424063120735
6.064527988433838,-0.10006944603748844,0.7028109310122658,-2.2563380779193336,-0.020170931755907704,-0.011384746210148785,-0.03158686603938503,2.365379170587517,0.03916898058873933
6.066529989242554,0.17958975051114404,1.0085489645835182,-2.0955696546446467,-0.03834032099236698,0.0006503469175853814,-0.03600200234642291,2.3325598963196263,0.05259797845794826
6.068566083908081,-0.04340160380753032,0.9923321783273678,-2.170176707885194,-0.03427393985588716,-0.017026509486082197,-0.03131155047139114,2.386686781880778,0.04944712500689087
6.070556163787842,0.4744174152182213,1.0518472483512582,-2.0480226428898805,-0.038292237332040464,0.004243328069687068,-0.0344953915166791,2.350712926649297,0.05171298975005491
6.072558164596558,0.6185263240312704,1.3912967818757622,-2.0631189218392016,-0.039796529546170904,0.010717922987539612,-0.02897945008660218,2.56412582265934,0.050382994793957525
6.074523210525513,0.35380518168737013,0.7353571308392455,-2.107474584472379,-0.01652970816005759,-0.002050665238065458,-0.03293361497901609,2.2599507385476314,0.036906089949510466
6.0765321254730225,0.08259790819022586,0.9420667853485217,-1.96861553016285,-0.03694852302682745,-0.005845874087338398,-0.04586104669128165,2.1839778726197427,0.059182794808364095
6.078529119491577,0.307933962795467,1.5331434820636842,-1.8981983581220538,-0.050051004603798306,-0.00022556578645756932,-0.03811525030083116,2.4593717223743425,0.06291205168541612
6.080525159835815,0.3334540908655526,1.40468119250185,-2.056687823791586,-0.04112685216368224,0.0022039598781726103,-0.036222402938364005,2.51282424530964,0.0548483170449848
6.082521200180054,0.4588667413226936,0.7363113092953995,-1.9621779519837694,-0.02726326098543371,0.0077751052929482785,-0.02854492429721979,2.145426611594914,0.04023121132914485
6.084518194198608,0.5509917768970255,1.1574674448190214,-2.162583788450692,-0.034363773702733705,0.008319434284831449,-0.036745983085848435,2.513979209558775,0.05099361923670236
6.086542129516602,0.33733732950750284,1.1813912166388896,-2.0012945131656026,-0.03729959161412748,-0.0003134078193908371,-0.03133351118884587,2.348331622462534,0.04871495337638612
6.088525056838989,-0.5338054083316109,1.1741209232609515,-2.0204292762606135,-0.036323152592597746,-0.01817246068807815,-0.03119993055437344,2.397007012249696,0.05121567541605413
6.090533018112183,-0.056488270893116636,1.1931177206616135,-2.2038670592640086,-0.03490140631508001,-0.005227720340004896,-0.03968398428486379,2.506741078574779,0.0531060809271869
6.092532157897949,0.3262681868306756,0.8046677437463444,-2.0512881945925443,-0.017107569454481737,-0.0013932497543574726,-0.029348423024662243,2.227492842825393,0.03399911780550281
6.094532012939453,0.06292115254494023,1.3326306912446828,-2.0494936207664503,-0.03771795531771774,-0.011222800782354884,-0.04192659131150611,2.445462682652761,0.05750160406242453
6.096525192260742,-0.30245504603766166,1.0647348011449522,-2.1444038439022264,-0.030445617529271662,-0.013385995815352464,-0.04057363034809034,2.4132150955489795,0.05246274859679776
6.098518133163452,0.16513654684186196,1.0204029346193098,-2.301294950519824,-0.02712280969460487,-0.0011191324168813876,-0.030586912336852262,2.5227862924494007,0.040895702334090706
6.1005260944366455,-0.2698898233228927,1.0275676462782308,-2.29988280230967,-0.02988643161781792,-0.016101711697180006,-0.032051151696622066,2.5334160117854365,0.046687688307577295
6.102537155151367,0.21417321645606957,1.0849075431489492,-2.2077494158796873,-0.024693486704551626,0.0015212362454123639,-0.03360648032844318,2.4692209352639405,0.04173101922321408
6.104530096054077,0.7541954659285401,1.141181021952276,-2.095110592106978,-0.04188356318870706,0.014822284976292087,-0.03154405802228058,2.5021177667827827,0.054488169301361515
6.10657000541687,0.1780360161021952,1.1057450136095637,-2.6521108155479873,-0.0401897567614556,0.005246522076997915,-0.028845073559255203,2.87889920561637,0.049747168875105205
6.108561038970947,-0.2530399537007693,0.8516656200036506,-2.4404318654141277,-0.030977506685590503,-0.011903483979643713,-0.04136216191005658,2.5971274971001654,0.053029494521286684
6.110544204711914,-0.3158351176074046,1.201589829883462,-2.229795390907615,-0.03997531367368456,-0.009668680691345296,-0.038099706950501716,2.552558995617201,0.05606332811504124
6.112529039382935,0.03653911990160394,1.001783230759693,-1.9978308377315332,-0.028343954386628525,-0.0010695987275385812,-0.04314429698127255,2.2352254483397402,0.0516328786115734
6.114530086517334,0.44741018138519373,1.2877830506252523,-2.074982741605742,-0.03983113090587619,-0.0007403761998660114,-0.04165488936242456,2.4827634671564054,0.05763850235696799
6.116531133651733,0.5181362111952944,0.9763905972036497,-2.024945159307519,-0.03130077726319535,0.01199574375070084,-0.030294735224644875,2.306990817030373,0.045181937848480826
6.118579149246216,-0.14073656459939582,1.2035405737732057,-2.2079468836979776,-0.036676152093607306,-0.011370553901212214,-0.03631403496004062,2.5186000346552024,0.052850153864419734
6.120573997497559,0.18556222065323755,1.16523337559765,-2.423850877560676,-0.032053440801395106,-0.0013790782915477885,-0.027526429010213665,2.695784715809501,0.042273268364264094
6.122557163238525,0.3300598055274543,1.3368568641097542,-2.1841658267445974,-0.042923096162536784,0.0012978624600480456,-0.040234415821156284,2.581996535447152,0.05884628151050237
6.124549150466919,0.22535573930360267,1.6278545828716044,-2.2091477346932686,-0.05236030798712476,-0.0017479986143161307,-0.039221653399612116,2.7533669326687207,0.06544459830315652
6.126545190811157,0.504388266137445,0.9015879435743411,-2.3167916945646483,-0.028603039903891223,0.007139932642910073,-0.03298449439243375,2.536689200319874,0.04423900315573781
6.128521203994751,-0.011456000456667125,0.8325883642116948,-2.396093612457119,-0.028633839272253027,-0.004313857903209071,-0.04190966977238619,2.536651182923063,0.05094042149323816
6.130540132522583,-0.06679661960677948,1.1025797491059002,-2.5270651594564066,-0.03277340622348421,-0.007988336847828398,-0.0447945592897689,2.757934410327366,0.05607550466155884
6.132538080215454,-0.07798587384913538,0.8635645055882128,-2.576974252545514,-0.026177871834272996,-0.014562521277356176,-0.03332741081775312,2.718937614237285,0.04481143059020056
6.134541988372803,0.19454150641024162,1.551754054736123,-2.2503551184183874,-0.04521472149456624,-0.0017677893416302474,-0.0334078386753927,2.740416976136697,0.05624570920477967
6.136534214019775,0.5124525072443138,1.202048613798963,-2.2869829193077704,-0.04103727491368146,0.009622297815901765,-0.031495669759244456,2.6339740536539997,0.05261771337850366
6.138541221618652,0.4165851474041754,0.936810461963272,-2.4573540508746134,-0.021572117644860216,-0.0029764541136027287,-0.03265563433831712,2.662657686979584,0.039250554044649465
6.140529155731201,0.5498551291808855,1.0712318568789594,-2.3965240062314055,-0.03691717431929123,0.009619943644382302,-0.035274654203674684,2.6820152249236577,0.051958852033420176
6.142547130584717,0.1981692682040306,1.3303596055579967,-2.0246817530081684,-0.04873534991609266,-0.008358402821743348,-0.04201566782834613,2.430733210355505,0.06488692913242573
6.144536018371582,0.1380480165035786,1.23030914783492,-2.203048771723996,-0.04190812400871477,-0.000628092852453439,-0.04214152053172962,2.527081665617767,0.05943562156894893
6.146545171737671,0.4479039632321248,1.122336652343389,-1.8236825300368316,-0.04053082224981234,0.0005258714589937719,-0.0446030710224897,2.1877101023293624,0.06026987670200203
6.1485350131988525,0.009280292042414415,1.2277272898987113,-2.2725552545216394,-0.03756443901121001,-0.012436195958291582,-0.03996104966721786,2.5830036405387315,0.05623727890506258
6.150545120239258,0.3138001734565308,1.042388578954605,-2.26247769240924,-0.036579466802084404,0.003030963211579669,-0.0458097745044747,2.5107468623988733,0.05870076293938235
6.1525280475616455,0.14902603750894078,1.3343997100365637,-1.9626753219741984,-0.04140012485518305,0.0004157859170308429,-0.03801243424387962,2.3780087816254603,0.056205768147929616
6.154538154602051,-0.020039340374826086,0.9833015971576703,-2.153495226490687,-0.03977824323135807,-0.008861257033054522,-0.03627338398664708,2.3674512237116225,0.05455812402036646
6.156522989273071,-0.000244749308451659,1.153336629013195,-2.136784226993912,-0.04478841491896003,-0.0031296270849714806,-0.030665636037384456,2.4281746791480456,0.05437074498497552
6.15854811668396,0.23876177977175211,1.050785118418334,-2.2645614992193184,-0.031203103993396944,0.0015865224778377023,-0.037466380279487316,2.507866690299876,0.04878401791204354
6.160535097122192,-0.00743201488421541,1.3787111420545297,-2.2471981181509357,-0.04317695110741794,-0.006258536288876855,-0.032984702113621846,2.6364368056700416,0.054693774389192755
6.1625401973724365,-0.2927533241518843,1.1014827382162546,-2.4385558712604753,-0.033512186520995156,-0.01031968902249607,-0.029863297308039008,2.6917510042069814,0.046058431942993076
6.164530038833618,0.38678910349112017,1.4115265661621015,-2.223842790669383,-0.04510869829534236,0.004741009574339479,-0.03846106858190612,2.66223398956084,0.059468694538776345
6.166549205780029,0.023046166856254324,0.7478200733794739,-2.464256958290554,-0.024730732508132517,-0.01304012889545686,-0.03352709463980499,2.5753307252544206,0.043654554939723894
6.168562173843384,-0.15529867692406793,1.248400049380428,-2.1814923642292268,-0.035650665088069376,-0.01472401380349401,-0.03738753766669535,2.5182393249129125,0.05371772962891986
6.170577049255371,-0.385338041434947,1.5029351304244156,-2.3971869406231052,-0.045442438099995236,-0.020548371321349002,-0.03901384793308818,2.8554867607353285,0.06331927885705953
6.172552108764648,0.06174877658099042,1.0575798409481443,-2.5338559541036134,-0.036015010080510626,-0.004034914070766688,-0.027055994591493854,2.746400194351778,0.04522596959704344
6.174553155899048,0.3448422447422623,1.1170293970277558,-2.2459367513884154,-0.03677691255388197,0.00026979487118429155,-0.035697456244560145,2.531976054156165,0.05125351176846992
6.176542043685913,0.2507636675234115,1.3637130070558483,-2.0982028687552186,-0.04055283072173284,0.006150839778318387,-0.0419336696435298,2.5149653796853197,0.05865831193698601
6.178539991378784,0.020006263932281585,0.9820382714346028,-1.9577471287219987,-0.024663206526148618,-0.001283317261013047,-0.042647901822129936,2.1903363296941456,0.04928249373939906
6.1805360317230225,-0.36486216389193366,0.651130491727731,-1.8544923798302648,-0.023865992888618574,-0.00501181210558419,-0.03618237244541333,1.9990591043653563,0.04363333534030923
6.182537078857422,-0.7518968247180569,1.1756689288425648,-2.234312980620422,-0.03071839367184319,-0.025626989967809058,-0.03669111416392748,2.6343311789970207,0.054282595582551885
6.184537172317505,-0.2789847182750585,0.8191442932854228,-2.0494098173794746,-0.023808998507147877,-0.022054120616195244,-0.04164341952092516,2.2246146735613475,0.05279608920614128
6.186539173126221,0.1828806439030356,1.326300530518787,-2.241779116897947,-0.04151171995097438,-0.001144185904602432,-0.03374079451722722,2.611147647324552,0.05350675909944617
6.188536167144775,-0.1776847751281198,1.075987087226539,-2.269793648375262,-0.03112584127042307,-0.020006840686227625,-0.03136493539077808,2.5181904807609894,0.048506193842676924
6.190546035766602,0.21111079665317634,0.9810726353384405,-2.095821550613205,-0.02906455362790621,-0.0015938167006357333,-0.02879541647093068,2.323690869347339,0.04094465214162903
6.192536115646362,-0.01808038317665608,0.9253256396061209,-2.1301066072740005,-0.027332974662256423,-0.0007526114500408073,-0.036259834789373044,2.322478976852244,0.04541402368030069
6.194542169570923,0.3819033855276906,1.3450039246478116,-2.2373233861036974,-0.04127671845621627,0.0039846305281367725,-0.03772753226519367,2.6382762719628214,0.056062567349174565
6.196536064147949,-0.18188678976622996,0.5406984575579219,-2.2837203949506124,-0.016276483521474372,-0.0023636637597980563,-0.027474904466835422,2.3538938949345956,0.03202157394095335
6.198549032211304,0.08483726458800399,1.0333421266629406,-2.1305431204974226,-0.029741749333776064,0.0005732955196753795,-0.03655891982958759,2.3694318518366293,0.0471323131226578
6.2005391120910645,0.5945364674504445,1.0206992652376807,-2.3673065214129,-0.038134571431296185,0.008730235435964013,-0.035128190698111295,2.6456456239468733,0.05257805940445944
6.202543020248413,-0.12572170331514188,0.9531325276110483,-2.266672888225775,-0.03497294548858492,-0.0035725032769068207,-0.03991194495241645,2.462127848851977,0.05318677510148329
6.204524040222168,0.5428815530346487,0.9556441156615435,-2.3043661954927783,-0.03323777712528055,0.0021912018696166003,-0.040776705929542564,2.5530529997149896,0.05265254922914584
6.206567049026489,0.2854542717711277,1.0214215269797438,-2.287471064433152,-0.03820485654661487,-0.006986611768165198,-0.03845704671850058,2.521370648609394,0.05465682253896051
6.208583116531372,0.659070122332176,1.3111864918999736,-1.9236882990464237,-0.046779965558518787,0.014032759833706521,-0.03277119614672862,2.419537169497512,0.05881526012094184
6.2105560302734375,0.014972796724975018,0.9220390614650098,-2.217003019739554,-0.03288150379254227,-0.00422055133599544,-0.0434803356660249,2.4011419377128345,0.05467674034604606
6.212532997131348,-0.03255847491677812,1.5444295677617674,-2.174495100700794,-0.04858864931794983,-0.01033560302712525,-0.03709154000897315,2.667349187308903,0.06199567624209194
6.214552164077759,-0.006587961423784153,1.1631514853330813,-2.038174492872123,-0.04417758957063691,-0.007723564586902237,-0.031075473044107793,2.3467253871006744,0.054561872173842854
6.21653413772583,0.3173012169669506,1.0064255225064467,-2.303949237686601,-0.03326673379861612,0.012576455474629933,-0.03891310313484548,2.534118088108317,0.05271690815588921
6.218571186065674,0.1298378348679013,1.2187740145690755,-2.2408290140988676,-0.03776740602289838,0.0022670709356131633,-0.028592675092520614,2.5541305041793203,0.04742423048687255
6.220571041107178,0.16413000284359627,1.0354340686748285,-1.8323835210680437,-0.036888792058584696,0.007874138844311615,-0.03347874978832489,2.1110878088529788,0.05043423172281166
6.222560167312622,-0.10635957674377798,0.6427185991659237,-2.2420890628579238,-0.027991307216970632,-0.008705025360813173,-0.037872007806644174,2.3348153937872786,0.04789133242616821
6.22460412979126,0.16860986772970363,1.12818460188675,-2.2168820393525146,-0.034880570784154685,-0.0074347399268215285,-0.03419228073889829,2.493149766827889,0.0494068986897127
6.226556062698364,0.08398982967189539,0.896428314352727,-2.2934017700828426,-0.032632773449981445,-0.001639157766014992,-0.03808819326391244,2.463803907229774,0.05018261857783874
6.228530168533325,-0.38578049120232344,1.3140998292620216,-2.3097774010709258,-0.04092974516437277,-0.014489861359270106,-0.04249858817318029,2.6852851973592564,0.06075631751632866
6.230540037155151,0.4581380756048212,0.9328095396882425,-2.1632234558387746,-0.030927157307515,0.00041388693037035256,-0.0464910576025821,2.399908301069716,0.05583976001489903
6.232560157775879,-0.031314606992267804,1.0263854812050137,-2.363936347939366,-0.03269232910546541,-0.0008593318159641949,-0.03476391412845843,2.577332500425282,0.04772899076076113
6.234536170959473,0.009630328967998654,1.2969449926456182,-2.4687812030510115,-0.03628020291899237,-0.007427696576350325,-0.03800303310169229,2.788734423662923,0.0530627395184409
6.236525058746338,0.5031499125559632,1.3958125138660598,-2.388126198768477,-0.05326462089157784,0.013636711593903231,-0.0405536749708824,2.811511897469854,0.06832042370669827
6.238531112670898,0.5919327905295079,1.163879212309277,-1.95386058644426,-0.03638969361416005,0.0027061719679023475,-0.027086071567595266,2.350014987316043,0.04544434443379279
6.240522146224976,0.7440250294965832,1.0781372835326006,-2.106374979474987,-0.03384662756442917,0.007486384304667218,-0.04256882001323579,2.4804775348345123,0.05489758268595811
6.242534160614014,0.07147855974363584,1.2546754682535644,-2.2635276791384644,-0.03710956762823445,-0.004300000549324639,-0.03474214067766567,2.5889915545181466,0.05101594214699372
6.244534015655518,-0.012944645981605368,1.0718962391962448,-2.1255873113667483,-0.0326397996287736,-0.005910995884846273,-0.04148279122043775,2.380598775456705,0.05311420111039595
6.246528148651123,0.7764529539501958,1.2972241436156462,-2.0259119998882165,-0.03863068882463214,0.011917315029017052,-0.03466058618189772,2.5278427759195,0.053251373231487216
6.248532056808472,-0.18051323662157942,1.7633234863665728,-2.2814064906805807,-0.06186704642968889,-0.015233136111831507,-0.03169592350320621,2.8890673792570234,0.0711632730870072
6.250533103942871,0.2839250614123454,1.5035110490032892,-2.2065106266511414,-0.035556761979277575,-0.005922718520916918,-0.032559279965932705,2.685116023656592,0.04857436184891159
6.2525341510772705,0.1018514956110691,0.9329179237158327,-2.1125507503936327,-0.030117185405446226,-0.0011888184969914986,-0.03531832291964575,2.311618535255584,0.046431046510079725
6.25453519821167,0.47357246791631885,0.7225221252128434,-2.2409135009378147,-0.02783550841198068,0.011746515373096586,-0.031046042120837815,2.4016665926967904,0.04332035183759104
6.256525993347168,-0.022693956725077916,1.2592884700811577,-1.8213758262760436,-0.03462533522775949,-0.010973271277906054,-0.03541015668567818,2.2144372574299602,0.05072677516536528
6.2585320472717285,0.14622023724538927,1.1237028415548163,-1.8782731342778864,-0.0420779665031137,-0.0012450112404231105,-0.03831372313178883,2.1936267688119924,0.056921408083824745
6.260531187057495,-0.0032281968796160736,1.0268703273664521,-2.1453657830406576,-0.03442837191947265,-0.004481907922179565,-0.038890078625943084,2.3784590460048776,0.05213289275668926
6.262584209442139,-0.21072819464038495,1.131546156633374,-2.1752227766260024,-0.03018414141075838,-0.008953812323279657,-0.0343006180327378,2.4609748484209852,0.046559483945303244
6.264538049697876,0.4677217127606537,0.8040371527276133,-2.3136198892471462,-0.026825352123453647,0.006617281979624664,-0.034044280470750164,2.4936070932434533,0.043845193238441146
6.266533136367798,0.007511477716491317,0.7914650907441387,-1.9949640655818164,-0.027127686295307873,-0.0042248779756569824,-0.04335913935083817,2.146242072816308,0.0513203266054614
6.268583059310913,0.6391363581465563,1.1512826372757439,-2.302477257979658,-0.041543875061066625,0.01298367098491758,-0.03486716650210357,2.652423140962045,0.05576906460771525
6.270581007003784,0.15687954430820295,1.3682741455407386,-2.0990992953539087,-0.03612460831043157,0.003050225483578018,-0.03192445504859135,2.510578256205702,0.04830592128541076
6.272572994232178,0.447429661662221,1.2829687153171738,-2.0570364700987054,-0.042250567511415926,0.005558028702124828,-0.028865651503447328,2.465279105077945,0.05147065158717956
6.274540185928345,0.33574963343676606,1.3470635326971598,-2.3505537349966987,-0.04625724448455262,0.0010173839307702117,-0.03238548107003479,2.7299104085266985,0.056476429787158514
6.276537179946899,-0.09729384727746106,1.2464469059221548,-2.089165814481594,-0.04257784989502802,-0.0032877146610073896,-0.028725130978082984,2.434688847142383,0.05146664472339112
6.278557062149048,0.14614867493572054,0.937673628498391,-2.0040815592692787,-0.026455122014980813,-0.006121115587022341,-0.04472602235765396,2.217416100999086,0.052323595182236594
6.2805399894714355,0.5252776553519255,1.1041072731913184,-2.1627546023159034,-0.03282022366813373,0.011547311364803907,-0.0423002156706921,2.4844470120661875,0.054770573551580784
6.28252911567688,0.5698952448207482,1.218318015235355,-2.229306024535096,-0.03059056775859236,0.00814869206731309,-0.03737370404020878,2.603629145509166,0.04897936067249184
6.284536123275757,-0.07483750771493179,1.1323918897782541,-2.006205808095909,-0.02834133079866787,-0.004841984320828889,-0.042339064984935997,2.3049455067385667,0.051178826358185533
6.286539077758789,0.007154435219635113,1.1884347415500844,-2.218429889417068,-0.0381651409718547,-0.006698446883285232,-0.038478929200643296,2.516716014000299,0.05460838002063287
6.288539171218872,-0.21219752776825263,1.360207415859226,-2.409366460967186,-0.04067092500007942,-0.006301353106674341,-0.03448131824405269,2.77493040420529,0.05369164273129218
6.290523052215576,0.15577883014386512,0.879051652434696,-2.3877947614371045,-0.03005137441395851,0.0034363517240522906,-0.04010990936815178,2.5492278584535435,0.050236425498443524
6.292534112930298,0.3792259364580871,1.2676135876355068,-2.4872394201937054,-0.045004897228300034,-0.001906426515537232,-0.04100208389241105,2.8172711001616784,0.06091178966431133
6.29453706741333,0.4509016309215861,1.3408699586438426,-2.2491752612408367,-0.046109187488913385,0.008943731844868866,-0.035578582513776026,2.6570724270405335,0.05892268700500901
6.296534061431885,0.19121238822384046,1.041544440392761,-2.0089750256215275,-0.03824663923812777,-0.003919022725909741,-0.03649439250634973,2.2709816494842823,0.05300947874244008
6.298530101776123,-0.03244350992268208,0.9134571135981857,-2.2470725942030585,-0.028334862614836243,0.0006742623219342204,-0.031017331964411334,2.4258589660855585,0.04201659138091663
6.300536155700684,0.11848323863883742,1.0851837048568012,-2.0763660197851666,-0.03670021029532337,0.00012135033728856068,-0.03672087178562275,2.3458384000701273,0.05191668889982742
6.302534103393555,-0.11622215321928786,1.0465527956015226,-2.2725503479727847,-0.02873823166752467,-0.007734973679806097,-0.03868146410899821,2.504648763190463,0.04880544480710454
6.304524183273315,-0.19959564618559072,1.6230083379804001,-1.73758146877337,-0.04383227800088118,-0.01748997091374432,-0.04133792153631075,2.3860393642508844,0.06273748029887986
6.306567192077637,0.04874301250371684,1.3491109961611398,-2.2090381153762273,-0.04248580048988815,-0.0020209560796554202,-0.03077098857206161,2.5888850411742492,0.05249744036088257
6.308565139770508,-0.20805738574220797,0.9761901097877763,-2.0298623449516677,-0.0340682713901951,-0.0072277417107984515,-0.03631448085342425,2.2619850012018285,0.0503152947463067
6.310614109039307,-0.07557505383026102,0.5802497051476859,-2.013122886449089,-0.022542874781382487,-0.0053603804988465445,-0.04235840054970687,2.096441047353952,0.04828197365094877
6.3125669956207275,0.4019293588354518,1.0335339527336143,-1.911618847483754,-0.03852686541174142,0.007753384151433296,-0.029368343482302658,2.209983316453353,0.049060512870827626
6.3145270347595215,0.5656101786432354,1.2675308759889004,-2.011349802900244,-0.04184834026373209,0.0013225687442379387,-0.03835595866181396,2.44378342440505,0.05678214803773381
6.316534042358398,0.16457492997295445,1.0538880689617507,-2.3345719338044657,-0.02875650983537995,-0.005598186470346722,-0.03554536388835723,2.56670821940926,0.0460624515589955
6.318542003631592,-0.21681493907005997,1.119084782750003,-2.1404577825880002,-0.03483463404683539,-0.00885292823790537,-0.03497746872408389,2.425060615289464,0.0501522620218342
6.320625066757202,0.40008381151572736,1.249101658260244,-2.4941271563525897,-0.03815250134984514,0.001008210250831696,-0.03159820702831343,2.817976628888341,0.04954872888948791
6.322576999664307,0.3006755604657044,1.4209343427133538,-2.0396129322698724,-0.0492284914217958,0.0020100364116284655,-0.03823358275040769,2.5038931911018296,0.06236418414421989
6.324580192565918,-0.05638198781744642,0.9637190775564142,-1.8541008830834957,-0.028442505202818755,-0.01343186952057012,-0.03868356902111097,2.090364435606249,0.0498578953952235
6.326560020446777,0.013572320320826451,1.4723279455202634,-2.1558033231613547,-0.04156297081818943,-0.010475871049154048,-0.03674754438210243,2.6106362740129754,0.05645889155471225
6.328562021255493,0.2899968320089205,1.4462087820860021,-2.1309298530347367,-0.042968716139767105,-0.004994022438243906,-0.04527756118349405,2.5916172638938284,0.06262035111318534
6.3305439949035645,1.0411499491066831,1.2897467521369732,-1.9212586922937043,-0.045970507220237024,0.017888851985933315,-0.04027987820763223,2.5374544062675954,0.06368490518075834
6.332571029663086,-0.20284183299229075,1.0545444723756712,-2.2103612655716693,-0.029752394495544166,-0.011407751544889691,-0.033638385877653464,2.4574185190498885,0.04633446641521121
6.334559202194214,0.38731278951137443,1.377248438800609,-2.1095292522528517,-0.04272243289496199,0.004967277957514517,-0.03719203417827882,2.548909203013766,0.05686059733321485
6.33656120300293,0.24674830678180493,0.9428653506218505,-2.1564278639984193,-0.028772032992328413,0.0003800158248205142,-0.04458050579086096,2.3664447867913037,0.05306030334541762
6.338551998138428,0.11660061558949933,1.1313135023076826,-2.176903667464283,-0.033285343255633634,-0.006252485441495486,-0.03525341019498057,2.456089477498524,0.04888568891011999
6.340550184249878,0.3322940813440153,1.1989440327214866,-1.8248880447688365,-0.03829892116982479,-0.0005577034102928612,-0.040329208787847536,2.208642688629139,0.055619811913742614
6.342550039291382,0.19301261427854652,1.0331933154017579,-2.1716720357285273,-0.04015356135952603,-0.0030427523523031182,-0.03754904744171228,2.4126544980636577,0.05505903918077964
6.3445680141448975,0.5055585719248811,1.1204298476790866,-2.3565106899372807,-0.03289209273271475,0.0052742324296888516,-0.03377099055637196,2.657836553478333,0.047436137018294945
6.346552133560181,-0.10406302307463983,1.1397260654174362,-2.184613020243072,-0.03964556034595493,-0.002579604992223695,-0.03418324073629702,2.466239782579727,0.05241105574491221
6.348559141159058,0.12330624325740733,1.1164394631717542,-2.2949933804512397,-0.03228880583373674,-0.005081711970962781,-0.035845630785596605,2.555119590326155,0.04851082379368433
6.350556135177612,0.10851000750745338,1.584775521666697,-2.489047057910048,-0.04804000164194292,-0.014260546924290343,-0.03918374305376695,2.9527348564159777,0.0636126612872107
6.3525800704956055,0.29533177703900826,1.0240757540571381,-2.462818825718238,-0.035768252554096415,0.009959866189278722,-0.037044068634229765,2.68354775938288,0.05244835408532367
6.354562997817993,0.19714239322689306,0.6949929466876661,-2.265185346838039,-0.022207289256273022,-0.0019046983565251983,-0.039408953472919235,2.3775922641787424,0.04527534854390236
6.356571197509766,0.17756324954571368,0.9890602287695176,-2.4377250082433295,-0.027426464977809678,-0.007002006735630404,-0.040332374108579726,2.6367161507332915,0.049274125874938325
6.358546018600464,-0.05900995478088201,0.9160810916588292,-2.1549739693415133,-0.03803276700586978,-0.007947313574772042,-0.043469825193672214,2.3423491519834507,0.0583033177576281
6.360546112060547,0.5210912608126275,1.1098021234270325,-2.124111006207091,-0.03159120597889926,0.002051648394621954,-0.04013393384045262,2.452558749948418,0.05111698545343048
6.362559080123901,0.11618632921210162,1.0784845157722012,-2.4609833303432422,-0.03287718124611567,-0.004150765348752311,-0.04208458233681622,2.6894361985523094,0.053565380332212774
6.364570140838623,0.008594785334747626,1.2280404095030721,-2.24622274989306,-0.03688754827121846,-0.002403176823983351,-0.03510607343178972,2.5600144061791066,0.05097943573743254
6.366553068161011,0.013882722643029144,1.265714122367499,-2.232879700962922,-0.036800726344687736,-0.0056499692222877936,-0.03510700919635602,2.566705423012306,0.05117340819627338
6.368553161621094,0.12593761190974168,1.1858473616577168,-2.2165676595002752,-0.045304851594547016,0.002694857378996963,-0.0332066435805515,2.5169955177525893,0.05623586944453554
6.370585203170776,0.20341600732873205,1.0544719360378783,-2.569074396714958,-0.03273814737721799,-0.0011978000203384496,-0.03810326519163134,2.7844985889357816,0.05025017250562382
6.372584104537964,0.014692168926845581,1.143678098695011,-2.0442898255467874,-0.030600419416743328,-0.008335257384866014,-0.03500474239946992,2.3425064234909847,0.047235518146896756
6.374565124511719,-0.26564361499383415,1.1016876711075394,-2.487977323237526,-0.033993344330575576,-0.022681692929373127,-0.03627912030098182,2.7339190580193686,0.054645962547406564
6.376557111740112,0.1448671795940396,1.1515024664721953,-2.2333533463055555,-0.033614726668436394,-0.0059449232195615325,-0.03422959468522204,2.516905162986739,0.04834208428889627
6.378551006317139,-0.35345472010908885,1.0687850798037812,-2.384378187359677,-0.03733417894311245,-0.015874491798074895,-0.03259907687526295,2.636757692002659,0.052043637654595125
6.380541086196899,0.0551739853388162,0.8311252335483376,-2.3636812068048796,-0.028577889033956257,-0.0038555190857880134,-0.03588507770988877,2.50615286243707,0.04603585093492624
6.382559061050415,0.3828555099501541,1.3771836019398156,-2.272750399275945,-0.0427181672113832,-0.0024765153711212243,-0.039038357052235254,2.6848849868029885,0.05792208783893153
6.384561061859131,0.43602792672127455,1.435533321175197,-2.2811116862482126,-0.04115948271366432,0.0007942359458636601,-0.03654897741332626,2.7302649677683863,0.05505053658188962
6.386545181274414,0.35980578729960216,1.1390503073158829,-2.4658723056617236,-0.03380626600580343,-0.0028950733120796414,-0.04382290626899685,2.739967524442609,0.055422848939753536
6.38854718208313,-0.0341874571191248,1.0354019462740782,-2.2909456035165334,-0.03310000523025765,-0.0024938447221999308,-0.036465910364317775,2.514290701339874,0.04931117750003529
6.3905580043792725,0.17586737053015344,1.3904936293128622,-2.3814105284205502,-0.04283542736053039,-0.011769061651366564,-0.03268938785186783,2.7632441025086965,0.055154154217454794
6.392560005187988,-0.08937293417257386,1.155559633312188,-2.1737582728269773,-0.03895903943116592,-0.002023698750175834,-0.03801631169505167,2.463438778656157,0.054471479371556705
6.394550085067749,-0.10160661285385866,1.0924464745133922,-2.0847135438604254,-0.03280211695252664,-0.010130438400124163,-0.03251103221275484,2.355800026192263,0.04728183450633793
6.3965442180633545,-0.19775685375352353,1.025694623082622,-2.183691942417428,-0.032959709031098926,-0.011906471481665517,-0.04084788647369077,2.4206750571701883,0.053820593753004506
6.3985631465911865,-0.04894758224353354,1.184973910397757,-2.1469221638801224,-0.03771348557980225,-0.01021584376018984,-0.04062512236148738,2.4527196765815997,0.05636551272894077
6.40055513381958,0.06537415969296644,1.327149104406916,-2.1883899504862367,-0.03519601405195128,-0.007453708881745787,-0.03697802448416812,2.5602048944318487,0.051591583383248714
6.4025561809539795,0.5058742347735458,1.0145071729408757,-2.4472220631030597,-0.030295963463132538,0.006860382554735904,-0.03206611907842548,2.6970408546209685,0.04464466646429951
6.404559135437012,0.18211057447220863,0.8203598413673273,-2.4298709498064626,-0.0275450507192266,-0.000741042953605414,-0.03874474736986542,2.5710751376372074,0.04754402604469406
6.406554222106934,0.5687332183910205,1.3218471506316911,-2.242914763800921,-0.04101362410347888,0.008967652896111995,-0.03697947940778567,2.6648459619667832,0.05594656430771646
6.408600091934204,0.5333826496206086,1.278332776140033,-2.7366178565898336,-0.039380016559683186,0.007814536695074205,-0.04218574370343028,3.067198889944459,0.05823649766092644
6.410603046417236,-0.029593858447415668,1.291203049487764,-2.1968200495947814,-0.03397002870487043,-0.010816990067349035,-0.039328966342922864,2.548352299382078,0.05308236729771581
6.412585020065308,0.07545472820986714,1.0154313992037574,-2.2133370866597293,-0.0343579982059431,4.1796477418015146e-05,-0.03565623593973526,2.4363200532117086,0.0495160675847263
6.414574146270752,-0.10557155980867126,1.2268020972914062,-2.273421313044894,-0.042285567948374916,-0.010877711730982065,-0.04027860574437073,2.585465762056384,0.0594033664865
6.416564226150513,-0.380089306634677,1.0481588210403874,-2.390265107390236,-0.028607289188682987,-0.01852089234794589,-0.02807518809782658,2.6375124793543745,0.044154463362354235
6.418562173843384,0.10240591066164664,0.8791864669825926,-2.0509720311844055,-0.03321785103466683,-0.014297779875664062,-0.03847060947985282,2.2338178276136262,0.052799999341719715
6.420683145523071,0.24626503349795884,0.9345855979349963,-2.1195723875180748,-0.035068825435933766,0.003929479348163798,-0.04145828879458245,2.3295243747426935,0.054443117427078344
6.422640085220337,-0.09256080136085662,0.9779576585471509,-2.294684848361441,-0.027883418307055395,-0.01468480992967307,-0.03999109346120204,2.496106415431673,0.05091577570242305
6.424590110778809,0.11735470942634774,1.0496843818593522,-2.306296225824707,-0.032357379692553374,-0.012808052270432232,-0.033531330917491595,2.5366536441929317,0.04832593896271978
6.426612138748169,0.24210983728342458,0.7398694371633225,-2.550251314805941,-0.021984309135071448,-0.0031449433045100334,-0.0371899648011395,2.666421895729783,0.04331620941916505
6.428558111190796,0.23452725108710126,1.1872911990580932,-2.3145851821327574,-0.03729584447784555,0.005508024363302312,-0.041024939433630725,2.6118897350791452,0.05571681975162835
6.43057918548584,0.07674127469189898,1.265127360295593,-2.244923650930891,-0.039462657239849784,-0.011006939235144345,-0.03248054640227107,2.578006722163213,0.052282309841342245
6.432598114013672,0.02371424223701,1.087589029371473,-2.35447805466584,-0.0253854184188165,-0.010132306694057036,-0.03635857866139655,2.5936420670549545,0.04548658428061819
6.434576034545898,0.04510187182540798,0.8172099024836855,-2.5791099639502435,-0.028610834786128327,-0.003811467853347422,-0.030749472239456666,2.7058592738180187,0.04217389236673973
6.436557054519653,0.3584286532546376,1.3264086794215162,-2.016835656482065,-0.03808313343229495,0.0045453217412446175,-0.03064506562475968,2.4403805337643774,0.049092820747022065
6.43856406211853,-0.1683959294870312,1.396047200217596,-2.247328996042608,-0.044250424272881866,-0.015286319693360154,-0.03453727814228453,2.6509984139484253,0.058177273909793915
6.44054913520813,0.06147085304695548,1.0352268327162575,-2.125240402183407,-0.03275257894108342,-0.0066447781007286846,-0.03662108318778583,2.3647663791636466,0.04957810239557939
6.442579030990601,-0.3225594284155423,1.329872522186197,-2.2602579630438084,-0.038007489043712685,-0.019375499273877925,-0.04189207247395258,2.642228523354591,0.05979067595940758
6.444547176361084,0.22550773866692922,1.0970013069037576,-2.447882268876911,-0.0415471827016205,-0.0013329664705493509,-0.03565900806839109,2.691912556126071,0.05476778292459011
6.446555137634277,0.16936670605054016,0.9490693204854636,-2.312652028111053,-0.0306169736022782,-0.0018870120606675107,-0.03447503812998056,2.505549253024437,0.046146377334990434
6.448545217514038,0.21330055947392804,1.3190181592491768,-2.536637080724668,-0.03851514404690555,0.001234744545271868,-0.04503514854145311,2.8670252374906546,0.05927145619264562
6.450547218322754,0.02808963781392517,0.9382562648593296,-2.3790002821443816,-0.03374402488116682,-0.010270573248687579,-0.04149203866777794,2.5574902128343218,0.05445854536108949
6.452538013458252,0.036211698981491305,1.0346591400498129,-2.175977819136427,-0.03888880502150925,-0.010135665398535805,-0.033163274767248056,2.409711661715041,0.05210444954473688
6.454549074172974,0.24114278090208652,1.3284601452584006,-2.1562593001941037,-0.03608435551054992,-0.005612646161513247,-0.03959811729201169,2.5440932309950295,0.05386644041161453
6.456598997116089,-0.548768231279068,0.907393813532052,-2.480734912785865,-0.0318777903460887,-0.020551149042225558,-0.036910231506970016,2.6978798735325653,0.05292360942153394
6.458571195602417,0.31796061426013467,1.360645852660321,-2.5696179647663646,-0.04395202890021423,0.005188442018954564,-0.03848985956229065,2.924960268692969,0.05865296296142401
6.460593223571777,0.30920976476677253,0.8726445497505747,-2.6231435615557683,-0.02957382821519801,0.001352962548620972,-0.03281986545144302,2.7817263225141304,0.04419938224919932
6.462639093399048,-0.07917517652764111,1.4717795228911463,-2.509319482623517,-0.05088438976486029,-0.00408967448959746,-0.031270223142104786,2.910169743924541,0.05986462573615664
6.4646031856536865,0.017084548189940298,1.430259640770223,-2.0594883670400757,-0.039579810740448945,-0.006594276928392414,-0.04270891674342718,2.507474198426859,0.05860117299043664
6.466565132141113,0.317878273342608,1.0702985587019032,-2.643748528663397,-0.04078577261794334,0.00521137725886533,-0.03555725575982431,2.869841787317295,0.05435950825887183
6.468566179275513,0.008654814696795243,1.3152868091782373,-2.5407187873023402,-0.044144054879048156,-0.005164791653767058,-0.0358631944741698,2.8609974226424564,0.05710990607489528
6.470593214035034,0.18951540601265804,1.0093092030017414,-2.2986798729046716,-0.03147963299730421,0.0031251361290565547,-0.039173982167464844,2.517647774109236,0.0503521066920437
6.472559213638306,0.48952438743040205,0.7891558114518538,-2.4337037715031196,-0.024179997536518786,0.006177295677022918,-0.03240969132449756,2.604863733108865,0.04090500402758363
6.47455906867981,0.1448273158503146,1.018414235600955,-2.2434116490707803,-0.035631807708056136,-0.005422570215596619,-0.05034805791240264,2.468002903944313,0.061918954479526014
6.4765541553497314,0.5721591597886981,0.9837287738311613,-1.9887030133615158,-0.030235542545214794,0.009059375683861684,-0.04400466421670506,2.291293975016441,0.054154139210311536
6.47854208946228,0.1563225626620345,0.7845136729672035,-2.344712973667955,-0.02699651502755234,-0.004284831796328215,-0.030930946067835276,2.4774134446144718,0.041278263430127714
6.480540037155151,0.344496584642565,1.3143441816634311,-2.4159098991489585,-0.047196400452682925,-0.001428939676830886,-0.04076617598818389,2.7717862770258526,0.06238127274262374
6.482541084289551,0.415883804963719,1.0463108488253559,-2.513877777769609,-0.03538238418881881,-0.003290817672704198,-0.03972928895433954,2.754506709587872,0.05330252332354973
6.484543085098267,0.38752345756575324,1.1636204695006196,-2.656276201272989,-0.04419633870795959,-0.0007374056224810527,-0.03385731507135767,2.9257461073466065,0.05567924124915799
6.486553192138672,0.6391089779150068,1.2205100841297825,-1.94018102656615,-0.041651654237339776,0.007795126327342185,-0.030411877431878842,2.379581384815685,0.05215847566884743
6.488542079925537,0.08323572475180196,1.0790035834515548,-1.8784171458636698,-0.032204704009497195,-0.0008008025144451083,-0.0417619716594953,2.16786251705473,0.05274321304106298
6.49054217338562,0.34168782335901754,1.3117340055009743,-2.286570196917152,-0.048114144620131485,-0.004633803025607325,-0.0350891940205108,2.6581572442670125,0.05973018148320082
6.492538213729858,0.004791040521907534,1.3141115374824106,-2.364606131382747,-0.04488168052690511,-0.013109606096477341,-0.045020293817826816,2.7052309039315943,0.06490804167718685
6.494533061981201,0.3349303370326359,1.1985289266412753,-2.072160099872817,-0.02813123969190669,-0.005535851810765526,-0.04060273387612267,2.417125854846124,0.049705073182618915
6.496538162231445,0.6329948151555473,1.184469413215147,-2.4418807357224157,-0.04489505035838875,0.007395508063277695,-0.038270672309837266,2.7868318489547024,0.05945505399243375
6.498536109924316,-0.024616499104004215,1.2165090317760052,-2.0957767966563923,-0.03928728622960219,-0.007117266145648073,-0.036273179411995225,2.423382053623419,0.05394339515945833
6.5005481243133545,0.08669467240015236,1.4823561102810967,-2.4162442348835387,-0.04481880130431148,-0.00972836180688166,-0.037815381210685305,2.8360415734819915,0.05944214859769452
6.502539157867432,0.1433558339639922,1.357778139806412,-2.225394807760821,-0.04078745752068034,-0.005778892141685175,-0.035429444919963936,2.6108417076637362,0.05433468369948694
6.50453519821167,0.22863573624749237,0.9607095805325242,-2.208764028689211,-0.033608163316701065,0.004334338783854816,-0.03654845124923627,2.419478400905411,0.049840590114213934
6.506569147109985,0.36144540565415884,1.3963608707823272,-2.380581015834239,-0.040631385924521396,0.0017268231514553718,-0.03959731655946587,2.783456921827758,0.05676124486878655
6.508572101593018,0.41671171951644526,0.7823576176607775,-2.307926656625082,-0.026595377405685437,0.0058757032926255535,-0.03029011424254047,2.472298030467773,0.04073486233387769
6.510563135147095,-0.23842053213870945,0.5904367723637058,-1.9449419365440432,-0.021298842437836998,-0.009263413742389879,-0.035427665917419165,2.046523654598761,0.04236237759747164
6.512556076049805,0.23794383708443534,0.7702137245771372,-2.3235738754316464,-0.02032791870862352,0.0071789922804585335,-0.03171818761383113,2.459439368173546,0.03835108387899199
6.514551162719727,-0.27970398506887356,1.0747090602897111,-2.071329286701017,-0.0287208836218011,-0.011311793435991195,-0.03233638159573075,2.3502423061202746,0.04470444498548539
6.516561031341553,-0.17357384914390556,1.1772435627749558,-2.1750732923214344,-0.03716892288176958,-0.011958146278362886,-0.04425580537338453,2.479309201001704,0.05901781425851477
6.518560171127319,0.4673996370114221,1.2281697496089101,-2.3137837487201236,-0.04043413825829215,0.00403020092511315,-0.03187406255673188,2.6609131121429295,0.0516441470067802
6.520639181137085,-0.09644729509087956,1.0567095124855914,-1.9839587569712094,-0.032642804424664086,-0.01297175507396522,-0.029074100281042844,2.2498954250966046,0.045597394854947
6.522593021392822,-0.03945659968152829,1.3339113629333947,-2.452509105438323,-0.039230402199560525,-0.005611686076275569,-0.03732726089177836,2.792074006841355,0.05444115982453748
6.524557113647461,0.19383659490764413,0.9949640445466309,-2.394989015441671,-0.02762293858150511,0.00044166185932961125,-0.03128841825156077,2.6006726936606697,0.04173951266797674
6.526567220687866,-0.16310289620600524,1.3521936430102672,-2.179903971920969,-0.045452055248318204,-0.010911590345724103,-0.03745219926047766,2.5704107706249952,0.05989673914008669
6.528566122055054,0.6336096298348988,1.3056635344674756,-2.176317503762531,-0.037024400053032334,0.007207263585866252,-0.03211980198592571,2.6158318572570356,0.049542229736843815
6.530548095703125,0.11081595861093094,1.1827224176040403,-2.5199512277168954,-0.032192347495672055,-0.0039500650931625705,-0.03316332692295159,2.785905002662132,0.046387029481536
6.532539129257202,-0.0037722592645873416,1.2134361578944026,-2.411575929096037,-0.034747568128214786,-0.0089170002143747,-0.030866975064240316,2.6996555337710966,0.047325220900324594
6.534553050994873,0.1781748131258364,1.2569998132035773,-2.057206581111081,-0.029912908013505705,-0.002430358444736796,-0.03773144993706365,2.417414675183593,0.04821152375052564
6.536555051803589,-0.04138904407222295,0.8563720591067904,-2.340886863510718,-0.0219368324597777,-0.004578299638601163,-0.032929257107974515,2.4929575737154175,0.03983116141455408
6.538560152053833,-0.086187888321256,1.0912179080947628,-2.155064210061168,-0.03751254657286003,-0.008636338536285593,-0.029139524677944135,2.417123626239782,0.04827928533181534
6.540560007095337,0.020087049419733882,0.8966234507682723,-2.4919855511562496,-0.028653484988419953,-0.00704356222708737,-0.03358743794808904,2.648457870005395,0.04470738147940664
6.54256010055542,0.23253703784992036,1.2388882695166046,-2.509229330587479,-0.035194730816834996,-0.00821211434982218,-0.02987566577300823,2.8080508278516523,0.04688990621385935
6.5445640087127686,0.24170314460186287,1.0251063007357522,-2.47406516123332,-0.03382082871385841,-0.001864825446188052,-0.03776220801184271,2.688914606295079,0.05072780680028043
6.546554088592529,0.5347328883887857,1.423489683634106,-2.4498151410589717,-0.044460729425362416,0.006152881518788023,-0.03312485762634827,2.88337586289043,0.05578414295106965
6.548551082611084,0.6615560976623357,1.0898063464466912,-2.5721784238731398,-0.038764451952149226,0.008667524757545,-0.03023024160685359,2.870790167767093,0.04991669288105817
6.550542116165161,0.1636902025705442,1.1070109925307787,-2.4888026492477886,-0.027590462754157045,-0.00039211361052760767,-0.04642108514947213,2.7288104453963777,0.054002819690518296
6.552548170089722,0.1400973380306048,1.0312676093818782,-2.4771807714862017,-0.03592190174739543,-0.0036065801505009536,-0.03134308124449497,2.68692477023538,0.047809823126953005
6.554555177688599,0.184407575945975,1.4214113927487189,-2.56697252404276,-0.04568777085880765,-0.0014528833353130827,-0.038016006087253244,2.940027965971171,0.059453343008270106
6.556547164916992,0.09021356475361056,1.0856462117879995,-2.438360679655555,-0.03634720370235372,-0.003889462185739274,-0.043776744004752344,2.670649544310426,0.057032012490638204
6.558552026748657,0.22685872312306177,0.9065073538180566,-2.266383095945837,-0.031066557556427978,-0.00826647892537739,-0.03515528842429469,2.4514715581405953,0.04763779986970336
6.560545206069946,-0.2687571804104416,0.7344046911151006,-2.3312630610311236,-0.027115419818039797,-0.007635011809952257,-0.037783884337608056,2.4589363822763373,0.047129198092948694
6.562549114227295,0.04346999858725707,1.272481902935121,-2.5744044734327627,-0.03694487997183118,-0.014208623783218386,-0.03452448655322629,2.872047741056054,0.05252379763221577
6.56453800201416,0.08863607064289189,1.4266649822438284,-2.536245885675117,-0.047082063004841926,-0.0010817385741999355,-0.032189599615087654,2.9113180034451327,0.057044378675856114
6.56653904914856,0.09823468317913184,0.6718541898016833,-2.462859422694958,-0.028625495464850863,-0.0020110696954873156,-0.04269599461068898,2.5547435568547234,0.05144328282413835
6.568538188934326,0.06887876553891284,0.8713262073334481,-2.2985646545425,-0.032047804805663826,-0.007199770989710155,-0.04662933218004239,2.4591366605051332,0.05703676984825612
6.570577144622803,-0.02235795628336673,1.389662241509573,-2.0790983712698727,-0.04272216697728275,-0.009813813012005195,-0.039967165371674745,2.500862063589997,0.05932005381754325
6.57257604598999,0.12929582944866758,1.072007551984654,-2.142519460996386,-0.03334307776964725,-0.003144412823916206,-0.03856731432685394,2.399230552442427,0.05107921202941864
6.574560165405273,0.2596686744539405,1.1186344273951583,-2.1690343605568443,-0.030250257328515766,0.004462526505068842,-0.03738999261150571,2.454278073063971,0.04830117761233483
6.5765910148620605,-0.04935030994630131,0.8612979066772976,-2.4882946926344407,-0.027899887611404394,-0.022235222600649914,-0.039970362495760664,2.633605895826332,0.05357647553611528
6.578548192977905,0.10060825043778204,1.1501581153568687,-2.386011132771571,-0.03750069804446866,-0.0018602452468677564,-0.03431683341476296,2.6506668662974775,0.05086656978623092
6.580556154251099,-0.09245316274768378,1.2346335103003956,-2.2668859567185993,-0.04209103662668725,-0.011801825943008402,-0.04286032874455388,2.5829516899908764,0.061220472392733344
6.5825440883636475,-0.22472856105583172,1.0402662515279948,-1.9507502492912383,-0.030445389503836264,-0.018265249889845837,-0.04040041395894884,2.2221798611570933,0.05378414769830647
6.584557056427002,-0.016563936353625238,1.1229805879585129,-2.110258340704806,-0.033653045104316714,-0.007561084215426421,-0.03370697408928874,2.3905125035091066,0.0482271452769281
6.586548089981079,0.02925949287666034,0.9621637827936494,-1.9511060530639015,-0.030613005545676263,-0.0044674584738136095,-0.036616421648155144,2.1756447534342045,0.047936172438674526
6.5885560512542725,0.1366253696377072,0.7617739795815902,-2.105976608003998,-0.03060943512187474,-0.004050143807565835,-0.0313842377624591,2.2436808064108043,0.04402625992828356
6.590548038482666,0.4953068974647582,1.2381954228436427,-2.1456530275957,-0.03918895783632032,0.006976228130958134,-0.032582963975976445,2.526318218803345,0.0514401760950703
6.59255313873291,0.244851806636954,0.9808375401688685,-1.7471584789312726,-0.039689517685842834,0.006496222860385622,-0.04388302296999075,2.0185533032147887,0.05952460357340789
6.594557046890259,0.03455392054553601,1.1479321770139814,-2.366985132414751,-0.03366789535418894,-0.0034308498134502105,-0.039470513006259575,2.630885948406278,0.051992492775403396
6.596556186676025,-0.006901436844798693,1.212798532118248,-2.0506219556119167,-0.04511700086500882,-0.007019651729196307,-0.044695299696655186,2.3824311772171596,0.06389435884666377
6.598562002182007,0.18281232325051242,1.0988844074174702,-2.1568281042512973,-0.0400099411670804,-0.00285798546190589,-0.04729985183533481,2.4275244092873174,0.062018057505361504
6.600555181503296,0.24286549060914833,1.3579164736647658,-2.0923815259045444,-0.0401865504284459,-0.006312900816963801,-0.03448889730335966,2.506188589457227,0.053331937797763705
6.602548122406006,0.44784307937860324,0.8929695525333056,-2.093543060449393,-0.029614163823715386,0.003046309778560151,-0.0323817823736217,2.3196725181487694,0.043987026859488944
6.604556083679199,-0.05061215924628714,1.5464319989431685,-2.362531076042475,-0.053367250439182355,-0.020892955461387114,-0.04245561328083151,2.824104566634414,0.07132361534864474
6.60655403137207,-0.0005353420163201235,1.1052437831926152,-2.0515235012305326,-0.0371497510557855,-0.008949717877460331,-0.03546756441261663,2.330303152591564,0.05213587612149698
6.608583211898804,-0.11574225047411843,0.8314171541401953,-1.929031836179881,-0.019786533144506402,-0.006191764372637743,-0.040098394930781794,2.103762005964296,0.04514117982452235
6.610569000244141,0.23115289074071635,1.181883218912856,-2.1820880986291495,-0.04070237767574538,-0.0064100844112533785,-0.03746239132477462,2.4923458973875556,0.055688450278212606
6.6125500202178955,-0.18619454384251427,0.9955498942095149,-1.9757672737175263,-0.03405954514690435,-0.016701651305878952,-0.03482480924424139,2.2202351947283616,0.05149529212321243
6.614538192749023,0.10327289617443822,1.0762725640859103,-1.831115989788534,-0.03814264740588917,-0.0011933042823694842,-0.03420814613610249,2.1265026901811246,0.051249222319067915
6.6165611743927,-0.0875520441315048,1.0482585592868523,-2.1431684164633467,-0.03114835234304038,-0.012765174426984998,-0.038473557167798746,2.3874007264964465,0.05112126889056471
6.61855411529541,-0.1005744274121711,0.8853926954929962,-1.9999538517586286,-0.027601405515414554,-0.007792560929984302,-0.04022247009210105,2.1894864351819616,0.049400492837459
6.620642185211182,0.3738038248127638,1.024756346123554,-2.3277079485408825,-0.03041996246360889,-0.004074504037950361,-0.026690057763274485,2.570618439610506,0.040673515742428466
6.622580051422119,0.01460433201376369,1.4361643370498693,-2.0988070718044134,-0.042063211971036914,-0.008919058574409777,-0.041668718075369114,2.5431815535237896,0.05987608431768671
6.624556064605713,0.2510876240633106,1.1493054701339174,-1.9465767423727578,-0.028222832609734575,-0.0016695437893617933,-0.037086981991930196,2.2744469817043527,0.04663432094768239
6.626566171646118,-0.13695465208330976,1.1335504775626997,-2.192724761352607,-0.035199589165528615,-0.011548816999285562,-0.046704487242671955,2.4721923753945063,0.05961287931400306
6.628566026687622,0.20377340504735073,0.901021470312529,-2.318978046087243,-0.03491092093620021,-0.0014946143654822836,-0.030836216770792936,2.4962016082046237,0.04660341765847715
6.630541086196899,-0.35282168297147903,0.8965554956789352,-2.2337673019601416,-0.03407441790915136,-0.017331697913855092,-0.03359049234645083,2.4326962934392813,0.05088983085550193
6.632554054260254,0.3624127000395766,1.196044974559837,-2.238144912665026,-0.041601902090168466,-0.0014593269485471834,-0.03850691221244935,2.563427236417713,0.05670652679189584
6.634550094604492,0.10459061741444686,0.9242417141111469,-2.5017452851811512,-0.029110418431894096,-0.010056864091122532,-0.034810487623128473,2.6690618979859506,0.046479318252178034
6.636554002761841,0.3670907946160919,1.0991428206154392,-2.2508143057930856,-0.0464954424306469,0.008493206471653383,-0.02128680990015372,2.5316073215973183,0.05183713918337911
6.63856315612793,0.2257536229989955,1.407829584517937,-2.122248395396757,-0.04524356066456243,0.0024665978646886515,-0.04111185934414407,2.556733675826489,0.06118209595434528
6.64054012298584,0.7399942022704158,1.1950145815234192,-2.1801614765361195,-0.03750269691253062,0.004873251462268064,-0.03512732939829508,2.5939844512293386,0.0516152121586646
6.642548084259033,0.33876705829462933,1.003567040488432,-2.0538513832550174,-0.02534817093035165,0.004937035658233071,-0.03859046342252434,2.3108906138194545,0.046434124927365414
6.64455509185791,-0.11068133970353629,1.0199206288240354,-2.045975887122023,-0.030940623255704108,-0.00961941530841468,-0.0430202799688764,2.288778228388267,0.05385721685092619
6.64654803276062,-0.3907563293024418,0.9208575039451352,-2.090237035303926,-0.02563400556621854,-0.0216836610652194,-0.037153665450319846,2.3172742425570028,0.05007672368430792
6.648566007614136,0.12400014454136517,1.45085569230531,-2.1078557459088905,-0.04332157176273083,-0.006368114918427743,-0.029535520277880086,2.5619161034862414,0.05281721713317358
6.650560140609741,0.0531497913192837,1.2217789309806188,-1.9033882399880262,-0.04168384810744857,-0.002224148563947514,-0.038340678631983705,2.2624003731943962,0.05667889967033945
6.652558088302612,0.3813919401340341,1.0499059975203193,-2.213082110822737,-0.03501461032405728,-0.003943968848964307,-0.0372124849706445,2.4790108601762846,0.05124789619211331
6.654553174972534,0.008887241929051454,0.7668133840778992,-2.120500312991166,-0.021363887054415793,-0.005647705153798306,-0.041934301111306,2.254906500603903,0.04740039929443374
6.656530141830444,-0.1919769444595819,1.4755470849608274,-1.9171926498688014,-0.04082572178287184,-0.02225915648274253,-0.03478136024776098,2.4268749460677594,0.05806851666006462
6.658618211746216,-0.1929803842616939,0.9689130860766131,-2.2838808812201483,-0.03044759761494145,-0.019558533334501176,-0.039292804571938234,2.4884022738864426,0.05341832005826009
6.660605192184448,-0.13917192852654495,0.7125119328699566,-2.0344493599841327,-0.027018316629566705,-0.0062363776006718425,-0.03418999445949362,2.160098673327616,0.044020876413514154
6.662621021270752,-0.08650618083455823,1.029839804603641,-2.0626560058978796,-0.028716428955216134,-0.008663983752038322,-0.0437881452390022,2.307076752328635,0.05307635603418447
6.664591073989868,-0.04153637894971776,1.1222549878607662,-2.049075247827892,-0.04364321987275564,-0.012259930182656411,-0.03344354862309423,2.336640943708631,0.05633389275960406
6.666561126708984,0.194353203469237,1.1224041815326562,-2.10496611965472,-0.03597104204430682,-0.0010603223600652663,-0.03616433638107081,2.3934173642127266,0.051018617926633265
6.6685709953308105,0.713976125562133,1.219920594772044,-2.166907543977064,-0.044693401516365784,0.001419992360908751,-0.026150319778104794,2.5871715191626556,0.05180111718781039
6.670590162277222,-0.011464639305673277,1.0697029929558453,-2.1103801464780942,-0.035416005554430634,-0.005406046972282323,-0.034755390577911674,2.3660304929865137,0.04991448654970996
6.672598123550415,0.31737178579032915,0.9535071906846663,-1.7195280842450782,-0.029875504543091198,0.0007823887759594355,-0.03068822804904353,1.9916519890810884,0.04283602741491223
6.674598217010498,0.282988496664537,1.4301215137682697,-2.0392247124181306,-0.04948085048874661,6.33530121656553e-05,-0.032615029592169185,2.506744394852437,0.0592629625819695
6.6766321659088135,-0.04321537905809962,1.0523328720437557,-1.8670122589878182,-0.029284279939527234,-0.006272724325877716,-0.033752259593579144,2.143596701290098,0.04512350994456671
6.67857813835144,-0.156598955016508,1.2965240588642797,-2.119710700658018,-0.03723305513919624,-0.010104796290844145,-0.03672350242066383,2.4897131004214668,0.053263711221791396
6.680598020553589,0.37873912853643327,1.156193968617263,-1.9869379255736936,-0.03700208632542128,-0.0032404639536014633,-0.036646308943407715,2.3298390804161917,0.05217860632715484
6.68255615234375,0.6653055873887109,1.0542554874361252,-2.082546037282359,-0.03857626177615021,0.016638585262694443,-0.04347044975390956,2.427155568726545,0.06045370537835705
6.684554100036621,0.25913764874928324,0.7855412457814531,-2.1110606304335686,-0.02692920282026939,0.0017671080537598593,-0.03146579442985323,2.2673341957439272,0.04145359881253557
6.686554193496704,0.36419840775515677,1.0781766350181645,-2.194041121821567,-0.04271384819322749,0.003038392777683984,-0.034682783822813326,2.4716233088305595,0.0551053550196854
6.6885600090026855,0.4647738330219371,1.3588503078602567,-2.367227737560106,-0.04468665611039688,0.0008478573130431457,-0.02405740187541745,2.768800468886799,0.05075800115595068
6.690564155578613,-0.01951726082356522,1.3356120397560323,-2.185291025155893,-0.049249806392059975,-0.0052888359733091455,-0.04239465013903734,2.561198412626054,0.0651983249479566
6.692592144012451,-0.25250096543442185,1.3767351896471391,-2.0321187822079225,-0.03996252049186277,-0.016326226046512578,-0.04025620818186593,2.467521684800413,0.05902635850335091
6.694566011428833,0.05757202413168206,1.180397975278366,-2.0974366440711942,-0.039065601763176354,-0.00542293224529439,-0.02900523508360765,2.407466384790558,0.04895746212286218
6.696571111679077,0.37680871566691887,1.3101304047457691,-2.2698129847132584,-0.043038305868444725,-0.0049716217864350645,-0.03956532105531301,2.6477306266338303,0.05867220317512505
6.698553085327148,0.45754837897874545,0.8169969239126529,-2.065416056632509,-0.02581683638448169,0.008071270462935976,-0.033625798677083284,2.2677693841711943,0.04315493928231966
6.700558185577393,0.0006570842702574436,1.1694134121571722,-2.103531711865302,-0.03191159600390025,-0.0005283039275977366,-0.031486304692517945,2.4067350961657135,0.044833206975925056
6.702550172805786,-0.23208333173854656,0.7275112880434693,-2.2456016094106785,-0.020418363673789113,-0.011553835289855612,-0.0353446157644355,2.3718899500797592,0.04242219405636401
6.704573154449463,0.2063495936388595,1.1944644001100324,-2.212622464203019,-0.034104744799387375,-0.000737821005208978,-0.03687538778583276,2.522899825007125,0.0502341738463231
6.706555128097534,0.13982527835215947,1.3620574947278463,-2.2881495513862835,-0.04626802557413519,-0.00801815896814585,-0.03304261225747746,2.66652959798308,0.05741807458079107
6.7085840702056885,0.18040602039470868,1.1553198553761284,-2.3067395760515206,-0.040655884663220856,-0.006803840068061093,-0.04060738421510352,2.586185950805418,0.05786322536995245
6.710575103759766,0.227257892801201,1.059749491206772,-2.0657701067756853,-0.03685016258851675,0.010074389820261802,-0.039262442788607216,2.332835456692452,0.05478108457103938
6.7125420570373535,0.37178176861044426,1.0255517364609745,-2.1423335862820414,-0.03801412330092178,-0.0012052705737987499,-0.03118760737573124,2.4040738845845198,0.049185293547121534
6.714562177658081,0.5518616039385313,1.2185702961300051,-2.376915502825109,-0.040564666698211606,0.0005373228408759754,-0.03771177930779138,2.7274882408696683,0.05538916138317935
6.716572046279907,0.22176337596921264,1.2530513211066567,-2.3404784778262733,-0.039493006524747395,-0.0006308020709419494,-0.04609432070462728,2.664048819638332,0.0607024042096973
6.718585014343262,0.04648391074092699,1.00334888190811,-2.0988540738519754,-0.03278624799087834,-0.008589586730747625,-0.03854980414998452,2.3268128751812123,0.05133036584251639
6.720588207244873,0.3999540101516996,0.9780602022286268,-2.098543214082664,-0.03045734895525606,-0.0015975077482931234,-0.04012688700156095,2.349563489415071,0.050402075322590986
6.722621202468872,-0.272625251933093,1.1327203438538893,-2.121393566294501,-0.03136840367895072,-0.009856846656179896,-0.031178833229609435,2.420266631693243,0.045312843840668963
6.724566221237183,0.32279293074582044,0.8901953170423095,-2.3879443971747163,-0.02993036076270374,-0.007630450786513301,-0.035523339197932095,2.568836589318529,0.04707396204232586
6.726576089859009,0.03165060184246761,1.0647593234148864,-2.181205778713019,-0.03787685318603223,-0.011568879396108556,-0.035725252706436034,2.427421023738359,0.05333656024432641
6.728568077087402,-0.037790780390022996,0.8653987257519206,-2.348685766150317,-0.02472505406120772,-0.009557899646501958,-0.034580326212209064,2.5033313655472456,0.04357155844039825
6.730576038360596,-0.07035745852737946,0.8469638363794255,-2.230361731081609,-0.02890306631381322,-0.012442605978789916,-0.045658610453518336,2.3867993974312833,0.05545191064724674
6.732540130615234,0.045222137185307584,0.7072741085164601,-2.204835784775501,-0.029509335982300395,-0.01267046663115301,-0.030503568897971917,2.3159409629988326,0.04429231705703339
6.734547138214111,-0.1306612720568422,1.0704529727504277,-2.1296366454379743,-0.032037125725873944,-0.015700283552503386,-0.03696870000367237,2.3871100051061847,0.051376659178716436
6.736522197723389,0.32767002756901525,0.9648600072460002,-2.1467495174595443,-0.03227054453605619,0.00016172459740601173,-0.031010876111044028,2.3763114213550836,0.044755878235976036
6.738544225692749,-0.16106007073979556,1.2372946235318947,-2.210491430779308,-0.035805061493734504,-0.013667477861013383,-0.037582183381325775,2.5383283273360036,0.05367702383104897
6.740544080734253,0.5144142419424557,1.466464933651128,-2.2756457578697327,-0.047131878865567405,-0.0027981724973863338,-0.03125043239919244,2.755667800960803,0.05662007859284677
6.742545127868652,-0.20170512660395287,1.0817386494324084,-2.3401008312787983,-0.03442905915654212,-0.011664967756304634,-0.04013416549272302,2.58590706799875,0.054149633673346145
6.744541168212891,-0.19234555404673592,0.9244340762695925,-2.5084705830821186,-0.02961181165963705,-0.017951453502739297,-0.03091530567416277,2.680298460940181,0.046420579461632624
6.746526002883911,0.11501630464801568,1.0770160127624906,-1.9470193615783014,-0.03917566452243312,-0.003887663633152575,-0.03312921622835552,2.2280207890507833,0.051452809322756095
6.748537063598633,0.06678002797327348,0.9866222738149663,-2.2578027511558623,-0.031631593171192476,-0.004301282177764089,-0.036405950501308224,2.46486436674534,0.04841954096048708
6.7505271434783936,0.14320613761636047,1.4520012933833375,-2.257963077313427,-0.04514343392344878,-0.007496106871945912,-0.029320578078662524,2.688347636067293,0.054349034430276374
6.752535104751587,-0.03038184877352549,1.374659742252706,-1.971610110963687,-0.038141628697274756,-0.01003068036110272,-0.035895620432933525,2.403717723311,0.05332817223993918
6.754536151885986,-0.16528960638509252,0.4311122428437468,-1.935639053799233,-0.010204365666006526,-0.017655966780721132,-0.037648603427069424,1.9899439606434886,0.0428168142394579
6.756529092788696,0.2718459348831928,0.7816675567053395,-2.2013705026035315,-0.028291749589546923,0.006844681731104956,-0.03551262503632892,2.351794308873788,0.045917527152587886
6.75853705406189,0.1951505590855222,0.835396528714606,-2.238385339288758,-0.028692022087669335,0.0025794182283503365,-0.03954587580846012,2.3971524832689832,0.048926085305634276
6.7605249881744385,0.1393163953163445,1.2495228919039945,-2.335890537045205,-0.04548720229154623,-0.009133018730230277,-0.040135712660516194,2.6527534971145355,0.06134633676273022
6.762541055679321,-0.38929664863291424,0.9590373180239125,-2.0965968920009512,-0.03165580596967803,-0.015802858453186186,-0.0381500782323001,2.33816658635508,0.052031229622333156
6.764523029327393,0.02782281865006755,1.0492357486250397,-2.1824571661676337,-0.03462934305658512,-0.009907533409361981,-0.03790749205013817,2.421732654028277,0.05229080772295999
6.766537189483643,0.1230220783090491,1.0454042554157048,-2.0999217637267935,-0.03229163290349139,0.0010585947796898335,-0.03906054679885006,2.348973372085386,0.05069118754484441
6.768527030944824,-0.38596419566560003,1.4246118102172998,-2.1052361501004593,-0.03952443792997483,-0.01742243069413644,-0.03229861099826322,2.5710905114048805,0.05393442831243834
6.770567178726196,-0.04489686233982697,0.7237282388804551,-2.3092576889161336,-0.022333938425335632,-0.014389481849736497,-0.04258616956505214,2.4204275171587453,0.050194061717637004
6.772581100463867,-0.013343583762834593,0.656671961911427,-1.9774236335719757,-0.01775744446372736,-0.010740406819469995,-0.036409583217417656,2.0836507249050245,0.04190872131903025
6.774561166763306,0.3877881086003535,0.8162682575421522,-2.128670898458558,-0.026389364745810717,0.00839512833216732,-0.03432272971417904,2.312555573253777,0.044101321141589225
6.776567220687866,0.20924013708569913,1.0943133211290565,-2.1211720561860683,-0.033189894573696976,-0.0010919673188510006,-0.04119446833432078,2.395970361192471,0.05291262340676293
6.778526067733765,0.11541239745742746,1.0831608424007289,-2.3798939602337725,-0.028393134728172748,-0.001667323044549044,-0.0345969496216248,2.617336946966194,0.04478726369123591
6.780532121658325,0.1354314166690051,0.9992062576804494,-2.0518989462134845,-0.03894350777176276,0.0017976147394316005,-0.03623458021395887,2.2862729713402006,0.05322380125096843
6.782538175582886,-0.23566540605442493,0.9520271235311601,-2.3207905076202446,-0.025514766060823618,-0.009918385882052965,-0.03180706550453496,2.5195163043350295,0.041965069780159334
6.784525156021118,0.403951285138334,1.125255127597155,-1.9647058158940431,-0.03135031051589666,0.005834213949742991,-0.033755697677862566,2.299879276387454,0.046436269742236747
6.786534070968628,-0.12660334370193033,1.67467139355507,-1.9238833110811944,-0.047426328805296104,-0.021446703496887785,-0.04539006723558044,2.5537971097338428,0.06906139267696526
6.78853702545166,0.24648797545253762,0.9418161389438039,-1.9397291063164064,-0.02933058602574763,-0.013100653416060825,-0.031874358846723655,2.1703278479319086,0.04525356503559956
6.790545225143433,0.31591628629344626,1.034386658441838,-2.1261799490585997,-0.04345602920459607,-0.010448365053847846,-0.03641263004332436,2.3854559385758405,0.0576495831138542
6.792539119720459,0.10922446221169291,1.2374248311600655,-2.2583787593582008,-0.04186876542103394,0.0013242638621792913,-0.03982298677150932,2.577484202985003,0.057798074951178495
6.7945380210876465,-0.01699118895205876,1.3121342194302261,-2.121979792295857,-0.047851444496886573,-0.010311278980549492,-0.039497823037854825,2.494951532437803,0.06289802253952849
6.796541213989258,-0.0029267870086870096,0.870689385698034,-1.880357449517753,-0.030128886140610014,-0.006623019125115679,-0.04139414720100788,2.072161362058062,0.051624505662564935
6.798543214797974,0.18535861403141562,1.2105209652378761,-2.0579572913640374,-0.044147367571828876,0.0009007733334151577,-0.0348341722163507,2.3947665932517292,0.056242519592553275
6.800536155700684,0.24477718076744165,1.297133506326763,-2.0150908475743003,-0.03574833221660344,-1.8369178393714365e-05,-0.04251283013751773,2.4089546125732073,0.05554533571774319
6.802541017532349,0.028741356896095884,1.0198876672331196,-1.979869637214427,-0.03737907092606225,-0.011406375023973125,-0.03692502506776094,2.2273034592830028,0.05376576801960411
6.804547071456909,-0.010166589477870396,1.0249136779766714,-2.0223622489738933,-0.03079520816990636,-0.004088509222098683,-0.051839396677672386,2.2672671816352,0.060434955131878146
6.806548118591309,0.22346789276093848,1.0677132919239727,-2.3149771543056463,-0.028794700569887668,-0.004983800598421552,-0.042359581716421964,2.5591148465442517,0.051461706272767
6.808566093444824,0.047348810922282325,1.0807804185661305,-2.1639504487597354,-0.03189796603865444,-0.006517591853610218,-0.04251784215543435,2.4192994373866155,0.053551154446265944
6.810580015182495,0.27876788828233157,0.8579598956098137,-2.1810665646682335,-0.021088816493451942,0.0015207805798265344,-0.036331951944995514,2.3602665267985907,0.042036432850563465
6.812559127807617,0.2356897594014294,0.9900647869150605,-2.297472907795414,-0.03581063593417515,-0.0036550054531921737,-0.03685972763822052,2.512799177616425,0.051520871813631984
6.81453800201416,0.21765432250639027,1.5276173756672933,-2.230239368811131,-0.04656606145121369,0.001491039558159085,-0.045321315255997405,2.7120021926136815,0.06499725297715056
6.8165600299835205,0.5037835446218596,1.260178739857193,-1.8639012885207873,-0.03753144673979663,0.0011020523861913322,-0.02997224638495146,2.3056401127602895,0.048043309286562856
6.818582057952881,-0.43926537435181234,0.6615002012159094,-2.317672764998767,-0.02967276132868236,-0.009643970754064205,-0.0397791924687131,2.449927270538894,0.0505555446042975
6.820592164993286,0.40895688862665097,1.0787093711663553,-2.156822382651281,-0.03523195482312059,0.0032136386715360633,-0.03874777740470178,2.445964520287008,0.05246911823133604
6.822607040405273,-0.035461609393080656,1.404205242152021,-2.1858057283315007,-0.04338102354434544,-0.013768924092792671,-0.041759815634611064,2.598229506767015,0.061768751616532176
6.8246331214904785,0.18399048064412457,0.9553000565716315,-2.352880310370225,-0.03463666161324476,-0.008862480301461112,-0.04435383180625941,2.546074714139651,0.05696932754300474
6.826584100723267,-0.7783443522038263,1.228990909403892,-2.384975008961279,-0.03963554609335808,-0.023616558769251176,-0.02414010659350254,2.7936256691573504,0.05207171121219152
6.828583002090454,0.030854986301656152,0.9444994088607953,-2.0416135026799127,-0.0312829675441848,0.00011354488886934459,-0.040277333289435696,2.2497148392280764,0.05099902477225023
6.830557107925415,-0.501329848416795,1.409772114887758,-1.963268517369604,-0.04903559670721841,-0.015940903283175177,-0.040809227085772934,2.4684432957075098,0.0657570920681161
6.832559108734131,-0.007975980919470861,0.9977302600160219,-2.400618378229738,-0.0315695612290932,-0.0008554006531941865,-0.03662543187783881,2.599711115858384,0.048361050099363645
6.834561109542847,0.33797635954117455,0.9483348035269864,-2.616615810491113,-0.029101081845287986,-0.0016145420784621943,-0.04097355805309904,2.8036128867768704,0.05028232463023117
6.836559057235718,0.2562606178435163,1.5463499046083165,-2.399792014334668,-0.052572031732595254,-0.0023355709729077218,-0.036472943096823585,2.8663337635041968,0.0640277204842295
6.8385701179504395,-0.28309182799222254,1.1408731323897798,-2.202790076477758,-0.02794822471233855,-0.010298340828750061,-0.03922291389093253,2.496801275294799,0.0492503407347805
6.840563058853149,0.3309973418545687,1.1269970712783115,-2.35698931377381,-0.03596014238464478,-0.001924055807691353,-0.03771936664304803,2.6334540558416086,0.052149635195538245
6.842554092407227,0.2189337220077128,1.342869340674191,-2.0194599284223727,-0.041266639397973516,-0.01274900756130378,-0.03872556594395129,2.4350458811403493,0.05800984553228772
6.844531059265137,0.11286297937040624,1.1847382428957982,-2.2881039899710856,-0.03436695593390471,-0.007676352095936933,-0.04669666707020478,2.57910112737244,0.05848583381579928
6.84653902053833,-0.14409896801282765,1.0233775276799613,-2.237811633931913,-0.030668061034465913,-0.013142272995703039,-0.03756715055791651,2.4649273793975612,0.05024480180226088
6.848544120788574,-0.008695128919595327,0.8213928542903508,-2.26651339416269,-0.02755890254398864,-0.008444357939638847,-0.03815203625720838,2.410776802664455,0.04781608684337467
6.850543022155762,-0.15143861271518244,1.09862495339038,-2.289910887853764,-0.0354625136644207,-0.006581861791818472,-0.039952965567634634,2.5443274781254726,0.053825182189142874
6.8525331020355225,-0.3427982301548388,0.9160630582233464,-2.528372106788103,-0.03141510202115671,-0.02408228407626536,-0.03830126378705341,2.7109680307268307,0.05508041257121334
6.854537010192871,0.4772903549844072,0.6025401496556476,-2.217771763132488,-0.022925270112267665,0.007235132294785559,-0.03351921178116556,2.34720521221643,0.04124866916003606
6.856526136398315,0.6914865116363053,0.8934918145610928,-2.111276142755426,-0.028519496346502547,0.0030970679619007953,-0.04186258051232007,2.394570560545429,0.050748686179735575
6.858533143997192,-0.30330105840244276,1.1212617535901068,-2.074038564813784,-0.03449753290915085,-0.01231121664800412,-0.03872265255019015,2.377152797029847,0.053301872881680125
6.860534191131592,0.1707318745895674,0.9547178850441131,-2.329258306318431,-0.02923856391930192,-0.005803350287528496,-0.03313772201337638,2.5231091673919654,0.04457220114442039
6.86258602142334,0.19061882744898337,1.5895393048545445,-2.082495554187392,-0.04870697795386683,-0.020294595514065254,-0.037488123853490055,2.626739132891911,0.06472711748975539
6.864525079727173,0.3480475306361145,1.2518497360238867,-2.2602219355251907,-0.04291773744838363,0.0023920935383260544,-0.03173230203968672,2.6070803675748495,0.053428394060858676
6.866526126861572,0.20365543540327374,1.1164561520939429,-2.1277676031066126,-0.042884218247481815,0.004638952036614788,-0.04440253960932654,2.4115026122208056,0.06190445520682237
6.868520021438599,0.21183605373333741,1.307735851075466,-2.286082541914216,-0.039601242613002866,-0.004300420142183988,-0.04332344846122882,2.642200022385578,0.0588529796736407
6.870561122894287,0.19369247097304712,0.9726208926484061,-2.154281185372315,-0.034581695068639756,0.0019137544635454836,-0.028582904870739185,2.371589256126991,0.04490588536947968
6.872556209564209,0.5367128340806341,0.9989662611069551,-2.346033929703905,-0.03295432721469631,0.013142547134927142,-0.03231436965594253,2.6057377950244383,0.0479888811458233
6.87457799911499,0.07998457228668827,0.8722390629995398,-2.178543292211406,-0.03296847879647842,0.0032870164318995723,-0.03153082266773124,2.3480309603720118,0.04573748844527145
6.8765480518341064,0.07570299198576291,1.2625022781317456,-2.351649775944233,-0.04145767164757458,-0.0043231149763368875,-0.04103761837069459,2.6701871870679788,0.05849370891878466
6.878540992736816,0.6023839961359562,0.863997646150002,-2.123518163475357,-0.031198667427020012,0.011932979593524568,-0.03151473429587375,2.3703771434021257,0.045923102344471396
6.880555152893066,0.18993386085731748,0.9002103197836134,-1.9135004268151614,-0.029948303147211433,-0.0033676240018223084,-0.03374742202765003,2.123190376477552,0.04524522346422042
6.882528066635132,0.6918236895758989,1.1821937200840775,-2.1197889148856714,-0.03312060693767427,0.01162484143049825,-0.04017251084437335,2.523827857231315,0.05334737266019236
6.884522199630737,-0.3131185176573471,0.9763916181090586,-2.15318526310583,-0.03606307759772561,-0.016702693002545097,-0.03888353826109236,2.3848669932031186,0.05560085491301983
6.886536121368408,0.01354860678207203,0.9407680996542983,-2.5071547695372245,-0.026078661692601268,-0.011624731325454362,-0.03661712602850246,2.677882226776627,0.04643323047832641
6.888525009155273,-0.446397837500711,1.063675044386259,-2.2415404937728876,-0.03541833266062606,-0.0175745575980054,-0.04435568830304267,2.520948118188675,0.059420118209753306
6.890535116195679,-0.253308758052756,0.8826080420766854,-1.9621122531612119,-0.027579697201501756,-0.007319095855185235,-0.0335427168609862,2.1663441039802604,0.0440377419525593
6.892522096633911,0.05762219417432149,1.1962321091524843,-2.1600209656561282,-0.03972987448592012,-0.002131792294751203,-0.0436424482267195,2.4698141930726076,0.05905650474144926
6.8945300579071045,-0.012094749875903204,0.909755131788854,-1.9693637874622378,-0.030026606304034996,-0.006146374826492871,-0.04120859404979237,2.1693765026288836,0.051356822654890194
6.896521091461182,0.24431450502163204,1.161718084907822,-2.2422489843113245,-0.038201561978795866,0.005186787024323799,-0.039783642764788706,2.5371162751854768,0.05539855890627301
6.89853310585022,-0.1377039701311015,0.779499502567239,-2.2419148440562764,-0.031185502190917695,-0.01710117973637544,-0.03127181533574646,2.3775542109260765,0.047359395368486046
6.900519132614136,0.12261696447163116,0.7884015255643968,-1.9196436379238582,-0.025245971424766124,-0.005786211635281122,-0.03515016351092203,2.078856315888631,0.04366203514625635
6.90253210067749,0.8953406312306882,1.0747622299461195,-2.6114034847607988,-0.039348466175993815,0.010526021403994076,-0.033886071088210123,2.9624612836410478,0.052984570686152595
6.904525995254517,0.15901070370585407,1.0429428595176489,-2.3882721741371284,-0.03314230642391651,-0.013010372751058407,-0.04148313727519889,2.610911371507958,0.05466747618475958
6.906537055969238,0.04394499876392427,0.8200980241504785,-2.421745566657288,-0.023362344836268163,-0.008693126103461969,-0.04379643460352978,2.557214015634223,0.050393424984621335
6.908536195755005,0.33083517064255114,0.9542985346436936,-2.313417432918497,-0.03081849239962083,-0.0009474669587589645,-0.04100478460669495,2.524289567836542,0.051303698970589576
6.9105751514434814,0.4272981568221045,1.6620322504227443,-2.4342319565719044,-0.04508155043693756,-0.00048799800611067323,-0.03876217323808598,2.9783250552390585,0.05945662625806734
6.912551164627075,-0.22605377466756332,0.9858135323063844,-2.144195203779221,-0.02817677360389786,-0.014320742068996308,-0.03060512305647789,2.3707597308520447,0.0439964519186967
6.914574146270752,0.3100222042235967,1.088711455565796,-2.447852061060673,-0.034108905990653915,0.0008752498310375444,-0.036252093928482186,2.6969215994223554,0.049783509763228755
6.916524171829224,0.42477874829900353,1.350265964841607,-2.4278092146237187,-0.05081773150266984,-0.005504958695181585,-0.03840654055825502,2.810322533701059,0.06393597393460106
6.918531179428101,0.31020449303680414,1.1881253262683822,-2.144809551276167,-0.03754183499734922,0.005301027047754979,-0.041478352584503664,2.471452332064295,0.05619558697845967
6.920530080795288,0.21916038223413598,1.2484286998890095,-2.580962543335296,-0.04391158805066237,-0.0033303856191953,-0.03411578925901455,2.8754083435135565,0.05570642790799918
6.922573089599609,0.482055477539599,1.1243509195051924,-2.5253695867838974,-0.04395871039605312,0.006666265920705487,-0.039545908877922836,2.806070922744323,0.05950366568532231
6.9245641231536865,0.048265840277500534,0.9174410083776326,-2.303503965783104,-0.026538086760822373,0.000640279095425414,-0.039933643692534125,2.479951232498161,0.04795180814950824
6.926555156707764,0.2294100629262885,0.8281482964502898,-2.4925737170418327,-0.024736753260257777,-0.0019204346322396369,-0.041084595995072644,2.636547422818922,0.047995198292265846
6.928528070449829,-0.08823319123156392,1.0406247760562164,-2.4907113738099866,-0.02585337312128692,-0.01642160422300329,-0.04713070612013765,2.700801393698431,0.05620826848772537
6.930531024932861,-0.8462267202055672,1.4851951040634195,-2.2431230946940985,-0.04643028446548194,-0.033147284302468376,-0.05109183153280889,2.820195982032783,0.07658256343026894
6.93252420425415,0.2332259988042424,1.0045158482926928,-2.168654376857004,-0.029227499991161796,-0.001306236802429913,-0.04521872902365477,2.40135550517837,0.053858021360166056
6.934534072875977,-0.0625345114870283,1.0639694893736913,-2.0562950578640873,-0.03534929172887817,0.0022498528392803493,-0.0379696455208408,2.316093910971942,0.051926180723311996
6.9365270137786865,0.22225335879454455,0.8773417212354437,-2.2143454932318494,-0.028558069359074185,0.009208154399759572,-0.03098352977830519,2.392164504107531,0.04313157254831579
6.938529014587402,-0.02174923278514728,0.9270766930578886,-2.3259564596652442,-0.03253510609790482,-0.010356828212313367,-0.03231895820232784,2.5040003347037256,0.04701395621201334
6.9405272006988525,0.17095616331888458,1.200626077114841,-2.5410919267000005,-0.04070600732026614,0.007415436079597037,-0.03618946519074443,2.815648622744821,0.05496949258452595
6.942539215087891,0.07992708731450898,0.8856593298286789,-2.392145378963469,-0.028098239900455662,0.004221980519655937,-0.03459590966416787,2.5520854809146662,0.04476843944681539
6.944537162780762,0.12532521877621802,1.1336100264164393,-2.136103380143419,-0.0345248951942299,-0.005120846383081573,-0.03748615823091287,2.4215110474894237,0.05121917135960631
6.946533203125,0.2361927337576157,1.458357723456558,-2.0846196981529737,-0.05018759241694911,-0.0034185064887207652,-0.03659830695152656,2.555040810431936,0.06220865446978733
6.9485931396484375,0.5043808009831326,1.0637076927196096,-2.297156526793778,-0.03789592409334555,0.005536443069454532,-0.03685525676329289,2.581240429821003,0.05315132374492817
6.950589179992676,0.33601785582831534,0.8245784135217956,-2.2874724500178614,-0.03209649986114131,-0.0016393122278398349,-0.050231946958092064,2.4546624552211442,0.059633221807287626
6.952569007873535,-0.0790470491398213,0.794017494394147,-2.187020024084208,-0.022989426963286163,-0.005750886129271244,-0.03998490602222038,2.3280396910548933,0.04647987901208338
6.954541206359863,0.2683077677923501,1.1086812590152675,-2.4112336804048216,-0.03582175917856833,0.003451226557654006,-0.035000320601339896,2.667435295160498,0.05020091470875982
6.956521987915039,0.2123119098725374,1.4586505297912065,-2.5242724744905254,-0.04150250656944742,-0.012494310596817474,-0.034968089676427186,2.923130041685524,0.055689614332076545
6.958535194396973,0.06762164629778006,0.9634084272735658,-2.411744012773209,-0.027959580364575416,-0.007507379042900971,-0.034967807354469686,2.597929496336875,0.04539654640428327
6.960525035858154,-0.02674696082726592,0.755738801436432,-2.2052264460877034,-0.027258763317132093,-0.007464657162649062,-0.04006190695794344,2.331282954605612,0.04902772351682496
6.962541103363037,0.25279297107111803,1.1654889433668232,-2.4665529685050678,-0.036537151873195076,0.004700092098819697,-0.03397891629426058,2.7397358102149996,0.05011607611609948
6.964529037475586,0.150367083117017,1.4031263645308836,-2.305335387228369,-0.047228506391894645,0.0005308437799482509,-0.03695668340485729,2.702951183823738,0.059971743841702625
6.966540098190308,-0.05137899284665116,1.2045096842645868,-2.424267829951226,-0.03805185784004902,-0.01304300676658325,-0.039578131573731856,2.7075003031817997,0.05643130699762382
6.968525171279907,0.6594458858254743,1.6082366997255753,-2.507684562630861,-0.05283230665351194,0.01619745103613138,-0.03811384337857739,3.0511925577277954,0.067128794890757
6.970526218414307,0.12010096211978316,0.8912840164994609,-2.3498719207454575,-0.025747675800568234,-0.0007056028937917769,-0.04017896665875731,2.5160901182345308,0.047726198741785686
6.972568035125732,0.6227259276400234,1.635132071547514,-2.2029507626481633,-0.04803674724445602,0.003007681517845889,-0.03857340351463639,2.8132608366467755,0.0616804887516588
6.974552154541016,0.5705703927196929,1.1821182268368595,-2.5948143654054188,-0.04900077125509988,0.009985460746204428,-0.041579995962124756,2.907922912696028,0.06503599829416723
6.9765541553497314,-0.04809318277678625,1.0865078402303587,-2.605541934638466,-0.037727883608192875,-0.008327171482722492,-0.034536225848434084,2.8234130080934317,0.05182167386634729
6.97853422164917,0.06841448725783375,1.2886201926184877,-2.446007454670591,-0.03432201299524345,-0.008330156247045037,-0.034978299504673564,2.7655334044619613,0.04970788182355481
6.980528116226196,0.08183609784137458,1.2425035765705232,-2.456380486308936,-0.03825443187990682,0.000650385992268718,-0.034177632277632104,2.7539639391647395,0.05130238891609639
6.982542991638184,-0.11935306239742181,1.1884819234451622,-2.355800526374669,-0.04033933209636258,-0.01129012193305366,-0.03416406718430446,2.6413122791382926,0.05405471352081627
6.984554052352905,-0.01309029728090717,1.419106421880677,-2.141779386181357,-0.04098922510944673,-0.009931484870446395,-0.050591583163582025,2.569290433481056,0.06586546328541568
6.986561059951782,-0.19720567996524999,1.2558747506846841,-2.464403324094195,-0.04290655702435159,-0.0077215922787144415,-0.04288513847009572,2.7729758768197734,0.06115333780425988
6.988546133041382,-0.20723685261865596,0.7780143315341446,-2.3111679117886563,-0.027698286519612817,-0.0058687979107731785,-0.03767990630933568,2.447396684159997,0.04713187036942599
6.990539073944092,-0.07887471883521226,1.5482202213423766,-2.3455966429823882,-0.04778759272208595,-0.008248848707882549,-0.03909457179484708,2.811588641073765,0.06229031278617848
6.992523193359375,0.5029393449139387,1.1374719647243652,-2.2756776536960355,-0.0368615075055907,-0.0002729483308471522,-0.0468764886092349,2.593356751148569,0.05963430573678008
6.9945290088653564,0.07612950626851647,1.4746754510426805,-2.5136022350622964,-0.04937118145853296,-0.002789978665087136,-0.03631635424167162,2.9152460588675515,0.061352873811824096
6.9965221881866455,0.06573058844743415,0.8356163270798516,-2.1096134528631625,-0.02729509172662379,-0.0017736632904656784,-0.030263153301724025,2.270031734765244,0.040792479228362696
6.998539209365845,0.23752519136497544,1.3991167328222156,-2.2091104624085265,-0.05240822975424785,-0.00602332608907767,-0.03887524061283771,2.625664655609869,0.06553004910615755
7.000531196594238,-0.013447870013523572,1.0536864522279745,-2.5852629936667086,-0.02849240232063435,-0.007231289639820359,-0.04130807259297463,2.7917773427046844,0.050699757407726566
7.0025269985198975,-0.0912543453120457,1.354669780817347,-2.6229455812414724,-0.040732001713928885,-0.0017848787860294637,-0.03815366445264346,2.9535235046893082,0.0558389099738635
7.004532098770142,0.17705705197157523,1.550633812042178,-2.6336162175118947,-0.053272929438979856,-0.008322624161474737,-0.04121249909907893,3.061331213678615,0.06786561107022666
7.006532192230225,0.09535378199660544,1.04891531415116,-1.9724181306594863,-0.02943229043381278,0.002140666051516405,-0.04792956359096942,2.2360118430268088,0.05628574630708207
7.008543014526367,0.41006722043030736,1.281844563049689,-2.1979474110703996,-0.04108683834364349,0.006749049974701375,-0.034358620588436944,2.577256958652466,0.053983263789603095
7.010577201843262,0.15510640671618825,1.1771407736388382,-2.15213144865476,-0.038283565325372165,-0.00582937192154919,-0.03608577687222007,2.4579235485784103,0.05293199640570377
7.012537002563477,-0.029383698826279774,1.0850633420875775,-2.4413892889223567,-0.030281285016549746,-0.006319693677768082,-0.033282883168590176,2.671817268857245,0.045438365534516814
7.01452898979187,0.0414385595404606,0.7702308278237328,-2.4383308101725287,-0.024245361473190365,-0.01205622307937792,-0.03596143992000095,2.5574264060151255,0.0450157220204811
7.016528129577637,-0.17226724191279122,1.383357894199454,-2.5554981709252123,-0.04634331967438071,-0.015207240870789212,-0.029784519142177283,2.9110008532603167,0.05714963721560067
7.0185370445251465,0.15451953861444212,1.1167924915072358,-2.320906136413521,-0.03656639735633084,0.00019952773648424996,-0.04411354062135238,2.5802532920127232,0.05729874076356663
7.020568132400513,0.06145039133859008,1.4552924619280798,-2.582695802714879,-0.050883891161328625,-0.012290848328831778,-0.03670317566665778,2.9651256144894456,0.06393245213800128
7.0225670337677,-0.07452270934485095,1.0977132940412542,-2.409650446747947,-0.03189351791391277,0.004045504865536899,-0.030920701945035337,2.6489513747208684,0.04460551987496468
7.0245490074157715,0.28393290978721397,1.4175904196395934,-2.304605160426662,-0.04737044207627472,-0.007327252798918867,-0.04256004951628914,2.720548738872251,0.06410152284392272
7.026560068130493,0.025684273000228262,1.161381125907072,-2.6491251111273346,-0.03328328569319845,-0.013046669499513878,-0.04384995951946228,2.892633688509166,0.05657571600451112
7.028530120849609,0.438955898492621,0.7611432006345236,-2.2670477245119685,-0.02673899499674028,0.007345195242582641,-0.042065416764868774,2.431363123416271,0.0503827850975853
7.030547142028809,-0.501563994750981,1.3840518237527046,-2.5429211835663885,-0.04516693287519484,-0.02274926563793768,-0.04595084265871234,2.9383012162633073,0.06833052651241278
7.032536029815674,0.029447440348988864,1.2151697488330226,-2.5521555449046502,-0.03391919723439401,-0.0056040355827711805,-0.036999096151504214,2.826836145872196,0.05050594293612329
7.034532070159912,0.4640390864836549,1.0022297903828763,-2.264081930603298,-0.03873571609796571,0.0058277054300185155,-0.03865416577687555,2.5190998025087943,0.05503237578105677
7.0365211963653564,0.034988694173095886,0.8994753760457828,-2.4752506065167452,-0.027052312783062867,-0.006991374547060117,-0.03606332316287213,2.633846184934526,0.04562094061414885
7.038560152053833,-0.4252841787583645,1.3100858759011262,-2.5083329213041217,-0.030768113249838032,-0.020017221960979978,-0.04337290343682362,2.8616298990323448,0.05682054840046886
7.040529012680054,0.00455308373069227,1.0130835706362973,-2.3902211187512568,-0.03267000300930191,-0.0031243744890940396,-0.03819946100454463,2.596057789840041,0.050361588871019776
7.042541027069092,0.3290557399179039,0.953078825402253,-2.323712247083627,-0.023660239205990034,0.005940251418842109,-0.030320452344484286,2.533036820626478,0.038915592460835875
7.044523000717163,0.30412362682032545,1.3702397172700667,-2.379613090879849,-0.044564469402702506,0.005619299079133163,-0.04223736663964735,2.7627172358859764,0.06165682116308908
7.046532154083252,-0.29902781884488194,1.220846116005482,-2.283380759728488,-0.03411463503335065,-0.011707630411821178,-0.03649000797275867,2.6064747398175654,0.051306896370473504
7.048539161682129,-0.04762244612952293,1.389956280671729,-2.275470321405397,-0.04278315042212815,-0.00955877197225978,-0.03509783244499183,2.6668354923299873,0.056157153809615605
7.050538063049316,0.3554002700226732,0.9414175672797558,-2.4559710867547704,-0.03310905072289104,-0.0023537652977597087,-0.04174836762966508,2.654123276505922,0.05333550084689912
7.052534103393555,0.14410326474118743,1.1393849802031812,-2.5150268784407324,-0.035511282597651066,0.007532578877113418,-0.040332091478676564,2.764837080788126,0.05426295734029344
7.054538011550903,-0.16929863092202496,0.838317248051311,-2.496738961694432,-0.02865737223034001,-0.012572144593164527,-0.03524569504549322,2.639155788818725,0.04713345756529648
7.056528091430664,0.4667754219420969,0.9239104424871271,-2.396141382903779,-0.029744996876449138,0.002071459036187397,-0.03627075032272203,2.610169214271369,0.04695341426021979
7.058540105819702,-0.2344753347435025,1.3092144265620576,-2.511619100274481,-0.04531304828639898,-0.01774872844647665,-0.040595195198175824,2.842050598104279,0.06337396610320592
7.060528039932251,-0.1814189123952442,1.2133051230698717,-2.445319470043277,-0.03433431345490762,-0.010622922713397275,-0.032111269418581355,2.735801428103839,0.048195696810684044
7.062580108642578,0.11949575682294018,0.9695519128729619,-2.362522459801725,-0.03536300946754283,0.0016544198108477527,-0.04316206082304596,2.5565254782070723,0.055823319840406914
7.0645341873168945,0.01376790406252381,1.4345313916610312,-2.2874795676755735,-0.0471736833748818,0.00013012451150013236,-0.030832755347802682,2.7001171532688057,0.05635629634636708
7.066546201705933,-0.15790275462468328,1.0112106142687096,-2.69828329861723,-0.035278711797405236,-0.01170475956076556,-0.03323781489210734,2.885864332556963,0.04986322533953961
7.068536996841431,0.11624789699226928,1.3646861239458268,-2.27070459592992,-0.04504407018420495,-0.00016666965501062794,-0.037557984122737594,2.6517882932886385,0.05864808785371687
7.070552110671997,0.4891100979815203,1.6100765099582466,-2.3535415408110847,-0.051537143771461985,0.000645367393512516,-0.04343060210627075,2.8932218788385784,0.06739963565558912
7.072582006454468,0.024967802669695807,1.2401320728807055,-2.2237066332145745,-0.04105256480899811,-0.008332161223266674,-0.035664361386806856,2.5462564953201485,0.05501531296990192
7.074562072753906,0.20328661100795548,1.120032948668322,-2.0195576114165283,-0.03624655946789221,0.0030573258713442516,-0.04697564545929007,2.318277851800381,0.05941272238384601
7.076555013656616,-0.030270083205106994,0.922565291116729,-2.1068475587394864,-0.035692595890671835,-0.019745076508084904,-0.03260820907244026,2.300184694774981,0.052221879960768415
7.078540086746216,-0.05205779348504471,0.7984859633444626,-2.3711514594538428,-0.02629568484179075,-0.0025860523876401987,-0.03655659521307095,2.502528539535714,0.04510582403440519
7.080532073974609,-0.1190222807365986,0.9071780584894983,-2.063200048159679,-0.028642116831013,-0.007582284100187069,-0.040067716345026226,2.2569742514797593,0.049832557448347255
7.0825371742248535,0.1159878520113251,0.9251641611302827,-2.229068856317739,-0.033968243804094536,-0.003715841069094399,-0.0415306941663727,2.416222231720372,0.05378148026901044
7.0845301151275635,0.14278683971585032,1.5250946191122359,-2.308303222955224,-0.04949433805798087,-0.003802401678619731,-0.03364901676153259,2.7703006060618423,0.05997002657445772
7.086541175842285,-0.452184790619345,0.8712849387120021,-2.075341438212699,-0.027768949233822476,-0.016151030428226618,-0.03878195715717047,2.2957897583307996,0.050358817761984025
7.088529109954834,0.5092737642963385,0.7622543204683054,-2.434343828771183,-0.02290684137644416,0.011273641071941705,-0.03933062078850967,2.601234570881585,0.046890469143250145
7.090534210205078,-0.1684870396763188,0.8243049084978318,-2.1140128480693336,-0.025508784777968203,-0.003505099634090741,-0.040564432026825,2.2752838914110747,0.04804640433947697
7.092539072036743,-0.11435971099777695,1.1817142512348215,-2.057765023634886,-0.03746586842783818,-0.011254540023652433,-0.036297233247541166,2.375694342201044,0.05336520504619545
7.0945680141448975,-0.22961420472403643,1.008115141405067,-1.8753365551317314,-0.03041533931306069,-0.010075327321676217,-0.03331050441671318,2.1414728614564695,0.04621898733922454
7.096564054489136,-0.26419150381431755,1.0288642590846875,-2.110785155886018,-0.03035760854003349,-0.009445877721136371,-0.04200326570821094,2.3630008016541835,0.052679059713961716
7.098551034927368,0.0380707199633959,0.7728689841497365,-1.9171104784368036,-0.02507363953923892,-0.009874524363064411,-0.046235153172592115,2.0673868609699944,0.05351525969322668
7.10056209564209,0.5691092190283915,1.1140276298361291,-2.2935476085061093,-0.03316857116089071,0.002111800741264594,-0.03566272482108558,2.612528180844276,0.04874878210673935
7.102563142776489,0.07743168536226008,0.6944293869325321,-1.7447895020187099,-0.018221113632280746,0.005132109015103587,-0.04503388766315257,1.879499466796474,0.04885077853014054
7.1045310497283936,-0.12732536000516978,1.0856528253172935,-2.0454863646812083,-0.03219395084885683,-0.01548066540053225,-0.0335625684081889,2.3192387269353305,0.0490157879734296
7.1065380573272705,-0.41975650540759557,0.7366688111862496,-2.006755699067301,-0.028859948265175593,-0.016544284333532028,-0.039517233331578826,2.1785189686908053,0.05165483218596117
7.1085381507873535,0.20971273363186616,0.9092947464182752,-2.016466434328048,-0.021812235720528338,0.0013139004252640217,-0.03495581269722898,2.2219210713440964,0.04122388631338821
7.1105780601501465,0.21932035550689286,0.981934696745768,-2.1448634208378614,-0.027267599881084344,0.001434269064507204,-0.04200822594505685,2.3691214112115837,0.05010259652029285
7.112573146820068,0.49289799179726523,0.9569548989790542,-2.126357058395007,-0.03064827280792983,-0.002324056056541265,-0.032944807685666766,2.3832971801233804,0.045056389292849525
7.114538192749023,-0.15496346950417608,1.0513941572871803,-2.3081850806991873,-0.03401963728176472,-0.010475934187123174,-0.036815659774552555,2.5410945904512694,0.0512100939514016
7.116526126861572,0.3162484077120664,0.9863018089337101,-2.255948149071216,-0.02901625072563013,-0.006424497420601428,-0.041189579940064086,2.48235903224819,0.05079171653841673
7.1185572147369385,0.4142411438113822,1.0130942048075853,-2.1799691417359797,-0.030529209141238235,-0.004858217890795476,-0.041808723721882234,2.439307494343831,0.05199619477535435
7.120527029037476,0.6455248111435752,1.019876509003711,-2.2900888276699978,-0.02858158651016339,0.013885087727131188,-0.03762349244112276,2.58869797659721,0.04924662356035492
7.122667074203491,0.06393090427282244,1.1175785708940777,-2.275053404081707,-0.03295198641208472,-0.007531129706010075,-0.04271613379396234,2.535534857592487,0.05447218932129178
7.124628067016602,-0.12364270441995842,0.7711610308259379,-2.37453801196576,-0.020482968780634516,-0.0065028059384513665,-0.03477591328599591,2.4996815045303493,0.04088034539991943
7.126550197601318,-0.2781603438122012,1.2617348961300312,-2.1554890910632487,-0.042661666043733344,-0.010602912129163077,-0.044590555560870805,2.513062145406407,0.06261594956936205
7.12856912612915,0.14845694623746122,0.8581379363149759,-2.1838186799733386,-0.01978791766792718,-0.001286436726258272,-0.03607705757204384,2.351064484362259,0.041167592693038255
7.130531072616577,0.12138211950805405,1.0072584656657202,-2.107639015041647,-0.033298554324474566,-0.0032621200100762427,-0.04388206983237476,2.339112107898476,0.055182163783540954
7.13253116607666,0.04680552359983436,1.1360856881297803,-2.5347499372463003,-0.03736254491306217,0.0014365687521100705,-0.03173458766924707,2.778099834812078,0.04904189583098573
7.1345391273498535,0.5461216610449219,0.9370486372101469,-2.1997485850339578,-0.026884978805211394,0.005493361576807768,-0.03431684540109015,2.4525910491801843,0.043938877831056815
7.136529207229614,0.2651360501127612,1.2153850160682764,-2.33724433034826,-0.04032831381994717,-0.005799537601076548,-0.04434925700884742,2.647672359280462,0.06022345165451117
7.138548135757446,-0.2016197470948726,1.0745293396903914,-2.1891985230590247,-0.03378047191243525,-0.007041627937762036,-0.0351998609628158,2.4470091944326415,0.049292342391514136
7.140530109405518,0.7981242115044695,0.788137806617729,-2.4244033045993616,-0.025421800956538586,0.015687607987315822,-0.027853141285253766,2.671309574452602,0.04084319389682777
7.142541170120239,0.40166962975554316,1.7095125639772522,-2.139432107650713,-0.051342453145291345,-0.0033179473447674723,-0.03772254839175429,2.7678405736441554,0.06379691941408559
7.14453911781311,0.35011422029240946,1.3206805378731314,-2.2032542337720282,-0.0409586386711739,-0.0031161165129398576,-0.034884076529999135,2.592509646848434,0.05389080681590168
7.146535158157349,0.6265367876949567,0.8729812172808633,-2.3654265457078245,-0.027963170397969906,-0.002147501286100681,-0.025113572906821324,2.5980545212138146,0.037646277433843765
7.148527145385742,-0.46285427732690454,0.77247667182506,-2.269496182210608,-0.02655731061817685,-0.017829518898148093,-0.03349092490400277,2.441632079495651,0.04631225045638898
7.150538206100464,0.5812518085884684,1.0511136377642105,-1.8920455541336034,-0.025342930802114864,0.011818274153989578,-0.044555279920769755,2.2411001591624617,0.052603314671584994
7.152536153793335,-0.08755564043542054,1.2208070852004962,-2.313949543476278,-0.038507364367216,-0.01956458577884028,-0.03868609567109637,2.6177086199960953,0.057984516256327924
7.154546022415161,0.15292661691791537,0.6790955571201065,-2.4379773159156395,-0.0297303842290775,-0.0025377221423805323,-0.03259351956500676,2.535407406864122,0.044189063100669904
7.156525135040283,-0.04449392688586083,0.898733539534428,-2.1217227953859332,-0.027351536184383483,-0.007794772602558444,-0.03486289201442591,2.3046494972281804,0.044992068758624076
7.158545017242432,0.8231640943039337,1.0319169197281475,-2.2905944031318897,-0.036535181891365745,0.01289457388373032,-0.024251260437567097,2.643723581434258,0.04570791161592123
7.160524129867554,0.0483385581318745,0.9830901001844443,-2.2899242059724534,-0.028152420076745167,-0.007010333274338575,-0.03456573184703176,2.492499875703407,0.045127523163981956
7.166144132614136,0.788497807011512,1.191427321825132,-2.153712664013647,-0.034825098666330365,0.007861390134273888,-0.03225632605284203,2.5845127382131685,0.04811506544098386
7.166163206100464,0.24132603875571995,1.7026532547077013,-2.132210086036832,-0.050494765478736776,-0.002532905037996842,-0.03479503888146129,2.739267459330222,0.06137451978994654
7.166539192199707,0.4356731330931261,0.8225010766410638,-1.9414455553170764,-0.02221364155741794,-0.0060385309535373926,-0.039388829558148146,2.153028087191461,0.04562224919136626
7.168580055236816,0.3786709066307302,1.0170342009922666,-2.378998417331971,-0.03060402818887687,0.006516935361531348,-0.03877576373251134,2.614839132945761,0.04982606587852878
7.17055606842041,-0.04791042585383849,1.131611440756672,-2.2249860985264927,-0.03187692768181234,-0.003022677186380082,-0.042128969495856046,2.496678393464611,0.05291620892115502
7.172601222991943,0.4474426644201989,1.1629430595922676,-1.962001589267883,-0.04834248983539127,0.00998001054739179,-0.040768470228829956,2.324240033664116,0.06402081769869825
7.174567222595215,0.3666096905120978,1.1031343346729212,-2.1763479829043613,-0.030981016216628972,0.0018941257847775773,-0.02937251534796817,2.467346462944255,0.042733543454413096
7.1765711307525635,-0.060150081749243856,0.9393844978076366,-2.227586274608681,-0.028073384143972008,-0.0010116710402619886,-0.030960994512588477,2.418305579921762,0.041805759851930184
7.178530216217041,0.38385833667997227,1.0094760383203736,-2.3208986953017345,-0.030179455072544922,0.0019170014636424888,-0.031904556110834766,2.5598749673441095,0.04395878869710548
7.180520057678223,-0.052826617316257124,0.9417118754822237,-1.9036928958385297,-0.02911508339745237,-0.004690605449247381,-0.03503719553813694,2.124537255401141,0.04579623272605246
7.182523012161255,-0.3211498094527024,0.8841024927597932,-2.193137804643937,-0.02385906126132358,-0.01794423499819503,-0.03718403984804096,2.3863419386110647,0.04768546102705453
7.184525012969971,0.1496908266580101,1.2565507730215306,-2.167067853720934,-0.034517102363852734,-0.0017301092478039888,-0.03658041517363328,2.5094840647824843,0.05032445139175791
7.186532020568848,0.312882228207955,0.9091134714182889,-2.1363828167407384,-0.03079075193787666,0.0038690703839238502,-0.03964281154516394,2.3427578048760562,0.05034473773634138
7.188543081283569,0.5708290489680059,0.8315267864125371,-2.483823741665957,-0.025988154438913773,0.004440959454008339,-0.03376826780653421,2.6807952139860953,0.04284159430584715
7.19054102897644,0.04264978961069129,0.929143285327652,-2.3056865666376924,-0.03144994340668069,-0.0028798357657420777,-0.042196401264046154,2.48622541069727,0.0527060591768865
7.192515134811401,0.6675659270019518,0.7740214762358232,-2.415807303593538,-0.02987083132067793,0.009502984737182286,-0.0389071662087633,2.6231428555578398,0.049963395251922636
7.194532155990601,-0.03679674093807843,0.9125435748759768,-2.175472038597198,-0.026685987464283856,-0.01028063121906686,-0.037388701077985566,2.3594000014642154,0.04707173539933838
7.196520090103149,-0.19374126900799743,0.7764891839973572,-2.1809384113322166,-0.025952548387297977,-0.005670148770212447,-0.03708853406486757,2.323136562108651,0.04562066104247314
7.198533058166504,0.02831871084529922,1.0278911825689454,-2.0492907216939873,-0.03018228667508322,-0.013795364336737389,-0.03377411397424409,2.2928049839896953,0.04734948025971839
7.200523138046265,0.12175091810481958,1.1198975808980642,-2.3626659945676947,-0.03264268506659205,-0.003186193316496428,-0.03253391406622311,2.6174767390842764,0.04619688604955088
7.20252799987793,0.18712236884389793,1.0806538840433542,-2.0925546676470654,-0.03461697169754779,0.001139091607540886,-0.03871720676839428,2.362543678984848,0.05194857417817924
7.204516172409058,0.497718312284789,1.0529863530924592,-2.1685496752645226,-0.028733002560648344,0.0047727145773627045,-0.03685159193835344,2.461526248544273,0.04697237559436515
7.206546068191528,0.3907802643843238,0.9421880042328572,-2.3314405794669066,-0.02793008602815454,0.0004779585613087195,-0.03519898606797848,2.5448069918831884,0.04493647482992168
7.208532094955444,0.19663938544139875,0.8973783397607328,-2.1308315169437604,-0.03546247272733376,-0.006626875153203434,-0.03472747939062682,2.320430538968867,0.05007494654075475
7.21056604385376,0.2437543127521548,1.1007122963729923,-1.9619361182976502,-0.03167453066843431,-0.0016526144118391073,-0.03852890120862108,2.262780823821174,0.04990474181682024
7.212576150894165,0.4362941499548738,0.7151561528420127,-2.2236608869640238,-0.033953345783554884,0.005826096152920493,-0.037505642062622344,2.3762299233126125,0.05092589000508745
7.214553117752075,0.4250670140623014,0.9341188049844517,-2.4668318691775717,-0.03291308411841321,0.004208251595726387,-0.03325707478586538,2.6718007745824788,0.046978862385027166
7.216526031494141,0.17665635999654627,1.3948019193516337,-2.467365625967267,-0.03733461855360287,0.0035815418385554067,-0.04019840660116261,2.839819183673333,0.05497829642465056
7.218524217605591,0.49080132272440463,1.2473670290731038,-2.249285603666367,-0.04616068988644793,0.005279910321160331,-0.030811432905806374,2.61841482016648,0.05574971875714997
7.220529079437256,0.4704446449120398,1.095272454119734,-2.0767698469612648,-0.03375195417736211,0.0039204973157870625,-0.04002158329604893,2.3945590220179156,0.05250039847007285
7.222617149353027,0.6563339125520551,0.9158013577405085,-2.37537953793674,-0.026388120954420002,0.011538508569807399,-0.028225284320892427,2.6290481701280806,0.040325386328165964
7.224599123001099,-0.2892171331805659,1.0673798144784008,-2.046838990369129,-0.035196624156202026,-0.016061086161754334,-0.04877443144450385,2.3264771804117155,0.06225516848762717
7.226541042327881,0.6756293244100905,1.1250641403002795,-1.8021259448362343,-0.03851013699105966,0.011762946522680924,-0.03618113452697229,2.229327751777278,0.054133834684275774
7.22854208946228,0.2840365841467473,0.7295992985216656,-2.194631890605315,-0.026407003528792213,-0.005404757715439877,-0.031066794607204278,2.3301075195790686,0.04113012239829184
7.23053503036499,0.33815521586265546,1.0664122866587877,-1.9842109103641787,-0.04098193601862157,-0.0006703978680561449,-0.031120254990372395,2.2778667766048537,0.051462984598657745
7.232527017593384,0.0852394630950945,0.8896991636372031,-2.1693729223822698,-0.024980834606727644,-0.013120371373871509,-0.03261878475007675,2.346275611306325,0.04312970393138386
7.2345170974731445,0.38523988384337543,0.9639095032914327,-2.0070582442022284,-0.02428584225190054,0.012743662702323766,-0.03733626144791408,2.2596048535660667,0.0463270924175238
7.236518144607544,-0.11885939463755589,0.6374223434119827,-1.9503201242453012,-0.01397441403814017,-0.008382430639701427,-0.04657372774598548,2.0552818265655532,0.04934228923850161
7.238530158996582,-0.06994412835034791,1.242052094461583,-2.174989648241862,-0.044028160449126136,-0.006368906226229844,-0.030688252304244656,2.505626779152544,0.054044525241151685
7.24054217338562,0.30215951355987286,1.0750995423091887,-2.259698069604416,-0.035424058847166394,-0.00539779380234613,-0.043785982457255145,2.5205901617046136,0.056579257532131055
7.242520093917847,0.22943064993257137,1.0125486638203187,-2.1459680176254996,-0.028621478295465037,0.005711363790839661,-0.0373974772704649,2.3839194517441884,0.047438170310036505
7.244530200958252,0.5639836999490411,0.9432045706109171,-2.1840450139758985,-0.03085542371074755,0.001468130755200581,-0.03588716499478777,2.4449468499136167,0.0473508309499131
7.2465410232543945,0.2220507512718406,0.8131490058003197,-2.104875516234953,-0.02642345788812088,-0.0033132514531742123,-0.036218467529388926,2.267381481052493,0.0449550236584818
7.24853515625,-0.08925325896688151,1.1673585687715682,-2.1018232587311547,-0.03602635333098366,-0.002303877138028581,-0.04327686919221688,2.405899661927709,0.05635683979142424
7.25052809715271,0.1977184443727161,0.7674968380693621,-2.090643137023628,-0.018869427748520663,0.0004847411393600109,-0.03400081603094214,2.2358293105860367,0.038888890036857596
7.252524137496948,-0.2324405113152686,1.1156271648579148,-2.32438856477427,-0.036474584642905254,-0.021601405422219472,-0.03390450360370505,2.588712954794873,0.054281962065691775
7.254532098770142,-0.006548117677006957,1.0615516303485009,-2.3363929821575975,-0.027822433734012268,3.9466736234960764e-05,-0.030783170250447165,2.566255425482028,0.04149328797739206
7.256531000137329,-0.11938265858635534,1.456751756211194,-2.200826335741608,-0.04418083479453549,-0.010321655027266657,-0.031038084586822723,2.6419716990326334,0.054971314523692257
7.258535146713257,0.34219136832973773,1.0594379835475385,-2.172304874039507,-0.031391881825947314,-0.0009193463562361733,-0.03612013517302316,2.4409859154281186,0.04786396982297259
7.26052713394165,0.1471520982201075,1.1807046861360022,-2.321369400215638,-0.037396985985377836,0.0024571355461154524,-0.03841860699280832,2.608538515746242,0.05367086210552604
7.262585163116455,-0.20820440060046339,0.9755868571115219,-2.2409217892526008,-0.026982448257987075,-0.0026604199763201196,-0.03367423357120109,2.452926671090111,0.043232908241907106
7.264539003372192,0.18138210091291262,0.6858162893301718,-2.318028436801529,-0.02219744919965465,-0.002916741375798945,-0.03713256186469816,2.4241491874599483,0.04335967345195513
7.266533136367798,-0.13920985887472043,1.085703009756203,-2.203065067938147,-0.03257099730883569,-0.002414562177673676,-0.03304492465300901,2.4600053056387727,0.0464614573762498
7.268525123596191,0.387530501168395,0.986915493413489,-2.2910221000178774,-0.034223737150271695,0.0012838755151376791,-0.04059065176637728,2.5244730822977184,0.05310850714987726
7.2705371379852295,0.46740045478172426,1.2189396438747846,-2.098807973042678,-0.04196679647150926,0.006735451835902769,-0.039470148493016076,2.471694145368165,0.05800405968184975
7.272550106048584,0.47015515419334797,0.9094726108479139,-2.26516178363534,-0.03659899674487384,-0.0005050674063336041,-0.041058006893392056,2.4857884473420357,0.055004559682575914
7.274546146392822,-0.1274273852434295,0.8912327445848299,-2.517630029732785,-0.03168055824753515,-0.011173656601673455,-0.029634970456713348,2.673760368870496,0.04479664994949802
7.276538133621216,0.5228206618782143,1.1610079795737347,-2.3779941958343365,-0.039080758320922,0.00024685257941393945,-0.037662336627525404,2.69743162444249,0.054275392282132046
7.278529167175293,0.4372022914943583,1.0406465957338338,-2.205808786318212,-0.03522777929728253,0.011022191868535501,-0.03331685505372029,2.477838490035006,0.04972421923444817
7.280534029006958,0.4702013800508854,0.8584000414739323,-2.369999966352342,-0.02629011364815225,-4.289391156444544e-05,-0.02912538912549744,2.5641450445546776,0.039235955541213154
7.28252100944519,0.36705293118132265,0.7417862175216039,-2.6578553600951285,-0.031992973510359624,0.0005444436113069412,-0.037187798265050136,2.7837330622709167,0.049058935095276285
7.284517049789429,-0.056480957051004185,1.158915755376527,-2.614082901746004,-0.036403861726799394,-0.0038914406710457896,-0.035119759713907406,2.860018399201332,0.05073245491283457
7.286520004272461,0.6642944005769086,1.066923448118171,-2.2922812164933553,-0.03718755928381005,0.00623660031565324,-0.041061218597828505,2.6142237605588505,0.05574794544844456
7.288523197174072,0.2807232997040222,0.5597953079013486,-2.3856060560140286,-0.023148183995679437,-0.0004509269554252681,-0.032656590172866484,2.4664331761140192,0.040031170843925094
7.290525197982788,0.9875973251727945,0.9332354396634964,-1.9190170580618564,-0.034346721400823725,0.018461256271706705,-0.0425106084865951,2.3513620162928466,0.057685934923653655
7.292530059814453,0.1098788471747886,1.0643613997123418,-2.2381057502776796,-0.029924322649021604,-0.017410370265723018,-0.03665229076754757,2.4807369670483186,0.05041801758598976
7.29452919960022,0.02854836141791564,0.9830306157681077,-2.183056398508532,-0.03168180859669357,-0.004032412820295819,-0.0301992060846338,2.3943473932464596,0.04395440134108296
7.296541213989258,-0.34602183037356565,0.936135482674248,-2.2879089856680186,-0.027643095467220432,-0.023336468089700666,-0.038820824377987125,2.496118642155713,0.053063997920416814
7.298537015914917,-0.006343254048030586,1.5132834105792983,-2.5860588960719144,-0.042715800476254284,-0.02436136287493787,-0.037517826616369584,2.9962922974167787,0.06185226693879164
7.300518035888672,0.395257695800095,1.2885254561937238,-2.3962296287934333,-0.03989704650596146,0.0014608992817319486,-0.033508204690418514,2.7492622521789296,0.05212205222537963
7.302531003952026,-0.019942418596889874,1.3354411238631434,-2.3508291171937383,-0.044677760906446366,-0.017194599346388017,-0.025007971346844345,2.703737826345269,0.0540106952110504
7.304518222808838,0.13927797946543424,0.8863420211389234,-2.346797912876956,-0.035295083468168696,-0.005464859140202848,-0.036215188844550654,2.512461139576937,0.050864009923458846
7.306513071060181,0.7992185915943596,1.0527713941028467,-2.0181942503592274,-0.036265476725414164,0.014251817355299875,-0.04795619003672853,2.412506165292509,0.06179073767879134
7.308528184890747,0.5429159467782524,1.2563038248913152,-1.9950723310096097,-0.03739714680327822,0.0006950611402314088,-0.03912814449614308,2.4193740164891397,0.05412985674030234
7.310538053512573,0.20288734619610735,1.0977005013593544,-1.934834641491682,-0.03503741439261028,0.001554114822541258,-0.03426064036423915,2.2337624662992535,0.04902884006754463
7.312549114227295,0.40155277157513214,1.1799037569347288,-2.1664747822488426,-0.03249893722733249,0.010131730415131749,-0.031493074298424927,2.49940602666084,0.046375064537713756
7.3145592212677,0.9459037859975435,1.6703659507183284,-2.4094008772784634,-0.0542121010575218,0.0201915953550967,-0.04325991770421188,3.0805955542904133,0.072236229856147
7.316521167755127,0.11374701419784171,1.3850844695437918,-2.3034236893767743,-0.04739481893261104,-0.016038812971620634,-0.037303733276879386,2.690196658943811,0.06241058323382478
7.318523168563843,0.6163541927813923,1.1297711849510719,-2.0478121857101144,-0.02848226184835012,0.006497420131436416,-0.032144628128101094,2.418638081492927,0.04343653791287105
7.32052206993103,-0.020337767772157955,1.0655308286811567,-2.228991754162964,-0.039090270827776365,-0.0030825511934932455,-0.03025256410653619,2.470662626056903,0.04952543821380576
7.322602033615112,0.8142231351139967,0.9573928946149338,-2.4015696424019772,-0.02539839420527038,0.0048106135233204035,-0.022238045226877567,2.7105529354212563,0.03409913615019767
7.324598073959351,-0.23115057937589703,0.8847058024870081,-2.32381139644133,-0.025446720781637712,-0.004834710228657449,-0.04250908435525836,2.4972453530902,0.049778833596782764
7.326539993286133,0.6178756372027383,1.0138310820403083,-2.1903907042845336,-0.03596820424983661,0.013624128472310633,-0.03448581356221639,2.491472497013725,0.05165849330590216
7.328546047210693,0.040434500241606185,1.1863659991365372,-2.4476210830876157,-0.04252770627302861,-0.0028610173747870967,-0.038111490968168335,2.7202845805341793,0.05717759145924745
7.330517053604126,-0.050125515168630966,1.1898288962291794,-2.090263645153851,-0.03828310424908865,-0.013713909460193782,-0.03713249854132977,2.4057031146475105,0.055068047282892094
7.332513093948364,0.337490891682073,0.6999407490800976,-2.161411876735247,-0.026250025597876588,0.0033313368993686107,-0.034356573503599636,2.296849680558863,0.043365144901574074
7.334527015686035,0.13664008979323647,1.5134700072531595,-2.086006561599947,-0.05333020817462768,-0.006825789297518595,-0.03709176854530801,2.5808303609558716,0.06531846444384577
7.3365161418914795,-0.13895436906794068,0.6863083935462597,-2.107096638426682,-0.0209363871338092,-0.003000530986744499,-0.04176997681534531,2.220401713970727,0.04681950934785232
7.338513135910034,0.143451245061963,0.5484447461139209,-2.0463948460213084,-0.01688759459042222,-0.011754981282471072,-0.03585495801976438,2.123464566474413,0.04133942973240885
7.340514183044434,0.2708736480293193,1.2561614354109856,-2.0447980064734135,-0.04333581129699448,-0.005600773113127847,-0.03548367395845678,2.415059620855797,0.05628900707796784
7.34252405166626,0.17404833016641194,0.8457611555689027,-1.9897850227008127,-0.03385111114515644,-0.003130497503681717,-0.03702210839102505,2.1690664328386617,0.050262652636914214
7.3445210456848145,-0.004710660478832621,1.180539849635706,-2.080242243726458,-0.04130988937221266,-0.012235111108034115,-0.03568653138780025,2.391883007064545,0.055944020469240865
7.346517086029053,0.12232761632002989,1.0130504042450372,-2.3147761342294193,-0.03400020792783749,0.0015752219011582228,-0.03170912377392744,2.5297082280084533,0.04651842638873678
7.348517179489136,0.018581490098478884,0.7275450804070944,-1.8887157670872328,-0.025599136242687687,0.003936320911710774,-0.03495063211863078,2.0240835863774893,0.043501230835270896
7.350521087646484,0.08130892472987353,0.8211900377189346,-2.240413199008846,-0.02555438199075114,-0.005867477459279778,-0.046200314127900384,2.387554297096216,0.05312177290133542
7.3525261878967285,0.24965349869626885,1.1664690347056679,-2.399950564286305,-0.03474340942799448,-0.004998395637585645,-0.036872205519404275,2.680063355474384,0.050908231136980966
7.354525089263916,0.17064186301782644,0.8737695491507128,-2.1184431170490927,-0.029715904175207485,0.009704612290495112,-0.03926571306693785,2.2979105967399844,0.050189746794679455
7.356515169143677,0.19680377940130037,0.9680654695060078,-2.3441718470274355,-0.02301127884488308,-0.006159592630518308,-0.03639123923442425,2.5438207738031666,0.043494618385128955
7.358522176742554,1.278925731002515,0.801118105494351,-2.2503046460803064,-0.02761139135409688,0.027297107576482706,-0.03645428379797197,2.7094856051549323,0.05325819957315725
7.3605430126190186,0.2194896466172519,1.0127167946739013,-1.9634213698875884,-0.034341514281124086,-0.0024192461342455217,-0.044744531390361254,2.2200888466270894,0.056455871654963706
7.362527132034302,0.36024060627319104,1.0334462097792303,-2.076490329599013,-0.034123327481922,0.0017369463631780884,-0.03199353490777469,2.347252958637682,0.04680816955406448
7.364534139633179,-0.2021972914753873,1.209105164926862,-2.2098418752794013,-0.0324368030124748,0.000574699393994481,-0.029436629132717426,2.5270971802190707,0.04380629639401966
7.3665242195129395,0.09071186511430995,1.265434242545899,-2.304268589048525,-0.03652256781472193,-0.0040640426909043705,-0.051473334139768935,2.6304384036042188,0.06324490912507312
7.368535995483398,0.3101856338011509,1.2001293404014262,-2.404464526925591,-0.0359192256258238,-0.0015184604722528335,-0.031406823429030215,2.705175636137604,0.04773766908497851
7.370520114898682,-0.25107627482864037,0.9983074575099178,-2.1391870086677143,-0.03392107628348111,-0.012523072249982751,-0.03482070464195285,2.3739793877695035,0.05019908591369119
7.372547149658203,0.17060762625979703,1.074178985865328,-2.1689802688176543,-0.035538974669077024,0.005046673915586416,-0.03835355528953077,2.4264053375998356,0.052530779943635454
7.374543190002441,0.5433180717745344,0.9378527403383239,-2.0500907835473665,-0.03551789051543817,0.006216328111826874,-0.031833214953725826,2.318972727408142,0.04809903175897261
7.376561164855957,-0.334662598552197,0.9807720328574313,-1.85091953390488,-0.03265581380622534,-0.007838657178996794,-0.034899803010692454,2.12127696359897,0.048433903124793
7.378521203994751,0.5823652161913907,0.4714064061657083,-1.8933779749381063,-0.019868158148051207,0.008754988841831157,-0.03200998367797107,2.036235104496639,0.03867858054376525
7.380510091781616,0.3506548693885472,1.2084082198973947,-2.303448408756096,-0.04006036314146322,0.0008041283720982458,-0.02524767847705129,2.6247064283729866,0.04735952476477437
7.382516145706177,0.4405435377874214,1.315722497637826,-1.9569109312425197,-0.045665618463644815,0.002343306535948631,-0.030402025371155363,2.398896557230645,0.054910135146955995
7.384517192840576,0.16131845383588886,0.6352717904090484,-2.031054364794453,-0.015762227555250297,-0.006030279886867631,-0.03887818762727722,2.13419205414792,0.04238308113149896
7.386522054672241,0.25005062402732836,1.156592340357846,-2.162149076332522,-0.04586485445447861,-0.003991329032026396,-0.035731144663810596,2.4647758081895548,0.05827718490591806
7.388521194458008,0.6876724384505875,1.2684857291129015,-1.7984006798606968,-0.042738687489363054,0.0127177055420689,-0.03080044640860418,2.3056874100560734,0.0541941227582614
7.390538215637207,0.2835340710515615,1.0982863787241806,-1.9739162778790382,-0.03170770362999624,-0.004178316764727079,-0.03679205291568704,2.2766137158538737,0.04874927648924434
7.392524003982544,-0.05119227613029924,0.7586830542665227,-2.033248977192151,-0.026569415353602032,-0.006995127827164724,-0.0322521511210518,2.1707883427961163,0.04236822981298323
7.394520998001099,0.014808238688621168,0.8614189613575685,-1.6507516534489834,-0.033886673126350186,-0.005759845063241321,-0.028598711080675493,1.8620534182144088,0.044714300913696506
7.396517038345337,-0.48193813604941854,1.2822112001931905,-2.0583291861841113,-0.032930526388035494,-0.02321995109258611,-0.0379214625823124,2.4724580820667104,0.05533193491390766
7.398522138595581,0.5480797729851135,1.1397884609642572,-2.1621818153576022,-0.03624483743025411,-0.003542467785411357,-0.033065097963230365,2.5049030671796024,0.049188799758423135
7.400529146194458,0.6267025473721155,1.1514158020558665,-1.8930830996391073,-0.03614235799984576,0.009906990453727008,-0.0419845188973334,2.302667595256828,0.056277156366325035
7.402525186538696,0.1688274477333018,1.1712476806926386,-2.1961803011322183,-0.04420139750506353,-0.005254379809674378,-0.03437120498304542,2.494700733899204,0.05623834795378929
7.404532194137573,0.2591803880317307,0.8895104992830557,-2.0870592085643125,-0.025889963258720578,-0.002708476779675211,-0.03770801603524254,2.2834665624721033,0.04582052506593579
7.4065210819244385,0.481640606502757,1.0045297386626733,-1.8858454609890287,-0.03233188332522535,0.004305180864014168,-0.03790708603512156,2.1903129393817142,0.05000832364018981
7.408520221710205,0.01898233476545699,1.525654889030983,-2.07810341460844,-0.04523800743099679,-0.0070189390990945824,-0.034087348099457335,2.578080094035976,0.05707617824326798
7.410538196563721,0.45355753423614925,0.9356131192588378,-2.19327305500617,-0.032676578102073355,0.0013119154826006878,-0.03911633511650725,2.427248038336364,0.05098595445454841
7.41255521774292,0.3577245583096637,1.0225179472256072,-2.2971557228085944,-0.03129384477933086,-0.004078246752830608,-0.03360601935968191,2.5397705067286274,0.046100990822900346
7.414545059204102,0.2649660331995447,1.0551738548936642,-2.2351514751635793,-0.039644847245698105,0.0011657327171396815,-0.044779506810272734,2.4858602092085915,0.05981870172507766
7.416523218154907,0.49299879787027684,1.1267524384584588,-2.146268157698635,-0.029258329683577635,0.004485785616265836,-0.031521244106853266,2.4736786123150103,0.04324073263153446
7.418515205383301,0.2847264869051562,1.238002520259697,-2.0400891700065618,-0.034044591550113905,-0.003216979066464074,-0.04095567246610114,2.403265119393359,0.05335494611822516
7.420515060424805,-0.3895904257696177,0.8532348392618856,-2.299430398850419,-0.03209961991896366,-0.014010964279129658,-0.036110848826901305,2.4833788575122817,0.05030592531672879
7.422597169876099,0.11588674224804447,0.9956109300782147,-2.397156573262578,-0.0357253156745397,-0.002565155638633483,-0.026942244206309734,2.5982745231895836,0.0448192227327556
7.424604177474976,0.09824102902892218,1.2009016198084574,-2.2083592638698413,-0.03628473501411053,-0.0037644213828417,-0.04331010103433008,2.5156841293300287,0.05662612219634763
7.426547050476074,0.1962500744451498,1.2035618276397357,-2.7952467620180226,-0.043219818172227406,-0.003937035101478059,-0.05186723662865689,3.0496687730380603,0.06762886339222149
7.428544998168945,0.564228126123897,0.8087267632638603,-2.322506169682861,-0.029791311272197078,0.011864174788435591,-0.02502658067457014,2.523178008810214,0.04067690513040852
7.430523157119751,0.21356564858723878,0.9217933610571115,-2.4437088912248948,-0.029387608827625037,0.0006254938472892506,-0.04417259203721728,2.620501179506901,0.05305884169905081
7.432520151138306,0.8008133461236163,0.6788652231089582,-2.4813800212709363,-0.028579273309125252,0.014945178203464929,-0.028039117067798137,2.6943286392790005,0.04273552737889976
7.434519052505493,0.03886686937867155,0.9199180018292393,-2.041770571861285,-0.03251104367037738,0.00878237716912508,-0.030587429130346972,2.239773834953779,0.045493833978704774
7.436516046524048,0.3781381785919641,1.1825113056008512,-2.311434510776557,-0.03741412965992686,0.006151836789962815,-0.024402275594585486,2.623747504542222,0.04509027886689393
7.438524007797241,0.5163229200912668,1.129635134112961,-2.5707494516024343,-0.038203774050229636,0.007179189450502413,-0.03357964031549497,2.85506876221015,0.051367902006654115
7.44051718711853,0.8395559515185237,0.7771615313449879,-2.277049862690636,-0.028256938929738996,0.013338227564361118,-0.03288860607996988,2.5482916471063715,0.04536544193679935
7.442515134811401,0.5110643264118594,1.279403344750517,-2.443984288328312,-0.039854856865245675,0.0017084846301308506,-0.043868508678729795,2.8055514370414354,0.059293967561434145
7.444533109664917,0.2551055642617357,0.8533530997087423,-2.7668743370969455,-0.029616427342445555,-0.00287973236868734,-0.041146461391220225,2.906696399520507,0.050778508367859715
7.4465250968933105,0.07653287739824974,1.1500143729685712,-2.557909757889841,-0.03741905124860294,-0.013222221687505704,-0.028562001177157993,2.8055824117044246,0.04889581223318715
7.448516130447388,-0.3021929301392925,0.9266729245288807,-2.3498135723727107,-0.023428737948399843,-0.02055157316398,-0.03793194329820873,2.543947149802464,0.04909282273151276
7.450514078140259,-0.43026085246924195,1.0400073360885627,-2.2735559643430694,-0.03279451013435679,-0.021792673126369056,-0.03480643218839376,2.5368871443731056,0.05255366988736801
7.452514171600342,0.602512450612504,1.1131557360365896,-2.296577854726999,-0.03405428502618934,0.005333131238298505,-0.03723157264593531,2.6222903707706955,0.05073782237285532
7.454524993896484,-0.11301969118613477,1.0675775432933665,-2.7933775030386294,-0.03443967319509126,-0.009224671915549286,-0.030571749045396925,2.9925663127193083,0.04696613142924312
7.456515073776245,0.054736979685744605,1.451784831151087,-2.405161135560511,-0.05313254318062833,-0.002705734902000993,-0.03905832476452975,2.80988886273394,0.06599955211675848
7.458522081375122,0.7807885652414274,1.1435880838761452,-2.435339381322717,-0.03617638286963952,0.008735507400087335,-0.026376488678159553,2.8014821776010987,0.04561533647860999
7.46051812171936,0.2682900884877194,1.0703670324589774,-2.7892005136711053,-0.02683256965323205,0.0023147590286640976,-0.0330754604954116,2.9995507432312167,0.04265361638290316
7.462571144104004,0.35098590086554843,0.980047772017486,-2.447924197297912,-0.037336757631518495,0.005789671860767217,-0.035559030444238755,2.6600784976687186,0.05188447182755562
7.464520215988159,-0.12415519823688725,1.18947374181956,-2.367218027790539,-0.04027283030679471,-0.01048424185736819,-0.03961137377977253,2.652165810582739,0.05745329512712499
7.466516017913818,0.4806945783926394,1.1716693246027503,-2.16383867297287,-0.038060364267693124,-0.0028957396013878506,-0.04055322023832292,2.507204436531679,0.05569147428221362
7.4685211181640625,0.05252630629920213,1.009633498062145,-2.0620455221070073,-0.0321330565855602,-0.008068924582302963,-0.03452050132029036,2.296551882388944,0.04784669143054591
7.470523118972778,0.047734272498080835,1.3424264217865631,-2.4932110777251077,-0.04454204437769034,-9.558914586456357e-05,-0.040627577580073154,2.8320467398637317,0.06028766801472591
7.472557067871094,0.522723923939772,1.1057445544156186,-2.3953900630511753,-0.043016907018015624,0.00044431284635646835,-0.031609717680865144,2.6895733629040683,0.053383761156048544
7.474534034729004,0.5033239576855139,0.7008895110851117,-2.7807149210731015,-0.023927064027115356,0.009563791546090428,-0.031506406937947276,2.9115213523874286,0.04070164836753274
7.476535081863403,0.21666274375213102,0.5507606211030854,-2.5712118727881283,-0.017370523922083075,-0.0017663353639255338,-0.03317780056300094,2.6384485026345867,0.03749161895869235
7.478529214859009,0.31233723928762624,1.192297504304546,-2.459973554316539,-0.03406602862313349,0.006955829102702304,-0.04062634943837916,2.751471929305006,0.05347315338884963
7.480531215667725,-0.0363615214321542,1.1056785192201548,-2.6034949444524695,-0.04198887176678021,-0.0028089097144716026,-0.04328860091065335,2.82878650199963,0.06037266181669468
7.482529163360596,0.04259861327710144,0.9159654910301512,-2.261582997207426,-0.028643409761330566,-0.005174901700769551,-0.03630608360943996,2.4404026462592117,0.0465333884154567
7.484522104263306,0.08400523171801513,1.2144557636899074,-2.50600492348209,-0.036092359330988553,-0.006700353309900737,-0.03530749964253586,2.7860402648619615,0.050933021386546116
7.486523151397705,0.2922008317873493,1.1883124928508,-2.166304325572452,-0.04164237278144491,0.006916901660451273,-0.04471869534335522,2.4880398585546044,0.0614954669277419
7.488526105880737,0.3613579684052115,1.1220854812514325,-2.3697788572392917,-0.03978110252467694,0.006812671926521921,-0.043938804455839905,2.646791877119084,0.0596621081915969
7.49052619934082,0.07452656345413572,0.8976013591676196,-2.229146611298578,-0.03404479158339295,-0.007287838669520261,-0.03125336341853524,2.4042331466194735,0.046786035859010915
7.492521047592163,-0.013141487523382463,0.8922194665643144,-2.1917428589803136,-0.02630373102271004,0.00033009495298179505,-0.03540846632005707,2.3664245255452023,0.04411070976000815
7.494527101516724,0.6723648003524002,1.3059154795294754,-2.429770157046684,-0.04790837950050753,0.008577814221054525,-0.03486414472596811,2.839238045761977,0.05986902630449927
7.496524095535278,0.11981356664299414,1.4398736461171207,-2.498430600232684,-0.0510267812480746,-0.004653621957398643,-0.04038513678481961,2.88613008572264,0.06524069186473906
7.4985291957855225,0.22739580938825424,1.0917506148935063,-2.09811664207096,-0.029447981161834464,-0.0019357409868118996,-0.03384467695588706,2.3760727478305057,0.04490426311525592
7.500526189804077,0.532301595526303,1.4500877150987896,-2.1580797912539946,-0.042109422875726735,-0.0026745393793604555,-0.037575061642244244,2.65394192768025,0.05649992843568019
7.502530097961426,0.14932461171736564,1.3664417436735035,-2.14920034781541,-0.040328369005777104,-0.011949647311181671,-0.04320575293450712,2.5511807097044112,0.06029849504063451
7.504523992538452,-0.18266663638947717,1.0990634479530097,-2.1696898212610627,-0.03711542095729856,-0.013145256545283238,-0.03575975603253021,2.4390287991657797,0.053189401143318674
7.506533145904541,0.47313865992344273,1.0129846657816877,-2.3276995104478413,-0.030286582056495173,0.00439522051838761,-0.030554152590330938,2.582282543712463,0.043245245479512515
7.508531093597412,0.4813567273275213,1.272013546776072,-2.342103137904743,-0.04219158129077096,0.003021862708109891,-0.036998426435096154,2.708351873503247,0.05619737311223383
7.510536193847656,0.14709258893729074,1.1329306730017787,-2.088323893654175,-0.0368532692393195,0.006482439274568477,-0.030002794519617917,2.3803917375834325,0.04796199695134322
7.512577056884766,0.2904508030277544,0.8104518044152947,-2.308131678876061,-0.022486011782762667,-9.569186702601507e-05,-0.03937887072862258,2.4634661847264514,0.04534672361581953
7.514546155929565,0.24002144463730885,1.2976658789105695,-2.3772369642991493,-0.040290567439345025,-0.0024303002915301722,-0.031610674177453564,2.7189708736219953,0.05126861521481296
7.516523122787476,0.01800773812976947,0.9570717339542788,-2.3655163153063454,-0.03337018906404346,0.00033590655114683804,-0.04190614863389942,2.5518577586823508,0.05357058562968655
7.518532037734985,0.5134882440783585,1.162702582248492,-2.358338326829348,-0.03560152592829075,-0.0021200584023396154,-0.03882287714663291,2.6790496701939355,0.052717919970297025
7.520524024963379,0.25826035592177116,1.3617421069393152,-2.4588340250125382,-0.047247976703814906,-0.007445136966704032,-0.04226000765665875,2.8225705907579575,0.06382561879212825
7.522621154785156,0.5745177345912085,1.3561266468366653,-2.516381557010013,-0.05433420579276875,0.008504162227841332,-0.03216521513952768,2.9157033885634545,0.06371128439531328
7.524572134017944,-0.35456628041512817,0.8649214291879668,-2.432215104032279,-0.028955631962332785,-0.01790575399285117,-0.03520685807407156,2.6056624183034005,0.04897517232066051
7.526552200317383,-0.001589793684646415,1.4548650349894168,-2.3906662392391755,-0.043491636798122936,-8.248269817127062e-05,-0.042682163464754855,2.7985567467744334,0.06093682263465493
7.528562068939209,0.3808230613211694,1.083383222315574,-2.2306669013838687,-0.03692813564422255,-0.0016186440822619093,-0.03789297965974508,2.5089081759519245,0.05293566962188157
7.530529022216797,0.7045867363154091,1.187508392760854,-2.441950660461987,-0.03835774236389287,0.01507586927982785,-0.03458973876284957,2.80530598687555,0.053805652690766766
7.532525062561035,-0.04474866851564665,1.1621621094480337,-2.1430104942260932,-0.03376192286925288,-0.00810337545948994,-0.02804939716093406,2.438261099704827,0.04463519699473343
7.534532070159912,-0.06831317463497046,1.1196365407769335,-2.3542573729715257,-0.034115391247827365,-0.0036141317903925956,-0.03961600030151733,2.607830602524335,0.05240562325247629
7.536525011062622,0.3395341259311936,1.3009263092875287,-2.31217089965329,-0.043981270042277094,0.003934912651436223,-0.038835392941668156,2.674663895533761,0.05880496064993073
7.538530111312866,0.2663699952369537,1.0667168441815253,-2.297384523291044,-0.028695169192089132,-0.004323115409970676,-0.0324138735009394,2.5469223482235073,0.04350587612203032
7.540523052215576,0.381702683377208,1.2407719919633786,-2.3057068019428204,-0.04203966931899058,0.002043572315635928,-0.042965912081225036,2.646034000360449,0.06014631813528465
7.542532205581665,0.038378839268581585,1.1633910755251495,-2.280333006183952,-0.031937098566791555,-0.007965255048244328,-0.03790493938368516,2.560248103017969,0.05020167310488154
7.544567108154297,0.331040619267482,1.1435714290789736,-2.1447406913662617,-0.03900583718866,0.00013829839851070994,-0.03159876807425458,2.453009608259404,0.05019916936609422
7.546536207199097,-0.2194712090894553,0.9437695673123095,-2.3051131295289506,-0.023292169046869055,-0.015475415415983799,-0.03603896356875161,2.500482982891666,0.04561601162218152
7.548525094985962,0.44499898235908775,1.3680369985525764,-2.371143793519492,-0.04426883068741919,0.004896981422953579,-0.0347294548702121,2.773422472912371,0.05647871132621776
7.550540208816528,0.7438399382374707,0.8234748218350948,-2.0706718296003075,-0.02103897336177642,0.011584468794044137,-0.03184775865650816,2.3492744543398394,0.03988882110066567
7.552540063858032,0.04713523540016119,1.3106991140230588,-2.117653376279079,-0.04010066801601347,-0.010282797340539515,-0.036329147773088655,2.4909054016528294,0.05507818510441357
7.5545361042022705,0.47859707796983036,0.860976283074941,-2.4704347674217755,-0.029324231510131485,0.0030721669948835574,-0.033061180122512523,2.659583287499206,0.04429887577351661
7.556532144546509,-0.016347171120962393,0.8524457716559898,-1.9169907726587048,-0.033365540368258464,-0.007281526057096652,-0.033392781418425645,2.0980430515307478,0.047763560971150545
7.5585291385650635,0.4920816102439565,1.2214938405005162,-2.261258737947253,-0.03121699231390407,-0.0012848707366700349,-0.03153877898607883,2.6167694956689993,0.04439421225643073
7.560525178909302,-0.01627093529613192,1.427584613304735,-2.2851754086613734,-0.0477733485902043,-0.008281191553537027,-0.0348750831412003,2.6944923863003427,0.05972555896074294
7.562558174133301,0.44383314088119613,1.2165049649665332,-2.242315974701848,-0.03660574261228371,9.53901534263528e-05,-0.030724943609384908,2.5893731127699215,0.047791334478941024
7.564532041549683,0.14040654761728166,1.3443447288121975,-2.179572919613097,-0.04223156658315268,-9.400330805539245e-05,-0.03189464595552924,2.5646666177906448,0.05292241957164979
7.566540002822876,0.5700052598539396,0.706237380428727,-2.3562638688426314,-0.02216085356149935,0.0017391359371843123,-0.03179156799013965,2.525006267990088,0.03879216183269368
7.568522214889526,0.017556254789508736,1.1673853150651594,-2.405693370328408,-0.03933256627179433,-0.010731528659203137,-0.039514979558867507,2.674033898056281,0.056777196887712836
7.570533990859985,0.046354952977227235,1.291340107598935,-2.3406360786183664,-0.03828036842310821,-0.01254558074563155,-0.03429661125470977,2.673627742915815,0.05290591409673163
7.572576999664307,-0.12898766645169388,0.8890396445909764,-2.303572175287317,-0.02960623380696449,-0.0021684647953612705,-0.03942436496229592,2.4725440490533317,0.04935090548796116
7.574547052383423,0.1996770084239754,1.2782108946416013,-2.1984885758610817,-0.038501422669809215,-0.00030558690051503694,-0.04966979506197712,2.5508912201552847,0.06284537749470419
7.576551198959351,0.6116256149338244,0.9710922124427896,-2.208362661888288,-0.03393626407393555,0.005359998466248769,-0.046943941180650255,2.4887690982356188,0.058173303296498724
7.578533172607422,0.7076063734969488,1.5335463161780423,-2.540502084238267,-0.044101868832611184,0.005105143617093363,-0.03789763138240361,3.050675650359396,0.05837180646747652
7.580527067184448,-0.19455580155955315,1.3826946905190394,-2.3946354924359836,-0.04252121912081101,-0.011196642188030865,-0.03115872736163624,2.7719985044628266,0.05389142012049409
7.582542181015015,0.40280355661263767,1.2072075439248622,-2.379220317883184,-0.037610442660898386,0.0005195827972673374,-0.042479530213555314,2.6982012675775406,0.05673910336440205
7.584522008895874,0.3245254850307453,1.4562775580808436,-2.340942156885643,-0.05237935589074588,0.0014308348254732585,-0.031697813390112954,2.7759811415945808,0.06124047342682474
7.586543083190918,0.12634567138108402,0.9155071002935083,-2.3759432541445626,-0.031238771839794954,-0.0041691330675270285,-0.04381461175503913,2.5493573359338266,0.0539718698938468
7.588526010513306,0.11109279742510986,1.0081550209354742,-2.3772388139832397,-0.02937029091665636,-0.009560248906335543,-0.03920534057726451,2.584566217875948,0.049910630906245014
7.590540170669556,0.5214724096204184,1.065233334661036,-2.325002148343011,-0.041802732466879274,0.00878531197573352,-0.04022832855728294,2.6100364980336987,0.0586768145584025
7.592526197433472,-0.18711290642627482,1.1406291581446504,-2.2094920418975312,-0.03750856026299718,-0.01346414306557791,-0.02862726056939226,2.4935719759753443,0.049068271716060284
7.594542026519775,-0.019211330195776612,1.2724953582892764,-2.2706448476854932,-0.03904292992844879,-0.018965495438550098,-0.037526357570528905,2.6029678323783263,0.057378287767574754
7.596542119979858,0.4669448421239084,0.9441934313592648,-2.384032522937989,-0.022308830489452425,0.0054287403720102165,-0.030894656265099844,2.606367163665583,0.038492011191577
7.598528146743774,0.31125466741426716,1.2190594226605738,-2.0928844320615396,-0.03261615697858945,0.0004951334584793266,-0.042277604444347146,2.4419563038535825,0.05339901394919551
7.600529193878174,0.40844352548334445,1.3567074757061748,-2.7086651586605126,-0.043830457888248034,0.006292365754705319,-0.030993720004831662,3.056852667350467,0.05404917747035911
7.602538108825684,0.24603385734099226,1.3785293750111307,-2.291392764602848,-0.038308945707432124,-0.004192965874416993,-0.02103129198580591,2.6853969349801807,0.043902978562179944
7.604523181915283,-0.1909432547256357,0.9591033584011116,-2.319731133526388,-0.026452623425605015,-0.014847904855921662,-0.039438915707405695,2.517437409444996,0.04975569954169291
7.6065380573272705,0.32979343565121677,1.17489484191686,-2.3433434360275163,-0.034643893056579556,0.0008128407434623295,-0.034710199160669454,2.6420446739097208,0.049047507194181564
7.608542203903198,-0.26635405965518566,0.8358416664466248,-2.1019266582515606,-0.024985786832733958,-0.015822374234079124,-0.045554013887664946,2.2776460333273127,0.054312109619601805
7.610546112060547,0.0551908672335154,1.4905981795273884,-2.51197660998407,-0.045928279359551946,-0.011008119773801466,-0.03761658238145236,2.921464607648604,0.060378744736405345
7.612575054168701,0.09729789558450513,1.3136325547066137,-2.491629362436869,-0.033474088556022054,-0.011189664455941332,-0.038203914785767325,2.81838859084899,0.05201213608621679
7.614586114883423,0.23093743742248088,1.0361356305213,-2.2257148503820736,-0.03233125142618175,0.002172659622360291,-0.02907988443704871,2.465910732376647,0.043539291995733254
7.616564035415649,0.4590166645647029,1.22109802934115,-2.2403234148789197,-0.03592981167405544,-0.00020307423379130926,-0.03472426986175318,2.5924555345972067,0.04996766477942891
7.61854100227356,0.6479356046088655,1.2780102775053115,-2.4027589899730057,-0.04146692836733573,0.0032005800539990164,-0.03083042765301475,2.797567082488847,0.05177127707688488
7.62057900428772,0.22983918434060702,1.1371562897971401,-2.0619335691518783,-0.04205625853569726,-0.0027297724566497815,-0.035567932213538156,2.3659079698244727,0.055147605039868576
7.622648000717163,0.08053277113683113,1.215687998156223,-2.3834967288554822,-0.040789592812713556,-0.009108411610810406,-0.03166132900594103,2.6768338559859943,0.05243275501364926
7.624598026275635,0.2840264640889837,1.4433381465418218,-2.4876253671913666,-0.041594897210941076,0.0006245150812404215,-0.03863521763866376,2.890013149634384,0.056773281876798046
7.62656307220459,0.5988898916862677,1.036412139075346,-2.3889338956008146,-0.03571118958230629,0.00454500125252873,-0.04232069949478219,2.6720449812713123,0.05556066687411668
7.628555059432983,0.16040095490750417,1.1106179070136497,-2.3965345164959726,-0.035651859638195706,-0.0026529293271384665,-0.02477007476805508,2.6462385173054987,0.04349309983999115
7.6305460929870605,0.16389370037756634,1.243679352654519,-2.378634774457751,-0.04756818563361107,-0.00457434467333172,-0.04077385644101189,2.689145378647702,0.06281850271008031
7.632528066635132,0.4974583837189257,1.0645693133163032,-2.283884385941111,-0.030261776289155284,0.005790956258130815,-0.04516493033345441,2.5684432161783524,0.05467340496607337
7.634529113769531,0.7216515005918172,1.2339214217328238,-2.4503759528294724,-0.049031299925421275,0.00921194666363694,-0.03665346659823515,2.8368442455521805,0.061906420889744934
7.636526107788086,0.3461368768506836,1.154595121203359,-2.366743175644051,-0.03466871150526358,0.007796934016625196,-0.038720608739224345,2.6560071330627544,0.05255470748306853
7.638538122177124,0.25088002487200456,1.1410806353183407,-2.32490737979949,-0.03405121972394672,0.0038204294465944556,-0.03593127773956877,2.601960823652888,0.04965015574842575
7.640529155731201,-0.07384576333312329,1.0366130722758848,-2.3836840728599356,-0.02654406390721067,-0.013708626643341012,-0.03713138013678287,2.6003787450257376,0.04765766637193723
7.642527103424072,0.2721194216551353,1.162439737518597,-2.509991291758217,-0.03778267559221688,0.01080870142015326,-0.03566927322079841,2.7794552357802624,0.05307217400292445
7.644564151763916,0.66384103919725,1.1865006174454213,-2.414900054129191,-0.032339129336001804,0.015536672967950936,-0.039362014211616635,2.7713193449968956,0.05325951235149661
7.646525144577026,0.4380959306169776,1.1584346499411167,-2.307578721088578,-0.03861335455265453,-0.0036127771012582116,-0.03816636996336508,2.618934599532442,0.05441245357795252
7.648527145385742,0.06895852817263828,1.0873413916679948,-2.3493558730819712,-0.03439040757267117,-0.007092697723470772,-0.027529441066462566,2.5896987467709405,0.04461924046241488
7.650530099868774,0.04006898179781025,0.6823574868691108,-2.1952878830978477,-0.02017366630333287,-0.010413200046585826,-0.03735125752953548,2.299240342562054,0.0437095868931076
7.652551174163818,0.7028517285559585,1.1220085036910703,-2.2306332976924295,-0.03733357259798436,0.013034403223633936,-0.03500953975556952,2.5939600119245045,0.05281438425487937
7.654553174972534,0.30631248167103065,1.4170229125604357,-2.4376531375751607,-0.048452550614263255,0.001276886478776103,-0.04039788602139538,2.83618301424269,0.06309730022041415
7.656522989273071,-0.4561123860077752,0.9815107379413124,-2.521182981339555,-0.02879235328188959,-0.016722597637989764,-0.03352789418266189,2.743677361272643,0.04725213823304732
7.658537149429321,0.17437223535457866,0.971654304621371,-2.5747558498730454,-0.03629710375032426,-0.001954204985885779,-0.036885215428966465,2.7575143609068045,0.051786270140162925
7.660522222518921,0.40639049862365867,1.341570630155784,-2.427778847958859,-0.04781132679601513,0.001504079164125031,-0.038754779831987995,2.8034042034042503,0.06156393574125336
7.662596225738525,0.19841260544589456,1.3463300026161238,-2.6677993160902664,-0.03932068018462143,0.0023454406032953714,-0.04277912650541207,2.9948497840252113,0.05815213363558483
7.6645262241363525,0.2427799495970533,0.9664211977473649,-2.46698484382854,-0.033930155636877554,-0.0005318527177324769,-0.037799262463655336,2.660625162449894,0.050796875609159235
7.66654109954834,0.4252395222456734,1.2487978064267262,-2.3197217866923783,-0.043719191411954725,0.006804979032302193,-0.03656801146857916,2.668601465238152,0.05740117507605001
7.668531179428101,0.174720092788806,1.0139069412078858,-2.3245933061536133,-0.03359954920766688,-0.003048906079763348,-0.04137000758018118,2.5420992182186453,0.05338261011252536
7.6705591678619385,0.5371267047883652,1.4147117316213886,-2.6345035955779657,-0.04505736300163492,0.00456787379285821,-0.04121074472232186,3.038177673490677,0.06123199255468468
7.672576189041138,-0.02518137939247654,0.9331971603796737,-2.832051040240278,-0.02840511942528422,-0.0047442141174808775,-0.038545040663070664,2.9819463671459343,0.048115263034456485
7.674556016921997,0.316859518466533,1.3545342245251268,-2.4266759273095952,-0.03555834393862855,-0.007368320006108684,-0.04237767549152998,2.797126914538669,0.05580820139939688
7.6765429973602295,0.526001630891493,0.6212775352743906,-2.24769581143952,-0.021839965809673262,0.00015680032415120963,-0.03802330003991752,2.390564776846654,0.04384951583352936
7.67853307723999,0.7146028578238867,1.221795491052958,-2.669937645437013,-0.03723509317330551,0.007808625150828459,-0.03698196310042403,3.0219213253969976,0.05305744420090378
7.680533170700073,0.38962703139136456,1.110732650409415,-2.3147216446907617,-0.039287291040635795,-0.005791898184666384,-0.03753042212351495,2.596819696605114,0.05464036883717371
7.6825361251831055,0.01801159539069702,0.8221195073152529,-2.498021462652282,-0.029281855288278754,-0.008732957196839804,-0.03321623976166354,2.629888995708419,0.045133249101187614
7.684528112411499,-0.07753930174700728,0.9966992574995797,-2.4504286924023937,-0.028895201883760765,-0.010144665704438479,-0.03515928113373322,2.646511388557497,0.046626408654312966
7.686544179916382,0.12447941287119435,1.4296111976827812,-2.4363490825346203,-0.041450605999552616,-0.010802868695169115,-0.035533213105855305,2.827557276649942,0.05565486450797755
7.688531160354614,0.5906779870806529,1.3875290850965203,-2.193123657258962,-0.04404655936518134,0.0030180927002738354,-0.033245416387360345,2.6615651076837032,0.0552672234351144
7.69053316116333,0.6329851476715567,1.140353524029693,-2.2175206229672333,-0.027490881686703824,0.015453897312503694,-0.02424802431348272,2.572639514239161,0.03978112870652372
7.692535161972046,0.6895342758896663,1.0218456895751082,-2.249364887295674,-0.024472397181066693,0.018141549301106494,-0.032474367569658456,2.5650084848063557,0.04452638076333673
7.694540023803711,0.1256157224172035,0.9821946463896111,-2.3954591979468147,-0.031157979360956146,-0.005247785397215727,-0.03796461352742733,2.5920475308417488,0.04939302389730678
7.696530103683472,0.240359980794208,1.355140567691949,-2.316676770584553,-0.04849282680162302,0.006246886962874403,-0.03561204327047127,2.6946558477731295,0.06048797792815574
7.69853401184082,0.39338948093644743,1.0345104271049432,-2.5163873472812974,-0.032143205287511,0.005756333255057435,-0.031029156226743626,2.7490311728057404,0.04504586057388645
7.700524091720581,0.6845753517683784,0.9878092981344351,-2.088157789269213,-0.03442678682934376,0.0001222456386601404,-0.040139909558576506,2.4093180725290986,0.05288129097100363
7.7025392055511475,0.29853700931868754,1.3985671368886021,-2.363895473806715,-0.047183085422134535,0.004161434730380636,-0.04042436893666489,2.762809474683624,0.0622711064049392
7.704524040222168,0.805249723458592,1.0622443578188232,-2.2887519638497826,-0.04199098112160178,0.014486296485375149,-0.03185815378627127,2.648617704553509,0.05466294214627145
7.706540107727051,0.5214826102144995,1.1809517736141701,-2.1837365976894816,-0.041554941983988236,0.009652703365871016,-0.034382634691005054,2.5367886653103398,0.054791910478256094
7.708536148071289,-0.13002834360702442,1.2440037835589492,-2.0930080005960403,-0.03410048505978624,-0.01087819016607084,-0.03553506060421328,2.438264808056992,0.050437274259688296
7.71054220199585,0.6191033348030663,1.1318072321970774,-2.115495560861457,-0.03744492036264706,0.005750313307103152,-0.03541822368594952,2.4778212239874,0.051861727055341915
7.7125771045684814,0.05788257745890993,1.1631227630361012,-2.1236838402029345,-0.04116527098007269,-0.0014763960878112136,-0.03507049908991374,2.422031793310134,0.05409897583768623
7.71458101272583,-0.028999202217371452,0.9071595915548902,-2.3019007019574818,-0.028845297178224705,-0.005526822564831112,-0.03543860059097792,2.4743739248447527,0.04602707191219191
7.716531038284302,0.4436746696198523,1.2016596903609047,-2.363971025905556,-0.036882006251657405,0.0031507017253643234,-0.03366086853756769,2.6887157222773697,0.050032623129443496
7.718540191650391,0.18975362140397445,1.2146597960274976,-2.0925031691351412,-0.03638946300963547,-0.0016334071670037074,-0.04462253972581741,2.4269269395188013,0.057602361832523846
7.720535039901733,0.02004883667130512,0.8666428611409568,-2.1530834263634113,-0.027218065200042916,-0.01084131716853533,-0.035098198009298504,2.3210428788583943,0.04571915063386996
7.72263503074646,0.0666087927598418,1.2637515550874674,-2.5260630730720135,-0.03800566307406655,-0.007465769283959724,-0.031499201038372074,2.8253317280271606,0.04992361968804508
7.72460412979126,0.17701014505257545,1.0700696363682536,-2.338444521088022,-0.03598126776981945,-0.007081630154352324,-0.03949544904776434,2.577732413640991,0.05389519098631185
7.726561069488525,0.2870901698942893,1.2929657043041716,-2.3538820484020517,-0.04886121922544044,0.004898512292622471,-0.0359170077327303,2.7009149886559096,0.060839506994637395
7.728560209274292,0.26642543100610183,0.7771623081063876,-1.9588650603361926,-0.024610819418145666,-0.006836072571389,-0.02804887111437481,2.12417421320238,0.037936308352614946
7.7305381298065186,0.4582867039240776,1.1568922579608554,-2.2105601360814613,-0.04056264241969368,0.005810186989097207,-0.031013879246962306,2.536730674461885,0.05139014437478617
7.73253321647644,0.49467901124564784,1.1375314364499127,-2.311399283221456,-0.03841945699287101,0.00716459615127918,-0.03238962364195653,2.6232140094844403,0.050758977859149006
7.734533071517944,0.4176557832655841,1.1483300515360082,-2.453795331522328,-0.03906187213922959,0.0029211475078266525,-0.031911766353273405,2.741205900613205,0.050524487029260524
7.736541032791138,0.1811402221084873,1.0780353838099168,-1.9461286476180504,-0.03393069903960307,-0.00626246378105702,-0.041362546715450164,2.232126515655277,0.05386437654621994
7.738535165786743,0.043222451619409,1.2802078341111922,-2.163116379349098,-0.0394394944942932,0.003100092381357011,-0.033929889213523565,2.5139357090928187,0.05211834303563683
7.740534067153931,0.375167611639662,1.4535558741924284,-2.5265720455983427,-0.04638575161815613,-0.004531858777828882,-0.02827968194757294,2.9389014474496618,0.054515283253591756
7.7425432205200195,0.20155366703910535,1.6348864698344285,-2.3667859086263565,-0.047888237850463714,-0.008003580078737282,-0.043706525355732946,2.8836007329755065,0.06532687790772396
7.744551181793213,0.5725169913252207,1.102841255630315,-2.3669870400522544,-0.03927907744814509,0.003109826676147671,-0.0346987745692673,2.6733241831569297,0.0525025894955848
7.746530055999756,0.7542100127773408,1.0747539633716308,-2.3500571330271276,-0.03380023273148576,0.005967052416675892,-0.03971890472778938,2.6919690476764973,0.05249431245402846
7.748537063598633,0.13319945457090743,0.5409336199332844,-2.108238818355654,-0.021554446477430857,0.004900566000898078,-0.03688878173802366,2.180601337038423,0.043004557063096666
7.750530004501343,0.706506031767659,1.219486273749425,-2.432566585638066,-0.04548123806689438,0.007171447531831887,-0.041562443001493574,2.8113480286777337,0.06202748861635253
7.752532005310059,0.19842776657481775,1.0222754792437379,-2.568291333404521,-0.03781871399022474,-0.0019045963974697454,-0.047070678328623196,2.7713789180210737,0.06041135136403085
7.754536151885986,0.5191682592377687,1.1768637405133127,-2.396707648128883,-0.047428911381021725,0.00938329070715369,-0.03639972238565619,2.720064612419059,0.060518489480790985
7.75652813911438,0.4578627449378461,0.9574028055855132,-2.28107363476609,-0.03292244645456303,0.009125594997251883,-0.036815498833334695,2.51586075778649,0.05022494319513668
7.758539199829102,0.35894186567804565,1.2066644879988153,-2.015558019853013,-0.03831280770621716,-0.001158528824535395,-0.035931342781346326,2.376415910763029,0.052538317611448705
7.76052713394165,0.066588538264789,1.3341273891505527,-2.0530516486803316,-0.042112013227367726,-0.004971786391411669,-0.0418909001915531,2.4493572618258326,0.0596069445353684
7.762534141540527,0.07295527980903124,0.8913668418334147,-2.3193672365444566,-0.03142528726405444,-0.0017835478515279462,-0.037610242362929765,2.485824148552741,0.04904345066535744
7.764528036117554,0.1844421113800881,0.8429493484493068,-2.0041946741610683,-0.0294455524474077,-0.0021043648072269047,-0.03626772500360868,2.1820583833704004,0.04676341291129547
7.766534090042114,0.13661531691994827,0.8920901202912649,-2.2567402582976634,-0.0279310492742477,-0.005966309325650183,-0.04264949510183032,2.430507173607975,0.051329521651490594
7.76852822303772,0.28516390040493206,1.1772629744356835,-2.3560993715821943,-0.03246204975562526,-0.007740084241757149,-0.035723507116506625,2.649239666364921,0.048886220339777624
7.770534992218018,-0.19734721881530415,0.7934081073719439,-2.438800609847723,-0.020953686266311545,-0.02117549004064829,-0.03783325086606248,2.5721957087693172,0.04815405712609297
7.772572040557861,0.10184943173609763,0.9125072895590898,-2.5563959107420966,-0.02931839211819688,-0.01570461534596316,-0.03360992189379333,2.7162847628152607,0.04728456311808219
7.774560213088989,0.739509040932034,1.2507918872930448,-2.498451623938951,-0.039586968480530976,0.009467711251566053,-0.03395885964417398,2.8902620095938527,0.05300914806101199
7.776552200317383,0.04592978898896652,1.0777541073734709,-2.3912563287299595,-0.03494715594843488,-0.005825560677108684,-0.026822454337126704,2.6233128466059936,0.04443742704921325
7.77853798866272,0.5858021204457144,0.9305817813569116,-2.6271057980626127,-0.03260359686137646,0.00595239360121433,-0.03634185506097733,2.847952150287342,0.04918491584984178
7.780524015426636,0.316052125935814,0.9484536308593601,-2.4840795108866467,-0.027477410196756154,-0.0006783340911563334,-0.03504289779077073,2.677705034652938,0.04453619756820768
7.782538175582886,0.6144567213517123,0.9783261902098176,-2.052957819205609,-0.026221473824944046,0.0042343101343898645,-0.04012305983477279,2.355698411151606,0.048118135898756305
7.784530162811279,0.6542885602347368,0.9943769192800848,-2.5630914456210796,-0.029169680784263102,0.010553881159819914,-0.03518888956150949,2.826007207398267,0.046909621967817235
7.786531209945679,0.17859469584749002,1.0416625495482765,-2.2742448544673826,-0.037485582612613234,-0.003592040248682078,-0.024772156603057108,2.5078170967173103,0.045074731277308676
7.788531064987183,0.5992896239571726,1.3371338105196788,-2.159774726764601,-0.03877491048534862,0.01584878354619199,-0.03436350859265866,2.6099237059708686,0.05418051629357706
7.790537118911743,0.5597167605987495,0.9111537308961882,-2.130268102962913,-0.03191462394087146,0.005895288666902717,-0.03677746636554734,2.3835952181363362,0.049049767400287665
7.792536020278931,-0.04052609950199897,1.022160432189836,-2.5821016343201166,-0.02960683363739011,-0.005371889297475241,-0.03297731702364505,2.777355426270461,0.04464219115068629
7.79453706741333,0.42478138828104267,0.9855764333469446,-2.3265774790687908,-0.03962385674001088,0.00515516173957748,-0.03760125929586333,2.5621793262589847,0.05486784501097941
7.796529054641724,0.20403382982911147,0.7803654133999106,-2.279972445213253,-0.02511140124273845,-0.003160830960476207,-0.03164624244263352,2.418444610297546,0.040522314660843974
7.798540115356445,0.22494924941247169,1.2964806840027883,-2.3074117561655814,-0.038258565416902444,-0.0026715237959487504,-0.030179637013007275,2.6562404524618444,0.04880230893501457
7.8005290031433105,-0.06398188922468355,0.954372694288664,-2.123800551428494,-0.03373451829326113,-0.0037664378480036106,-0.037232039916683335,2.329259475455781,0.05038282023565915
7.802538156509399,0.13533491319835642,1.2776994016462748,-2.123272731955517,-0.03991451540197979,-0.003345434250880659,-0.036655578116229444,2.4817571182457603,0.05429541303956391
7.804527997970581,1.003021877604838,1.0435685295987829,-2.2293926161483175,-0.034392472507586896,0.018106406830138744,-0.03551896460501314,2.6580593672564086,0.052652454644544266
7.806529998779297,0.044016425496846465,0.9410014512996874,-2.2624199332175077,-0.03551774139846432,-0.005701508302633331,-0.034730857095893436,2.4507070676197817,0.05000249579359569
7.808539152145386,0.5959149154118266,1.3132905142029145,-2.226015275225624,-0.04351319800732735,0.006871494298060464,-0.0323015023349579,2.6523556636777523,0.054626027567529066
7.810535192489624,0.3368329885335318,1.0164795929037465,-2.2571979975678276,-0.03252319609962563,0.00105925915898724,-0.03856512479775995,2.4983254442082616,0.050459381339523
7.812560081481934,-0.02778132407606068,1.1028208411166605,-2.1622226969631098,-0.0380448707029072,-0.004348806527653446,-0.037917342424226994,2.4273839005874414,0.05388923047819454
7.814580202102661,0.23208212181130808,0.7495925098393864,-2.6110615578900114,-0.020776263598691353,0.0012428875934031194,-0.031176911312267845,2.7264250404444943,0.03748596667641315
7.816557168960571,-0.15802359899470225,1.0791725378399033,-2.183478228452253,-0.03616553564763222,-0.007084149303386791,-0.04472673615801496,2.440729808559736,0.0579535336919287
7.818554162979126,0.20752753957334893,1.2537675040937932,-2.140749813488542,-0.04447685597362433,0.0003375779278837351,-0.03447732549369012,2.489540198099676,0.056276021975205134
7.8205602169036865,0.15517340973387594,1.2364497577737434,-2.2398694154474845,-0.039781445057024856,-0.013374021179137134,-0.04510605461058117,2.563181965613101,0.06161155716144356
7.822689056396484,0.47527049055591014,0.9843405847900529,-2.189840877340375,-0.029707418513809383,0.008417416730309183,-0.03429772737474324,2.4474908568019087,0.046148864799023234
7.8246400356292725,0.3505806284249239,1.4324668486671701,-2.2469543322367036,-0.045200861583388416,0.004918670046084616,-0.04174847410746442,2.6876889367474353,0.06172719249410681
7.826581001281738,0.4781657062883242,0.9098432640730227,-2.399843242074793,-0.030248843892770116,0.009394350955863696,-0.038738546772287094,2.6106904823018215,0.05003919856232499
7.82859206199646,-0.051191349456185434,0.8700651853358693,-2.4586328639795703,-0.026579011989061794,-0.004911544219864895,-0.033872135089616145,2.6085454837577724,0.04333461296086056
7.830570220947266,0.5325987296200643,1.2313302160016415,-2.56755730708769,-0.03957513318255751,0.0029273803302608432,-0.040816185444266885,2.896926998184618,0.05692733716094533
7.832560062408447,0.2888302971107245,0.9039381515888355,-2.489987402537033,-0.02506963100302773,-0.003394129294268633,-0.03524867262875575,2.6646884221649687,0.043387503205224616
7.834551095962524,0.4271524820089542,1.3254550397195757,-2.4306633244147715,-0.03831204814752363,0.013280059912411265,-0.03328896488111885,2.8013237052971047,0.05246263629852931
7.836551189422607,0.43610351434779104,0.8554291681908364,-2.4599516864351143,-0.0284432475990971,-0.0010269522530751106,-0.04235161341919116,2.6407021105405137,0.05102677850033501
7.83856201171875,0.20887476882783107,1.129546244498913,-2.3394697337022152,-0.03466471714676252,-0.007479529837542897,-0.042562343865588916,2.606265915524199,0.055399811342534196
7.840561151504517,-0.07514406704032589,1.2921378580618044,-2.28401564612497,-0.035798158806066,-0.010567100161495778,-0.031484022577572914,2.6252608150032586,0.04883047672706591
7.842550039291382,0.1540798159232846,1.0155693989746502,-2.3417425493396893,-0.033530613646360945,-0.007429380697607037,-0.04157815255767844,2.5571233762172354,0.053928105095219926
7.844556093215942,0.27380252683744577,0.6516484212461542,-2.4568253628485337,-0.019765542258244905,-0.007892651849211365,-0.03325336442753479,2.556482808890176,0.03948109496614501
7.846573114395142,0.22918302075921876,1.393015846557471,-2.4252742879195908,-0.05001470231734304,-0.008882289996013834,-0.03568247511603517,2.806238296618522,0.06207740775734918
7.848551988601685,0.5184131958514026,1.0357413339410104,-2.102939150450655,-0.03106460304346446,-0.0037971241041411564,-0.04166891778837122,2.4008051613916717,0.05211263209015939
7.850564002990723,0.3895075108327616,1.1092061954003503,-2.525333461696965,-0.0362028225122227,0.005291874565659696,-0.046447365312653054,2.7855634219446577,0.05912703306235838
7.852557182312012,0.5136390600396665,1.1864034359343487,-2.068283648690053,-0.03925362356235269,0.0022453610859418096,-0.03691954200418263,2.4390931610403688,0.05393460105516455
7.85455322265625,0.2873371192495296,0.8640822384663217,-2.1273315288467414,-0.03121678696671528,-0.002024653296608468,-0.0362331051974875,2.314031151163917,0.04786883037790821
7.856549024581909,0.004771006538158221,1.07070568658798,-2.3878789182045654,-0.030882374053422867,-0.007663825213353881,-0.039398098534362505,2.616944622608784,0.05064252572887436
7.858546018600464,0.671251412230534,1.0282334334936918,-2.12166083583677,-0.03257271916952355,0.016940686197324636,-0.03524553404741335,2.451384742242493,0.050894170129988814
7.8605570793151855,0.24019882123809427,0.8585521003296218,-2.5136062950054554,-0.028386565778654362,-0.0009873692851925231,-0.03427939750130348,2.6670252696582435,0.04451796387823217
7.862607002258301,0.2790762944885288,1.4613999472433976,-2.4299881828878487,-0.040553958333248506,-0.00010593917490765744,-0.03886623293532334,2.8492834104249867,0.05617133452381605
7.864562034606934,0.1477761132826618,0.9959458760371809,-2.387692108344909,-0.03089079847899672,-0.010339560400678387,-0.034423694880304334,2.5912968899577975,0.04739344584604029
7.866552114486694,0.15038446887283635,0.9251302294208993,-2.425081950433439,-0.032730965647006685,0.00024346367591827488,-0.03996790317140417,2.599904593669657,0.051660513650812284
7.868553161621094,0.012341523137998474,1.143789874007556,-2.289035185936776,-0.03554119481685201,0.00030894769138711944,-0.02489203293629242,2.5589235376486337,0.04339222604784074
7.870564222335815,0.1381794339212583,1.1489631115214811,-2.662970207605436,-0.04260433960373554,0.0008678327307412856,-0.036994530169464926,2.9035530155638734,0.05643118064668171
7.8725950717926025,-0.026941163078881912,1.1226519265553354,-2.4013440686484446,-0.036886634710914794,-0.012941670404492053,-0.0369705919733194,2.6509482285588897,0.053804603186090295
7.874572992324829,0.06001715361798193,1.2986623899730323,-2.2244922940721303,-0.04152777417669152,-0.01438715518731002,-0.04495083447478216,2.5765271254627153,0.06286591908525073
7.87657904624939,0.8147636798033965,0.8687634686277125,-2.429195044343302,-0.030951262627394678,0.011572029314127704,-0.03546229376376034,2.7054719332883277,0.04847129872062667
7.8785881996154785,-0.20631911105283407,1.1174273615219428,-2.4709996860244994,-0.04048973504077321,-0.012632579940474285,-0.039314194035673954,2.7197519982889427,0.057832573626798875
7.880575180053711,-0.3525797092597623,1.0434708353025117,-1.8945758684910377,-0.03353153514572692,-0.00941343288869324,-0.036422868662934364,2.191474744772841,0.050394463283345105
7.882559061050415,0.06432827577112513,1.0570014677587591,-2.1990951349873993,-0.0343655898164476,-0.011185468361919486,-0.04392515379560269,2.440780539629302,0.05688169830336624
7.884544134140015,0.41002517474295574,0.9864542176035359,-2.1098443265880595,-0.03715077463296412,0.00492278365523265,-0.03944181242116649,2.3648796269126717,0.05440652922041618
7.886554002761841,0.4462661775652023,1.3729452407832445,-2.05641577125601,-0.04746248744243949,0.006896807523028536,-0.040993604949169524,2.512564021014881,0.06309302112723725
7.888557195663452,0.5984656831202473,1.1060748458034515,-2.1988891226647245,-0.036958093197761645,0.0017145661135768962,-0.035123489826186745,2.533115889998907,0.05101470305061576
7.890547037124634,0.3830878546242583,1.245300621255537,-2.3189534266060106,-0.04046064241611429,-0.0023021032977671805,-0.04158827264381872,2.659901302008742,0.05806847411302331
7.8925580978393555,0.9894256566376574,1.2625888869881035,-2.175049981257764,-0.043309535918381395,0.031139866044568615,-0.04264694335545025,2.70257955452344,0.06829472114521172
7.894554138183594,0.07556258930411858,1.1857147170331561,-2.3580383261547326,-0.04337183564009014,-0.013245266240770773,-0.030259643742707298,2.640449553145444,0.054517880039629756
7.8965301513671875,-0.11529564465550832,0.86038667670203,-2.113302691949181,-0.025361153544782303,-0.0013263754685842442,-0.03159227743939087,2.2846458340238534,0.04053417539327933
7.8985350131988525,0.47085386459603595,1.3446602744408458,-2.258636735775579,-0.03939623558344665,0.0038812917864632247,-0.03753667701197993,2.6704408848838646,0.054553917596995696
7.900528192520142,0.07561646767144678,1.1808257315286939,-2.5440704173929842,-0.03613981819300031,-0.0050150182697795195,-0.037774400301693614,2.805772896561212,0.05251801772174888
7.902529001235962,-0.13727219043926195,1.018571088407236,-2.261388556463987,-0.03091474213181538,-0.006828414189115623,-0.036621495726672657,2.483990523273664,0.04840952871773759
7.9045250415802,0.26116552877316934,0.5872672615988543,-2.0933298063979695,-0.0240189091640544,-0.0033625386948068067,-0.039301016435662944,2.1897762324765853,0.04618208047264023
7.9065210819244385,0.3985560306791941,1.123093176517178,-2.5715897415590563,-0.03259777704988343,-0.0016687521971338137,-0.04221470964918778,2.834300441312102,0.05336179825731676
7.908535003662109,0.1513763922610934,0.9357853135423176,-2.2643372431091175,-0.0365292030629874,-0.0008323044885806864,-0.03153144561390259,2.4547570380195425,0.04826289951589292
7.910531997680664,-0.30271805526294077,1.0184535738238865,-2.5672032267579303,-0.036936311960957244,-0.009948180015160565,-0.03814095909158515,2.7783841186008016,0.05401842451716974
7.912554025650024,0.22005896671545142,0.9600229352574134,-2.4724148962013497,-0.03657473068478036,0.001038360979299254,-0.03661361637415627,2.6613728419765734,0.05176239969496613
7.9145801067352295,0.2399195402830232,1.1403889456155885,-2.1313293973473706,-0.04036419737920777,0.0007043991363062546,-0.028393668472969397,2.429117809635621,0.04935549632577681
7.9165730476379395,0.37995312161510725,1.2993807383438973,-2.2120374970776555,-0.04872155084947223,-5.438056127638144e-05,-0.034250176931532664,2.593427185459768,0.05955557987514223
7.918532133102417,0.31609812839579354,0.9581948768611589,-2.4784866023767327,-0.03391919131048298,0.00030372918451846505,-0.03188823747163184,2.6759953824659815,0.04655602516991606
7.920530080795288,0.5753683642221517,1.2155512291706456,-2.520057876590128,-0.04340399941538434,0.009471634080844062,-0.039637636493989124,2.8564497626686673,0.05953789754636713
7.922640085220337,0.34889904092383306,0.9487820104063893,-2.381616846216318,-0.030245792892491748,0.000128093377458629,-0.04206263602698195,2.587279777335594,0.05180820152395963
7.924593210220337,0.4522729559622113,0.9324672620549079,-2.4420008788317897,-0.032174328860338386,-0.000622657670587322,-0.03328523122265613,2.6528125289424818,0.046297751108813345
7.92657208442688,0.2377882601647481,1.08661377003956,-2.4355461196230155,-0.03800594398790125,0.0033396748678005714,-0.03551699561601987,2.677528271134124,0.05212544660933353
7.928573131561279,0.6495149768491427,1.1816393704787032,-2.3899243470314113,-0.045252752123205946,0.006105734726202828,-0.03242667166181704,2.7440626252966904,0.05600518374520673
7.9305419921875,0.10692088076980771,0.964354965385102,-2.3694624438451273,-0.040202140907948,-0.0058840255892814225,-0.033253635420117944,2.5604227867287888,0.05250369662578005
7.932525157928467,-0.21965620610179795,1.2756845885571115,-2.165416663070547,-0.04266783017610751,-0.00827267684482133,-0.02841844245633263,2.5228256664035955,0.05192868942848339
7.934535026550293,0.42117058886211783,1.0234625837018294,-2.251179090610707,-0.028744438408103673,0.012258242313145819,-0.030708460180442838,2.5085190099265615,0.04381229017820123
7.936529159545898,0.06145127229830144,1.165815638064429,-2.3517051782850977,-0.03635702978538554,-0.00038000476225693967,-0.037952042087616863,2.625532252019692,0.05255792534960823
7.938531160354614,-0.13834638103737512,1.0447477623068424,-2.267514144972186,-0.03455704241268311,-0.006527908928221286,-0.03008522359636523,2.500451560346698,0.04628091889894173
7.940522193908691,0.23722758238176167,1.031056006859134,-2.018732304124939,-0.03358265235582597,-0.009420884538860946,-0.049303637965817604,2.279173870252242,0.06039367782650121
7.942524194717407,0.7599050446842586,0.9545156196526615,-2.1561002117291777,-0.03520586275125018,0.010909711030090686,-0.0319651681780684,2.477362280353056,0.048787770429403146
7.944524049758911,0.04601195047019154,1.2390376189970305,-2.214925137426698,-0.03450191907202381,0.00030277314736404246,-0.033545996374753514,2.538350780581868,0.048122842434816966
7.946533203125,0.3630478634547714,1.072543045683992,-2.127317940217534,-0.03403336825695112,0.004757756554432835,-0.031802737682350056,2.409903308179716,0.04682222257045115
7.94852614402771,0.5984641028325541,1.2866427959119118,-2.0110439527879236,-0.044024002875310435,0.005010443056022356,-0.04180240016470061,2.4612815252823217,0.06091517075665754
7.9505321979522705,0.60187068075179,1.055051513905225,-2.125184889139253,-0.03851219438725085,0.003945065315724639,-0.03299135649984121,2.4478138871997905,0.05086435156930976
7.952521085739136,0.8270462369763462,0.9930321820966361,-2.0424614999452166,-0.03035210844839404,-0.0019499532160358146,-0.03397135782467837,2.416974838829483,0.04559721435855635
7.954522132873535,0.6574582326563532,1.234838205236735,-2.3161170016788213,-0.04424985927760084,0.00924618218019195,-0.034053286798910495,2.705822367833038,0.05659653940662475
7.956521987915039,0.25836973121462603,1.2800766904313772,-2.2738595598947966,-0.0352466829750006,0.007302107788236525,-0.0356399707721837,2.622172486606978,0.05065428861935908
7.958531141281128,0.8432120772198378,0.943796274156513,-2.301365951479238,-0.026750656069128426,0.014836494862138542,-0.03641761214095065,2.626412621221016,0.04756008467162119
7.960528135299683,0.19828481543424237,1.1569217486638157,-2.1489062504818994,-0.03585384395403504,-0.0048291615315110056,-0.03986472666028875,2.448587934692832,0.05383321798924209
7.962536096572876,0.42445380628949164,1.3496345925002748,-2.180516489207316,-0.0449627222166145,0.010492696491160289,-0.04191504419585378,2.599293505291778,0.06235875238268019
7.964527130126953,0.700271399161853,1.201711421935044,-2.3047117076840604,-0.03868388835649475,0.004421177066378433,-0.043009307497679124,2.691874148178035,0.05801543377808993
7.966527223587036,0.3150221616508841,1.0371589589891916,-2.2990922460624565,-0.035439713864299845,-0.000616333802214726,-0.026825533286342438,2.541803065630233,0.044451798863891494
7.9685211181640625,0.009137715088013774,1.135054081796732,-2.2884140229679684,-0.04077853592435258,-0.020829293367700917,-0.03405726111778118,2.5544608055237203,0.05706702628643087
7.970522165298462,0.484896074909702,0.8637579080720398,-2.3513115859314375,-0.027478420853857984,0.002844722437822056,-0.03417433742368702,2.5514443167263585,0.04394361610880471
7.9725751876831055,0.7991231668933175,1.3151892507762588,-2.2792750336174135,-0.042650543101346215,0.009335130903800832,-0.03639898514297246,2.7501664095277367,0.05684276220653971
7.974549055099487,0.16774410622721345,0.8702008410261226,-2.575810912580824,-0.02326348637199647,0.00200348102755079,-0.039499408072293095,2.7240024681095636,0.04588471393034236
7.9765520095825195,0.7903364511193315,1.473751543037703,-2.4407553173324015,-0.0476103947334046,0.007418425244626959,-0.029181492531367027,2.958692588908199,0.056332426062960836
7.9785590171813965,0.48941633263257134,1.1431101188306088,-2.2133255483519445,-0.038514622805415406,0.015421279949141609,-0.027380588283486326,2.538708150498572,0.04970803415810175
7.980525016784668,0.4181176901013539,1.4592728382289584,-2.290353699972231,-0.04151485683940788,-0.005470376278509773,-0.043776210944823014,2.7477299157932134,0.060578585322790895
7.982523202896118,0.31091017704566754,0.7346616827188398,-2.421346768802498,-0.022288050662488425,-0.009432625397860137,-0.03779483575456316,2.5493750412672007,0.044879630501424725
7.98452615737915,0.3021212531193361,1.384700242563151,-2.042321567625431,-0.04543816016273294,0.005596732158082485,-0.037407096995418714,2.4859101751529247,0.05912056085194177
7.986521005630493,0.8357847637305383,1.4656682739276807,-2.261077993621582,-0.03946806377311992,0.0086472266210005,-0.040005466270528076,2.821204238214961,0.05685894756110387
7.9885241985321045,0.23608305178362404,0.763050332773707,-2.3996420519622865,-0.023315883236499226,-0.006171809043588435,-0.03083992988705748,2.529083429867688,0.039151282397990574
7.990519046783447,0.16964582716463963,1.186237687038182,-2.3229454386295436,-0.03703142721414408,-0.0015753448714648402,-0.032669010298057015,2.6138123627517476,0.049407211486128796
7.9925220012664795,0.3404114508748735,1.1648408957106107,-2.737813402720509,-0.03048098693451249,-0.004176522264018023,-0.0371918853923912,2.994721438852483,0.04826769356168286
7.9945220947265625,-0.06948978093223876,1.1000165859475686,-2.521114224516118,-0.03373265922104108,-0.00753885202138208,-0.037073087119206836,2.7515236237530765,0.05068668835573581
7.996519088745117,0.15933351285298178,1.120122937587068,-2.5046808770777336,-0.03358940036158583,-0.007108145322437707,-0.0426510796454462,2.7483611224920277,0.05475297381419561
7.998526096343994,0.6407912954751451,1.593649178173486,-2.5804225151694937,-0.043065953956968564,0.0042676040307081725,-0.037185893272423394,3.09982443764859,0.057058561959224985
8.000524044036865,0.21737702571756345,1.1652120498124496,-2.3796137724679287,-0.0376265421631792,-0.007907717871805631,-0.037787071114879674,2.658483326721646,0.053908732321754235
8.002519130706787,0.5053095060869158,1.6538360945240003,-2.279689981657839,-0.051130334103480654,0.009239333600992385,-0.03598712658562744,2.861380425068173,0.0632040317607505
8.004518032073975,0.11163308879261664,1.416797419681607,-2.550503605675066,-0.04753837341089724,-0.002107318693116941,-0.03436102124212983,2.919733809355119,0.05869427160660876
8.006556034088135,1.000126049950652,0.8949935091188675,-2.319868441154647,-0.02925514766011319,0.015330707146182846,-0.03272576062739942,2.6801222138962415,0.04649591008743558
8.008519172668457,0.5991568753585368,1.2685669858561195,-2.266537053886179,-0.040391969753939466,0.00902225273738541,-0.036195990402246296,2.665603379261912,0.05498237887050655
8.010526180267334,-0.06839158742052082,1.1661333005593837,-2.8087864747638114,-0.03368627364962969,-0.0017449144632567188,-0.03470370757011238,3.042010148687795,0.04839583740357939
8.012531995773315,0.5977707013685761,0.9711373460515914,-2.103518816193407,-0.035757850028716294,0.0032549393190734045,-0.0437660846840533,2.3927450692438006,0.05660996941545491
8.014581203460693,0.6235875742461258,1.0074096125621215,-2.3314275012593866,-0.025275903625262407,0.01038425202577601,-0.029391557406256368,2.615203583636524,0.040131878114208035
8.016549110412598,0.14020139968889733,1.2678005594253967,-2.821028747464997,-0.045431317176830605,-0.007603761707450082,-0.029606272240385565,3.0959938444670727,0.054757219875531414
8.018532037734985,0.11410325185532906,1.010769387800222,-2.3798919663587266,-0.03030952776002764,-0.00674403578318608,-0.04505000373124368,2.588157661143695,0.0547142790125745
8.02052116394043,0.1076565618993742,1.1612564711078635,-2.30899372570383,-0.04039829876820467,0.0021762029179628888,-0.04016835388161159,2.5868046993056,0.05701100820072961
8.022600173950195,0.10393708338994465,0.8101701879941131,-2.3211991286362186,-0.022754857089353674,-0.011491472378319358,-0.04170347952256957,2.4607202290385564,0.04887757832450341
8.024571180343628,0.4248610455858903,1.5275087355984986,-2.168664910924582,-0.056065988337892496,0.003934083118262011,-0.030203597731781873,2.6864283614609166,0.06380540239062356
8.026555061340332,0.6163733379991168,1.078729724613519,-2.29323822775508,-0.03443381073924437,0.007164768974145201,-0.039619029400116634,2.6081632387176596,0.05297819105147212
8.02855110168457,0.343678663743365,1.2598715317275142,-2.3696972966529573,-0.041737939863988056,-0.0019145053997938004,-0.04079404919191586,2.705708147257237,0.05839413844289659
8.030534029006958,0.43705152521129675,1.5203042377575353,-2.2421185777361132,-0.0433520109834876,-0.0034963635255643374,-0.03625491107392442,2.7439815465236737,0.0566219038111003
8.03251314163208,-0.18102850919330968,1.2620558971641915,-2.1244043524449787,-0.03387219399376139,-0.018817930777117808,-0.04083283984207049,2.477629968618162,0.056291747656753224
8.03451418876648,-0.09785550511723115,1.0621943726007714,-2.194388219189996,-0.027847574654135718,-0.009904476501402654,-0.03470205587739421,2.439912343012826,0.04558309720721366
8.03651213645935,0.28836792115088056,0.70636336674897,-2.0558180527941676,-0.015004299816014722,0.004499884548463278,-0.02771118739890329,2.192827656253045,0.0318321831009985
8.0385160446167,-0.0939760170776167,1.006422693890977,-2.171115907735361,-0.026563178377340874,-0.012014619104188629,-0.0417954152081518,2.394882547305,0.050958907466182694
8.040512084960938,-0.10893746681864347,0.8492228310062374,-2.41158275886713,-0.021039774647166803,-0.00744659497642254,-0.035981618867688255,2.5590580671888454,0.04234147836679801
8.042514085769653,-0.021369099615455252,1.0896036164582106,-2.222066626418523,-0.03609961032129446,-0.006340705511329136,-0.030592203447852243,2.474928841736704,0.04774169376473244
8.044511079788208,0.49455404166418937,1.3022825034845944,-2.3468247950379615,-0.03767549317790951,0.006873588528200526,-0.040579172391125615,2.7291225765094276,0.055797475188420556
8.04653000831604,0.6643922319807636,1.1690706244642182,-2.3529341800485977,-0.04435800183838062,0.008427434519242652,-0.03221912321539519,2.710063176116473,0.05546824208895319
8.048552989959717,-0.0757939857738416,1.1455137225564755,-2.4556772208710704,-0.03858163894783242,-0.00928016076170637,-0.0325215481189236,2.710774249167522,0.05130609456697593
8.050541162490845,0.5297635285793898,1.1362635852907887,-2.4982608444019787,-0.03977696379199656,0.004813558877083112,-0.03465375393851886,2.7951836394310217,0.05297414331166067
8.052547216415405,0.02330472390156163,0.9362204310314988,-2.2564035662115742,-0.03762547785021283,-0.011053296317078645,-0.04296943325993063,2.4430327175969713,0.05817408475953561
8.05454707145691,0.21105813362470086,1.454952765688086,-1.8608100733154473,-0.04517497096224534,-0.003385498992972358,-0.043981739685365194,2.371507371927145,0.0631397895991296
8.056551218032837,0.5043465015012909,0.9477699946796927,-2.4333935834759988,-0.02535139565344271,0.0044137824619049915,-0.047623132769447414,2.6597063162112278,0.05413074460946229
8.05854320526123,0.48240341829092537,0.9306318916333384,-2.320203339054859,-0.03190560705862049,0.0013787558299171371,-0.032531713805425265,2.546003203113683,0.045587071989059806
8.060546159744263,0.2726141093599457,1.0938596572065102,-2.487658046745648,-0.03791808860560683,0.0002725179910137113,-0.046563327543199626,2.7311700715672087,0.06004997236846466
8.062596082687378,0.4917611227148852,1.1159411106812545,-2.2767842295675047,-0.030353561789724138,0.009963263547681548,-0.03409213800809284,2.5828085473626596,0.04672129287387079
8.06455111503601,0.3853683663686936,1.1410405685162535,-2.49498316964283,-0.03491802498598272,0.010459344635128355,-0.03732930560962731,2.7704554451567263,0.052174164261778594
8.066543102264404,0.38129443696853044,1.0159582523673178,-2.364249740586294,-0.030572616327142695,0.0022399554157268866,-0.02747046178373783,2.6013906769416164,0.04116222224276669
8.068549156188965,0.05282285965820445,0.9471305181658819,-2.375510922918676,-0.029544619353918413,-0.0059490359228059324,-0.04334979825955868,2.5579090323640483,0.052796596200164296
8.070544004440308,0.1561915389997659,1.0273438010524594,-2.602861979443279,-0.03855725105245582,-0.005623121307125558,-0.033649361415222505,2.802627618226762,0.05148359569425022
8.07260012626648,0.49599906724203385,0.9809816076205721,-2.0622246095175063,-0.02786719112080473,0.005482916672562819,-0.03551543587746648,2.3369018655678375,0.045475145978525
8.074572086334229,0.8012124897280363,1.5934034494859677,-2.445127243741892,-0.05198828212464322,0.01307675663474192,-0.03669147032502755,3.026470426853499,0.06496188911175646
8.076578140258789,0.3353845078774484,1.4883851397723795,-2.310181392267394,-0.0469755871837995,0.005331665532052856,-0.03683044347913485,2.768521475011158,0.05993007605099609
8.078562021255493,0.6325255393501884,1.1166194146567165,-2.335577183834021,-0.038281799335637266,0.016729123970795047,-0.042097243620664825,2.6649293155287648,0.05930883298178976
8.080557107925415,0.4765901311750025,1.1564139768757067,-2.5502464986146287,-0.03661421648169154,0.0018836840802832807,-0.040648139039127514,2.840455710399841,0.054739568153454835
8.082544088363647,-0.06963067559677513,1.085491449006921,-2.442620745321358,-0.031966378080373226,-0.011804166185866282,-0.03475590682465862,2.6738616685096996,0.048674025168720804
8.084556102752686,0.5971972099969313,0.9635090382564074,-2.1721821067776306,-0.02995274046781873,0.00930269396037774,-0.03416631120536974,2.450177397543862,0.04637934451709217
8.086546182632446,1.1886205192883252,0.8742867608459117,-2.409673896045423,-0.023537356321630173,0.015783836690716764,-0.033478381719405655,2.825548506811803,0.04386272547210029
8.088556051254272,0.4939085554647554,1.0700461797180152,-2.2244060239006602,-0.03378247196697486,0.007491434011539293,-0.04001091042279031,2.517325296233275,0.052898487205299556
8.090541124343872,0.21038894098690947,1.1955606598605966,-2.234336454044709,-0.031034530168167353,-0.0005478397896516555,-0.04467938486311341,2.542811079842343,0.05440302953825479
8.092546224594116,0.3024839923387441,1.2727543491150397,-2.2512714339920565,-0.03570624627024449,-0.00647615380352265,-0.03824778267464952,2.603770970788538,0.052723519138288266
8.094543218612671,0.29248838202829053,1.0467705600265615,-2.3006981652731544,-0.025128252238409757,0.008513143278089347,-0.03389843889473471,2.544501936853479,0.04304656581575917
8.096549034118652,0.24970872405773933,0.8648519536274789,-2.3078494414947306,-0.028066611044388633,-0.0010385844772183535,-0.03900855066071912,2.477194460104283,0.04806745612036492
8.09854006767273,0.2768112204260826,1.3515488890798952,-2.56520161877269,-0.05038658242254774,-0.0007087958963368938,-0.03601339192021693,2.9126565530939117,0.061937666063922744
8.100550174713135,0.37264454071877356,0.9550333694848241,-2.344823356166722,-0.027217727863483934,0.0036578960702047464,-0.03973176398854308,2.5591305676307363,0.04829904743731886
8.10254716873169,0.39469216585224065,1.236612933738947,-2.189608864505868,-0.04105179797439253,0.005131895172934216,-0.03356772622672238,2.5454627149495344,0.05327643671482272
8.104539155960083,0.18602021782593953,1.226806975896428,-2.4304321090166323,-0.04475849616452166,-0.013989256370473732,-0.03529239405676149,2.728856741217315,0.05869050477688937
8.106526136398315,0.35608868407201166,1.112878447456886,-2.076600296700562,-0.036566687553090005,0.006029313094358297,-0.04288516978399503,2.382764441147099,0.05667991745227924
8.108521223068237,0.6788962149345452,0.9456510838242221,-2.302937451407059,-0.029825425923970122,0.010262782450395037,-0.045773117324489125,2.580441231278794,0.05558829917142467
8.110547065734863,0.09495902228064144,1.413559860162768,-2.610570020810187,-0.046869751374665584,-0.02309197101004866,-0.031029129316049776,2.9702263428447297,0.0607685739931754
8.112574100494385,0.17854307299570366,1.3551281268050515,-2.4263103951614555,-0.04348457044795362,0.0030152375739174206,-0.03417560206339783,2.7848217182867296,0.05538927063128676
8.114610195159912,0.35975921410227807,1.004606672510175,-2.2820007759964684,-0.03423225495191248,-0.0004069444773756209,-0.03859109492650559,2.5191643059220925,0.05158764862374489
8.11660099029541,0.1815786356974089,1.3641232819178455,-2.100407490355221,-0.04296984487353113,-0.001884363658477509,-0.03609059338222845,2.5110784047401555,0.05614703309645196
8.118555068969727,0.3849344951068679,1.170463089329641,-2.339787129784218,-0.039446086063587675,-0.002470942325887328,-0.03789868828885713,2.6443831457846905,0.05475773767906947
8.120550155639648,0.5882013963390126,1.256967987369491,-2.48570133508857,-0.04437131310709417,0.003735628030986556,-0.030167728800593038,2.8468685482803684,0.05378531588286723
8.122589111328125,0.22585800392346414,1.1760945220261985,-2.4593290147510043,-0.04060774274700419,-0.004968009148512378,-0.038174706435725236,2.7354175852093348,0.05595514361844115
8.124617099761963,0.6747800310394708,0.7738283772982935,-2.181881766370777,-0.02797826648341248,0.005807620532399123,-0.029114288514378087,2.411378545608922,0.04079403936071585
8.126588106155396,0.9117548161969103,1.1767140869246817,-2.770100496827312,-0.039836787470954794,0.020179674698731886,-0.03551924258164057,3.144743177073156,0.05705966614453759
8.128588199615479,0.5645768817402685,0.9207304344616092,-2.4781088670027662,-0.02684112658955562,-0.00309856671554588,-0.03136387215306232,2.703241599461129,0.04139733890868925
8.130568027496338,0.48794751366713984,1.2023889936064167,-2.4614561407529187,-0.04458783495326029,0.005898212634569346,-0.03508338850590945,2.782552497418521,0.05704128405951564
8.132558107376099,0.6568731456379389,0.6097727636634223,-2.2713455855886218,-0.029763608360521464,0.010161384708848675,-0.04137382619868111,2.4417853963726888,0.05197037248431454
8.13455605506897,0.22673323536021658,1.2035409355006081,-2.477641272587997,-0.04522287591781122,-0.0008895677991586237,-0.04416246687010588,2.7638062557049943,0.06321568885332382
8.136561155319214,0.3798114319399565,1.4665648060723366,-2.499281625172426,-0.04878191115331712,0.009133238780104429,-0.03073035633263898,2.922580656913816,0.05837333044049734
8.138545989990234,0.3162592454475561,1.036581325239946,-2.3780774891933247,-0.03195939957128269,0.0022408715818756247,-0.03998695301735477,2.61338349630805,0.05123847322096453
8.140555143356323,0.20239329103691517,1.0715241181403072,-2.4285423412690874,-0.029107595838669963,-0.0036187654071532663,-0.037519895482473975,2.6621316427535766,0.04762447013453417
8.142547130584717,0.21381510207312165,1.0879026968449625,-2.5424114036360357,-0.02918195090685462,0.003780635293566997,-0.03366564008061376,2.7736446998517383,0.04471302700545408
8.144554138183594,0.9244467176578399,1.0273886854839485,-2.5564905248403385,-0.040926501824996075,0.01702740638909479,-0.03880185003546562,2.9061612220328072,0.05891090464545216
8.14654803276062,0.4944607531344524,1.1410959681462778,-2.3222031688567073,-0.03918690227485916,0.004746260242489159,-0.04318335432728201,2.634239738967984,0.05850591753954792
8.148548126220703,0.5563087609359143,0.980311291550514,-2.235060004269572,-0.031243793748413656,0.015302306867510176,-0.031906971604132695,2.503194536691263,0.04720582676119328
8.15054202079773,0.3640849042454676,0.9122143999462928,-2.4688881309342414,-0.03227064418557416,0.010067476724569705,-0.03152920777084597,2.657085157091654,0.0462259613897738
8.152549028396606,0.4290053778703775,1.0907469359203472,-2.4038345255791302,-0.03794624957618191,-0.0009620836960170893,-0.03528404176975414,2.6743587864808966,0.05182477270134219
8.154543161392212,0.3413113454843799,0.7363550918828546,-2.3293294473135333,-0.03391525415904466,0.008222029723307447,-0.03891248625710619,2.4666754812946383,0.052268803546216984
8.156543016433716,0.6461054315587448,0.8566858495160242,-2.1844216163741943,-0.03650239183287702,0.010091732072158275,-0.04031310372954448,2.4337338949715828,0.05531196975380761
8.158542156219482,0.10393741606963172,1.3241735778513897,-2.27308512000326,-0.043875824567821166,-0.0040573280213865295,-0.036755390509071444,2.632708607787656,0.05738038535644116
8.160542011260986,0.04772551523711334,1.3329449000775975,-2.3522226052891195,-0.041009112687033035,-0.005524522988160484,-0.039865491714164314,2.704065645704752,0.05745889928667788
8.162546157836914,0.07791649074375159,0.8035615244155843,-1.9896135586277996,-0.02453087447035733,-0.0033687415784935094,-0.030977905636672777,2.1471712124855102,0.039657822175930224
8.164561033248901,0.681760444829348,1.0090040901926463,-2.1225986938303696,-0.02536305034552544,0.010885407649717592,-0.028431517263087815,2.4471027304160713,0.03962483560106526
8.166545152664185,0.6880961037789207,1.431296729392171,-2.3320261344652504,-0.04205267774374217,0.01406795559169794,-0.04152642936768962,2.8214238369010416,0.06075178529046474
8.168551206588745,0.3624798896459832,0.9433820553961172,-2.530753327953833,-0.03924809994556887,-0.002925998298933815,-0.035748040009540384,2.7250823436715756,0.053168573235572406
8.170543193817139,0.17889284679006612,1.0383116617037749,-2.0648552129270517,-0.03297603464940625,0.00355686640117435,-0.03605622807603552,2.3181287297763964,0.048991037372827055
8.17263412475586,0.19072719996485876,1.1792191146976234,-2.1556262767537064,-0.03996791888754789,-0.007845465818639104,-0.04404839068697099,2.4644795049473895,0.05999372130669237
8.174584150314331,0.23394567454072995,0.9690206749525866,-2.301248761234211,-0.03936399713826216,0.006535641975110141,-0.04537759525746278,2.5078830730725614,0.060426525947451605
8.176607131958008,0.4147120463093766,1.2680949360330247,-2.185694745783705,-0.03787291408905389,0.0058070794133816,-0.045169962690213165,2.560724969592245,0.05923179317178762
8.178551197052002,0.5083684112982692,0.6738336769684518,-2.248500860213554,-0.014697246188229617,0.0009026491228124619,-0.041467066454385595,2.401717382250427,0.04400387961633355
8.18053412437439,-0.09275859118126434,1.232242969812131,-2.3293471051701724,-0.03982926502573711,-0.01288385593706913,-0.04214843116433514,2.636832347581851,0.05940416101513643
8.182538032531738,0.16064464758854563,0.905819447994643,-2.0292160637635273,-0.03198145023802131,0.0025085173699440928,-0.03922073442210506,2.2280110880783583,0.050669239458784474
8.184558153152466,-0.14673214259119208,1.0432622813343828,-2.2902599453660315,-0.027095842799869395,-0.011902493143928435,-0.04282606713820171,2.5209555979176708,0.05205695022379104
8.186560153961182,0.49342927470645515,0.905138999203081,-2.3533689371498725,-0.032654518767716,0.009448357020016136,-0.030930399211782738,2.569259506425463,0.045959532653510035
8.18855905532837,0.035121573411031635,1.3265383638286457,-2.406682511854723,-0.04704770715702425,-0.002101112901639124,-0.03229139280071484,2.748282785394437,0.05710197433687037
8.190551996231079,0.3493803225957535,1.0596180370908832,-2.1493646485986595,-0.040913898629619576,0.005565071582543136,-0.028013513435342027,2.421698863812569,0.04989663373200345
8.192564010620117,-0.3168267323464881,1.0509477182888811,-2.325913717047386,-0.03388772139816025,-0.012174709210340362,-0.03275615406267277,2.5719146377854663,0.04867819670954573
8.194567203521729,0.27710124816382475,1.5009965124861877,-2.2397641352570736,-0.05266800655308036,0.002733665061487551,-0.041597326473675506,2.7104093812215,0.06716940828011855
8.196559190750122,-0.616476410291394,1.3430427393223285,-2.321650336797595,-0.04235461951472634,-0.03347629200876206,-0.04677968464569454,2.752065996745822,0.07143468916740503
8.198577165603638,0.22622356643830685,1.0502811086216455,-2.26090485811728,-0.03895012924059051,0.0006356115388045484,-0.029769505543399282,2.503189622581137,0.04902795151936746
8.200563192367554,0.6246674138368452,1.1572859538532483,-2.425893323788997,-0.043224608482547645,0.011306067249520808,-0.039885208178482554,2.7594344665709425,0.05989176710167357
8.202560186386108,0.46892321190172775,0.9986366555587525,-2.4155724033562374,-0.03382638927779655,0.00019230621718982537,-0.02845102989802378,2.6555892348671004,0.04420093545969861
8.204554080963135,0.4330112785117634,1.0747230182824705,-2.35745983956822,-0.03657662391814324,0.005512754066237733,-0.03337532419709704,2.6268127509439254,0.04982120171077209
8.20653510093689,0.04303048251125405,1.200314747243379,-2.2326167677042306,-0.03911390304233236,0.0007717071429384568,-0.031024308300901297,2.5351892920074377,0.049929957427067885
8.208536148071289,0.17308523661678835,0.9335586481954836,-2.519998189749971,-0.03128494486646621,-0.006747423514891954,-0.03612113906955104,2.6929316970726163,0.048259840313339145
8.210533142089844,0.10256327874246202,0.99733615891345,-2.1161096479130537,-0.03450006664493149,-0.0016880793255711814,-0.03424136026560315,2.3416060048636163,0.04863717675968622
8.212524175643921,0.44189154923794655,1.0871678926232207,-2.4971451948601393,-0.03384329231524271,0.001767392506170646,-0.03167285332079088,2.7591549960543738,0.04638600811113377
8.214555025100708,0.2456579808489013,0.9864450520993567,-2.12374204345941,-0.032062061298643536,-0.0032782617621160957,-0.03459170839844822,2.3545067321040327,0.047279055244602776
8.216593027114868,0.708212887537539,1.2599621990344632,-2.362005609741033,-0.04276903169979355,0.003940574700688572,-0.02705403672180743,2.769140794094466,0.05076060583222542
8.21855902671814,0.29898531115640464,1.2893643162342556,-2.154952077512285,-0.03806770993808648,0.0005789290992978581,-0.03804093301186995,2.5289663921531327,0.05382005465666009
8.2205491065979,0.31880830865104715,1.213391411403289,-2.425042065254692,-0.03449098659887043,-0.00306365067898259,-0.03478198795823589,2.73034548604878,0.04907953543355067
8.222604990005493,0.2500349980939288,1.2028670991320776,-2.539537144764864,-0.040542423540541675,0.00015740144461106798,-0.02643946432264283,2.8211089429667062,0.04840204701687457
8.224599123001099,0.19064248196237252,0.920277747357057,-2.123246435424034,-0.025253565732272335,0.007033528696803239,-0.036832037838303765,2.3219455449579818,0.045208540337476
8.226576089859009,0.16052834006674313,1.15764278918644,-2.127590758233552,-0.04389706234156404,-0.005662704942141297,-0.03259078125640922,2.42745723131032,0.054965237490472336
8.228592157363892,0.21305785309590813,1.281344100604752,-1.978409044152171,-0.03248620664970246,-0.0007722465187883955,-0.03404166820151224,2.366714748106232,0.04706150402520942
8.230565071105957,0.051271850444880085,0.8610437325039605,-2.081873982100771,-0.03010439872729846,-0.0016930366846709764,-0.030890427061288906,2.2534915995584526,0.04316665008981611
8.232547998428345,0.6500714384112738,1.1601518224801133,-2.065733808675651,-0.04162224930447524,0.005351607384265794,-0.04197318333808781,2.456786782475769,0.05935317563780349
8.234530210494995,0.20153142372380134,1.123609244732133,-2.2277214875962037,-0.03492302415724271,0.00011142100441830573,-0.04034526493629378,2.5031691265061373,0.053360757431911696
8.236525058746338,0.2985759987908999,1.3346045974449188,-2.2717555233492566,-0.04310337102972028,-0.0031674724276148096,-0.031728146959683484,2.651639156529966,0.053615378252892164
8.238540172576904,0.32076864300310803,1.0651608891084905,-2.368900173892796,-0.03556130855709221,0.0006225476606568629,-0.032585192106178856,2.6170877470749363,0.04823680105976235
8.240527153015137,0.08941827088574616,1.015740002863123,-2.259122481440407,-0.03320915946325637,-0.0023583523706144052,-0.034208889742633995,2.478579788252546,0.04773529339580582
8.242525100708008,0.20545744641602925,1.3301380830841896,-2.343612045005849,-0.0461548835895354,-0.004233097021287385,-0.04464727801342161,2.70259088651153,0.06435504505136297
8.24453616142273,0.30978305392022765,0.8932222889250946,-2.360103089940275,-0.03760983028732862,-0.0029732912986534317,-0.0379828028174686,2.54241975155055,0.05353534444886864
8.246547222137451,0.09989470428167145,1.229653125744097,-2.3336988627638924,-0.039785213655785384,-0.005558408779282819,-0.035756934657972916,2.639730316464399,0.05378027063829862
8.24852705001831,0.2519678324646476,1.0756756872159206,-2.1381035768521435,-0.04023304632688344,-0.003497838387477441,-0.04817646681572135,2.4066684187923157,0.06286417775627356
8.250529050827026,0.10987073786474286,1.2959062635199825,-2.1502282931624768,-0.037606209389969364,-0.007721796526382796,-0.03371729818592922,2.5129517177187632,0.05109510077527926
8.252523183822632,0.3086802918986722,1.1672434686580202,-2.224677067307756,-0.04369959674158348,0.0018331654758475832,-0.0405765018767874,2.531191200114384,0.059661275175743475
8.254539012908936,0.35912767979347576,1.0566380392627297,-2.281099629151202,-0.030996749743793895,-0.009869425050764978,-0.045450237536245955,2.5394629657714214,0.05589211158663837
8.25652813911438,-0.2601414170393842,0.842292645850179,-2.3349512118031424,-0.032058401749238095,-0.011941059474139266,-0.02947779381240949,2.4958220328407865,0.045158281102444665
8.25853705406189,0.08978637066268405,1.3355356794483095,-2.211469988353477,-0.041810533816207626,0.001617104695009913,-0.038683798273053266,2.585017727758238,0.056983962782708814
8.260531187057495,0.2778890232879408,1.1584249415051906,-2.2121767534829577,-0.0376226517941983,4.739352272501769e-05,-0.03621157433000452,2.5125478389506593,0.05221823713637728
8.262587070465088,0.4737566348654882,0.9315518042809127,-1.8870942570711695,-0.035905925010057634,0.0022314431310994022,-0.03203670006588794,2.157164538974504,0.048172242426389886
8.264530181884766,0.21123493338168725,1.1082068868109078,-2.329033785141118,-0.03912869324925202,0.000662776116866401,-0.03407939981916626,2.5878835123290718,0.05189315368726147
8.266532182693481,0.23640086895276938,1.291268773067545,-2.06953130217878,-0.04031384358206523,0.00011496706239059632,-0.032037214595019924,2.4507591121607164,0.0514937114684115
8.268531084060669,-0.02086520561107046,1.133841113949522,-2.2078028965767107,-0.038804094842962586,-0.007686325648962237,-0.04053361424484443,2.482020277640777,0.056637542869667164
8.270518064498901,0.5260000400093915,1.0880487445101612,-2.282894319670124,-0.03331031666534115,0.004173532965987991,-0.03437671615648208,2.5830471515832105,0.048049497265495185
8.2725670337677,-0.3311756848241242,0.9327200098545763,-2.235761445261574,-0.038067818434631494,-0.013363937988133323,-0.032871435111407485,2.4450507543034705,0.05204118451002259
8.274569034576416,0.4059011726396197,1.2053182313821096,-2.209649346006699,-0.03690286813126552,0.00942052307114496,-0.04337273857438623,2.5495289826083853,0.05772142048399015
8.276570081710815,0.34035857369954337,0.985434665739753,-2.272503642271012,-0.03269043988265134,0.0026359785662596158,-0.030747539273576728,2.50023963716829,0.044955805121287336
8.278529167175293,0.16777602629742108,1.4055081105275593,-2.2768504249948887,-0.0422850560680851,-0.009164248591476416,-0.02522717862753882,2.6809792430301114,0.05008412882773573
8.280590057373047,0.6155024381173763,1.0775977320048193,-2.191969625268948,-0.031542265551423185,0.008375690366271981,-0.028149447124740996,2.5188868496723025,0.043098237535388245
8.282548189163208,-0.10711090055645313,1.1208781812414903,-2.4382105867001043,-0.03616731819537706,-0.012001547885868305,-0.03137044568258471,2.685649178001049,0.04935804817277969
8.284568071365356,0.303601078084146,1.0969684197356884,-2.5576088501466163,-0.03287616836699514,-0.0035514893554567765,-0.04169624432394307,2.7994421513686554,0.05321684238903027
8.286553144454956,-0.22485352123473784,1.3726002747224093,-2.2058600499538037,-0.03617836413144397,-0.014213035332569254,-0.03743233050993291,2.6077594176154157,0.05396354113655874
8.288563013076782,0.10074501712724966,1.1976990154184306,-2.3285913640826106,-0.030923221908978147,-0.005423973888074002,-0.03929648056564448,2.620490456172348,0.050297897876715375
8.290549039840698,0.05433858081417946,1.1561081182948587,-2.2154757599922146,-0.036861460067616675,-0.010701240939645303,-0.04117949452097539,2.4995742648829737,0.05629417878402599
8.292562007904053,0.4324306344724443,1.2545774495774777,-2.2666211511155074,-0.04457632422208891,0.007652656013769659,-0.033996862629702695,2.62650571545214,0.05658090220101435
8.294553995132446,0.24788046805168062,1.2262833668605728,-2.5389198040706176,-0.040817725795591106,-0.006234419248896309,-0.03284381562538245,2.830429188971596,0.05276050556362391
8.296558141708374,-0.20553508842349044,0.9912523662656417,-2.3174892410743486,-0.02494966655828816,-0.006910935626831448,-0.03559595922318446,2.5289488545037533,0.0440149884201573
8.298542022705078,0.01975566325606151,1.2471138545779121,-2.047105025237529,-0.035184695686586775,-0.005298298213131022,-0.04324186083836587,2.3971487723676246,0.05599904734258954
8.300559997558594,0.13693090676428377,1.05142276210324,-2.285437560621371,-0.029821937269300422,-0.0128455327250428,-0.03977620052987818,2.519417540106256,0.05134687704308137
8.302547216415405,0.6747100376935119,1.2578350251005315,-2.434475882066992,-0.03856331480538324,0.013259656401810595,-0.03410205591796964,2.8220658046367193,0.05315917563794133
8.304558038711548,0.7038618841980737,1.1744657971110433,-2.702558809209534,-0.037170688107776566,0.017478321955823713,-0.037376324948126,3.0296230091954666,0.05553504712724153
8.306543111801147,-0.042744997934157744,1.232950381091413,-2.303629308052129,-0.03586931935158675,-0.01676927902187521,-0.03491260536965804,2.613178479552934,0.05278926788048017
8.308540105819702,0.3307236013158582,1.2420225641358682,-2.449855431216281,-0.04154736783665659,0.0009870005826646982,-0.044016898318577996,2.766548352035416,0.06053631374549215
8.310538053512573,-0.11598588065883864,1.280136202368359,-2.4905806010099663,-0.03814662181306049,-0.0006776396920806895,-0.04382814172575395,2.802711749583509,0.058107916486772444
8.312525033950806,0.7512203974256016,0.8378788815959818,-2.1992325789264897,-0.027953245702486636,0.01361133293889802,-0.03295329983944358,2.470424465945978,0.04530532308664612
8.31456708908081,0.277883617304943,1.3407885013974554,-1.9466421908949842,-0.05245014728585674,-0.004073009060333497,-0.03130445091997408,2.3799892709040806,0.061217448497260074
8.316594123840332,0.5438120257372286,0.892470032891691,-2.4925080104882773,-0.02183089642740974,0.00819838590601257,-0.03164005062473118,2.702744986360044,0.03930514436843794
8.318544149398804,-0.2811391414349442,1.1068430644448837,-2.200902386033346,-0.035074791440108916,-0.01432129212806429,-0.039562317590330714,2.4795386867326337,0.05477697852111492
8.320529222488403,0.4601781803760825,0.808919162916591,-2.2960440332661505,-0.026627479180662834,0.011045043311655232,-0.032576041816990295,2.4774850902729995,0.04349958769615263
8.322535991668701,0.38010777126062917,1.055237468465438,-2.168409679430799,-0.03552373349944429,0.004175882532857037,-0.03575291624658784,2.4413128784478344,0.05057316142780957
8.324579000473022,-0.008307817066309224,1.258399737028904,-2.2717924858201197,-0.037406205385580614,-0.013227910957612568,-0.04216250160753661,2.5970521782604945,0.057895408897910845
8.326585054397583,0.21867315785837071,1.107201714529028,-2.265354694755389,-0.03634405252281916,-0.0009384749127436046,-0.034042709702070025,2.5309179124724794,0.0498063948986744
8.328566074371338,0.033443706846097064,1.076658894906149,-2.334790049806637,-0.0353714539990956,-0.004821743628055626,-0.032088108536002274,2.57129489444214,0.04800037165526006
8.33057713508606,0.406594132472029,1.541538195557642,-2.2754142166267606,-0.054475246137456065,0.01589498851906955,-0.03871713366228396,2.7783391899030194,0.06869657590288569
8.33253002166748,0.15444984612375634,1.102398516892427,-2.29710144444765,-0.03247113087751568,0.0012264170443741344,-0.03179272646031391,2.5526089185571994,0.045460487184057194
8.33452320098877,-0.11911930048871763,1.0705299896908589,-2.364927796354781,-0.03218368981857914,-0.012044782309871795,-0.030768384506501698,2.59867415205291,0.04612548272235911
8.336542129516602,0.6094830798384242,1.1366128005922083,-2.3665420774472103,-0.044495769045698005,0.0026003695833449582,-0.028600834512288818,2.6951585644276204,0.05295888140564728
8.338533163070679,0.06519145644383145,1.0596065185537817,-2.1538575271019416,-0.03290497005092617,-0.0005073667368409441,-0.03567813342335357,2.4012742757145893,0.04853785821019115
8.340528011322021,0.4943373064374959,1.0032400266715766,-2.538368249382715,-0.03312794209466101,-0.0005432622851909063,-0.036762505703441015,2.773837286707015,0.04948977174056531
8.342539072036743,0.17536952579719375,0.8937359668360917,-2.2762096099159215,-0.02893511029025296,0.004589820457891404,-0.03396737687273594,2.4516624231872477,0.04485632342222507
8.344542026519775,0.21152210178590605,1.3821929032733165,-2.240488550417884,-0.051170063368726364,0.005701716666706632,-0.03135544600351286,2.641020213091274,0.060283073513102185
8.346556186676025,0.08506659419166962,1.1157939860583739,-2.3802070630232453,-0.03574838581881263,-0.007954319907842969,-0.041380625700496665,2.630136537831667,0.055259157405914146
8.348528146743774,0.3010730768177271,1.2446860495956866,-2.1946189591703367,-0.04071866123846074,0.00527796423516478,-0.038665811433562715,2.540913366408328,0.05639956784706806
8.350543022155762,0.3879544488931713,0.925945293822579,-2.437300205511964,-0.028278527503714034,0.003193877471694982,-0.0458100504744766,2.635965787592253,0.05392992393427424
8.35253119468689,0.9430010335549414,1.3451627338147438,-2.2722502101253954,-0.042980699720739035,0.012062659235216865,-0.03398652356258197,2.8038963509988286,0.05610643528312273
8.354537010192871,0.057477007831576526,0.968631278679982,-2.3686693473904383,-0.03538534077221412,-0.0053803737166957365,-0.03257333039183706,2.5597157337746577,0.048395171409065234
8.356523036956787,0.3884804190551139,1.2481845361278645,-2.572281138033046,-0.04198137686179225,0.005530674327249602,-0.026836386551313006,2.885396320316943,0.050131985845938885
8.358544111251831,0.3798467330731783,1.0369381585183484,-2.305289435606966,-0.04528701955160598,-0.0019863049432706824,-0.0347087620123603,2.556146253080773,0.05709253635656651
8.360536098480225,-0.12946443880654898,1.0218153466580584,-2.3686516741596297,-0.030598690100549417,-0.003977032517830766,-0.04406766988748441,2.5829011589839515,0.053796432528836376
8.362545013427734,-0.07886074286246264,0.7908140635053164,-2.419520380964969,-0.023976239170243566,-0.007119456966299913,-0.04100316259730728,2.546700762497918,0.04802922084757296
8.364528179168701,0.42857235398906124,0.4831603900731796,-2.3828888241178174,-0.0213226113521117,0.0017703960662331056,-0.04349368195233546,2.468861554086212,0.04847152181307544
8.366547107696533,-0.1571565620623688,0.970305899747906,-2.727166001953701,-0.042048867251628,-0.008586833557038626,-0.03463549649009391,2.8989008479589278,0.05514942034869112
8.36852502822876,0.10807317580122629,1.6567470302349991,-2.5322062999984896,-0.044757985672771027,-0.002935624211077966,-0.03237751957307144,3.0279628926511455,0.055319064929708166
8.37052607536316,0.24794813324529155,1.0072780311565463,-2.439961206845475,-0.035638117842990834,-0.0004218024255650698,-0.038926626604807044,2.6513200485307804,0.052778173703787686
8.372529029846191,0.2706446454419837,1.2368384444663312,-2.5537187735783538,-0.04546497045810369,0.0010973750940105925,-0.02952145366296949,2.850350405887466,0.05421977496474926
8.374575138092041,0.2626664607123054,1.262886232769477,-2.331522314780322,-0.03620074634585274,-0.007284996858586054,-0.03381978955337066,2.6645584269856797,0.05007337996042067
8.376561164855957,0.24163968805564756,1.2513262892645065,-2.605285621389597,-0.038458021280189054,-0.005321229113479268,-0.038303181489795314,2.9002966038092532,0.054538688949275375
8.378557205200195,0.06758154394377269,1.226238859318204,-2.2609337836162244,-0.04093218918244692,-0.006530475512117491,-0.03595686072342491,2.5729458950939894,0.05487246171592603
8.38053822517395,0.12062224141763651,0.7263863679425742,-2.51649551213312,-0.0196472878649158,-0.0060501928129541955,-0.02828117765724558,2.6220100196687945,0.034963491862247925
8.382549047470093,0.36357798419814097,0.9369256562240676,-2.1625504547305594,-0.03614098810636671,0.00625214991042045,-0.03256582871728726,2.3846683427973443,0.049048889894171936
8.384531021118164,0.36784383815737837,1.0438857924063478,-2.352621819848119,-0.03512123027465539,0.000851802917653859,-0.030158645008285048,2.599968473671105,0.046300866654433705
8.386534214019775,-0.14765503464753993,0.8764836795420633,-2.698773148736363,-0.02259098453748653,-0.014587146819449056,-0.0341307528975847,2.841373287356088,0.04345164816276944
8.388566017150879,-0.34433158711983813,1.1469661179608217,-2.194956375934233,-0.03550192992992624,-0.01711778444752987,-0.034649667364150004,2.500385772214545,0.05247861489776317
8.3905611038208,0.2271463126375905,1.1239875631226646,-2.1445640943247812,-0.03412035046007628,-0.010607606767832088,-0.04303057804190091,2.431891988569054,0.05593165725668702
8.392557144165039,-0.016470072867383865,1.0945248937766765,-2.6121346118432998,-0.03426455394573224,-0.01203049691177622,-0.03339553688238363,2.832225844947194,0.0493361368239032
8.394541025161743,-0.28711476955601484,1.290836692100897,-2.5774718150701665,-0.03766022499197816,-0.021637346256371426,-0.03924079773252014,2.8969044192123925,0.058534669266590074
8.396531105041504,0.2418491902788013,1.4413219278377813,-2.6249775238870328,-0.047886675386880816,-0.0013447740255848643,-0.04518271027600305,3.004397931602375,0.06585149508305499
8.398548126220703,0.6917955923089544,1.211048558465105,-2.4661599893249497,-0.0435780232155361,0.006090244012159391,-0.0413575049036883,2.8332251667394424,0.060386905793889195
8.400532007217407,-0.2904323924747827,1.330074614730436,-2.5095913674998918,-0.04365465224070719,-0.006901406073164341,-0.0367750808122956,2.855082886218703,0.05749577929548101
8.402541160583496,0.36544827130489627,1.531274824173232,-2.609011901190589,-0.052379131666628984,0.0011833973733662686,-0.0338173754429268,3.047178715910938,0.06235854989767814
8.404522180557251,-0.39564311478378267,0.7329565052027105,-2.5361198289396967,-0.0328569340896747,-0.01935165819853035,-0.03708210782294678,2.6693936576563413,0.05318973127774407
8.406535148620605,0.33824903973095444,1.1029448494553442,-2.517447907624529,-0.03796211006634001,-0.0057283657320733785,-0.02706326031569033,2.769195500758678,0.04697186427601235
8.40852403640747,0.4519498074253855,1.2794895754179172,-2.713367252722671,-0.03736635622405226,0.0005839462133992909,-0.036198669909597386,3.033762358884219,0.05202815847084061
8.410537004470825,0.41403396904152345,1.462546600104086,-2.2694876581631664,-0.04861386542878762,0.0006997647337461458,-0.03327631208566112,2.7314906032331927,0.0589161313108149
8.412522077560425,0.6986856098389748,1.3223686228700138,-2.4159587405227096,-0.046363613696899314,0.012604739777010902,-0.04718469404013799,2.841421649818146,0.06734136538222925
8.414557218551636,-0.030805090545977572,1.2057771653856242,-2.479947825043495,-0.03188442946962622,-0.00760444388149199,-0.030164695269837807,2.757714405283277,0.044546080075271555
8.416597127914429,0.14229440640429897,1.1956806482642623,-2.5297319770006315,-0.0368325235415083,-0.009384502150480593,-0.03675392192029009,2.8016858828546645,0.05287300301260482
8.418597221374512,0.2472366932943959,1.2912261271256051,-2.325891201548161,-0.036939872982392444,0.0028335096479687105,-0.03375288320434258,2.6717336647431917,0.050118261317472004
8.420595169067383,0.3176771193760529,1.2044982522312773,-2.4805001873943286,-0.04552354854557139,-0.005407176038889609,-0.0445691401367154,2.7757190008116037,0.06393777660681292
8.422590017318726,0.12835443325423027,1.1039531361683876,-2.238239476530097,-0.038240690334876044,-0.006498279044217427,-0.041582886028724425,2.4989804604457704,0.056865758047372254
8.424581050872803,0.48280313872237696,1.113606557630834,-2.3748438088092696,-0.029485860810445838,0.005568428308927439,-0.03806755898090607,2.6670398482584194,0.048472285156875086
8.426630020141602,0.18920300836701026,1.1749026071549722,-2.442258624858469,-0.03891955544274704,-0.005958070999383367,-0.03813898936352606,2.7167666637696835,0.05481617385011388
8.428589105606079,0.2452460393168569,0.7893274701768415,-2.421718284245398,-0.025026476590188,-0.006684237849012055,-0.03615357825416264,2.55888704776605,0.04447566510712634
8.430585145950317,0.2830148632749076,1.3412894035523377,-2.3014560147633585,-0.045430860322424216,-0.005083784967485082,-0.04452006614186355,2.678778539709235,0.06381100397664302
8.432573080062866,0.06593372287414588,0.9141572310571857,-2.638704874683829,-0.024415436219583853,-0.017966870528963105,-0.042355611006418506,2.7933481907177966,0.052085696175861285
8.434558153152466,-0.4286421765813305,1.287124716057217,-2.5147033448968115,-0.039597721415530765,-0.01980713083914538,-0.036922940828653966,2.857298910346092,0.05765072014135894
8.436544179916382,0.18655668227713373,1.146130846886267,-2.4492172279501325,-0.04026658913092797,-0.0027717718407657367,-0.03715766196522093,2.7105505609698954,0.05486139591823976
8.438547134399414,-0.2057314012760388,0.7483707262751764,-2.4567164984403465,-0.02294399795261332,-0.007348680924148863,-0.039043361508108956,2.5764006107602198,0.04587825444834794
8.440562009811401,0.66157828203799,1.2157663260932512,-2.742297745457392,-0.0321666640498517,0.0020970665686419025,-0.034680193374447936,3.071802485132681,0.04734773254104614
8.442540168762207,0.5430617781704704,1.3412755526130264,-2.2218729375093993,-0.04716015322237028,-0.000810740500422117,-0.04203142962629982,2.6515383371514165,0.06317735692910127
8.444525003433228,-0.24527287755867008,0.7561414711283888,-2.4806259820811594,-0.02154044518138656,-0.009407387149656554,-0.03921670009173826,2.6048827174754394,0.045721321915285724
8.446552038192749,-0.18122989306996612,1.2542800806327246,-2.4384769293336204,-0.03823087548754912,-0.018045612815262325,-0.04273211122738497,2.748132553154325,0.060110542439512596
8.448532104492188,-0.14471109983635827,1.0832857934881925,-2.4313307342052823,-0.034811844558438394,-0.0049363007685994,-0.04432450795814502,2.665674127098132,0.05657644026068283
8.450546026229858,-0.12565163332247378,1.1091206810024699,-2.6659523912603245,-0.035306321371786964,-0.011826988370955648,-0.03424092395834982,2.890197081593335,0.05058512485164108
8.452527046203613,-0.10721709907559039,1.1560371175066908,-2.492581192839673,-0.03711173811915037,-0.012949808629515822,-0.03761139137508255,2.7497051344254007,0.05440216366041993
8.454557180404663,-0.1366489004064836,1.317670537053682,-2.283805007061865,-0.038738858076649826,-0.01059694766292022,-0.03493850715063752,2.6402071654479093,0.05323244975359143
8.456529140472412,-0.04897162626501399,1.1486756631728703,-2.421669173968945,-0.03787122594380573,-0.01339845525531227,-0.037882413856291895,2.680734150843031,0.05521617188192935
8.458536148071289,-0.0720139359848225,1.0934761895784997,-2.362559624404951,-0.03507284469288619,-0.01056124967244923,-0.04366432128573581,2.6043356471506516,0.056993134523722115
8.460529088973999,-0.14298228896259454,0.9886522258909383,-2.048231263257045,-0.032237650162559944,-0.013679126876014736,-0.043776557509164614,2.27884366872755,0.05606042799914131
8.46260404586792,-0.29727175975121484,1.1205223759819132,-2.491040760373338,-0.04125603367680507,-0.011176333089531665,-0.027205479408840442,2.7475852969586065,0.050666644312946915
8.464534997940063,-0.03074713784944282,0.910186883442713,-2.479289291885559,-0.029004594640913622,-0.004110622089543782,-0.03853591106938898,2.641261240796807,0.048406406251596666
8.466533184051514,0.6713888236831822,1.1334988673961601,-2.3649747971133,-0.03356819283036475,0.0025979069264210433,-0.032658827600675684,2.707155042833003,0.046905988003085
8.468530178070068,0.04260286301909625,1.4400902714869903,-2.393310328386932,-0.04885999090924255,-0.004110872743118608,-0.027802273039678728,2.7934941062999328,0.05636634077651508
8.470551013946533,-0.03608053448018727,0.78935557380088,-2.532452950431858,-0.028432677819026017,-0.0035347339491957905,-0.040150408337157314,2.6528667461841944,0.049325113296297685
8.472527027130127,0.31753246966500104,1.0485134185389235,-2.507131658954565,-0.033777014510974354,-0.001111882656988672,-0.039644066969934985,2.736040279944724,0.05209390596062244
8.474581003189087,-0.21368599713499536,0.8330914627508466,-2.1711365449981326,-0.030199097006581483,-0.01310699477834815,-0.03803974908319258,2.335280922652851,0.05030706990518147
8.47659420967102,0.38936228455386246,0.9497692243453194,-2.1292441044138,-0.03185111776782115,0.010479137771678575,-0.03930661997329664,2.363756549293399,0.05166542756256446
8.478600025177002,0.12373579180995933,1.359268298813909,-2.4022014119732766,-0.05118700797349921,0.000500881106339762,-0.02850822963321699,2.7628775720291516,0.05859248948442105
8.480562210083008,0.1639555223943855,1.1203021250193532,-2.467764539386351,-0.034007799135083734,0.0049868542219855955,-0.03388745859224924,2.715109590145345,0.04826757676624075
8.48254108428955,0.08246203655691324,1.1902094782022847,-2.4787483640653263,-0.03752997589769694,-0.0025056278388878323,-0.030929497699651982,2.750925669994048,0.048697136360380575
8.48456621170044,0.03476630423860312,0.8148976550568815,-2.3046453794649584,-0.0223318395198186,-0.007298779462420273,-0.041180920900997335,2.4447202721818293,0.0474115121487828
8.486545085906982,-0.10052073956643898,0.8000106871733839,-1.8814465529843734,-0.021226555764519976,0.0010536104130070764,-0.03787738318112404,2.0469398257915143,0.04343239483584081
8.488533020019531,0.608047396146727,1.2253307013673396,-1.8994216714199277,-0.033143181682048745,0.007016061835416642,-0.03388880872487541,2.3407177637497996,0.04791812780648753
8.490530014038086,0.29260214035090776,1.268039177503619,-2.2040934769807747,-0.040426685511277205,0.0032335400674226426,-0.030406709698315958,2.5596029816147636,0.05068866419104966
8.492532014846802,0.2685384987284154,1.216587391361622,-2.331767231619447,-0.036131378233185595,-0.0002999684435573271,-0.03518960682230867,2.6437352795946887,0.050436840725855546
8.494531154632568,0.07054892783014996,1.1319072431419421,-2.117374779308499,-0.039918398500076197,-0.0008407749133035722,-0.040726708528929914,2.401971505731675,0.057033763937391846
8.496528148651123,0.1934740393280686,1.1829413099319162,-2.4708532474444573,-0.0344052888885464,0.0009159052044251856,-0.03805632463503466,2.746251648528258,0.051311271964111095
8.498530149459839,-0.3568360018618266,0.764444547683312,-2.369084473024354,-0.024694855153295572,-0.014114611490178041,-0.03391244888884696,2.5148098614075294,0.044261860762959036
8.500524997711182,0.1197556892230798,1.3417649705665984,-2.5389911745791935,-0.04074686107141715,-0.006936215989141557,-0.03347251710888704,2.874221780922953,0.05318671996867384
8.50254201889038,0.1705722621203532,1.2159269032093913,-2.626759073638293,-0.040284425603127116,-0.0019851953845836483,-0.04048502143096542,2.8995579596714975,0.05714729133698801
8.504532098770142,0.13496675999606,1.2259783596086324,-2.6452544311606325,-0.037930697289554706,-0.0007320238783874986,-0.034571731722021416,2.9186657859555396,0.05132716912211099
8.50654911994934,0.3159106585514525,1.19189962098095,-2.5747121654516105,-0.04040996759367132,0.001427488831701661,-0.031093448285909514,2.8547446445532505,0.051007898717695954
8.508522033691406,0.18056732136691414,0.9875713887544946,-2.5561106429362974,-0.030974840428550303,-0.005033163189588013,-0.04081776684099856,2.746197994385022,0.05148653766911599
8.51054310798645,0.21186406141038996,1.2598518430071344,-2.576124941816941,-0.041347241177366406,-0.0009748596141727537,-0.041945305961156844,2.87550565339335,0.058906310327686534
8.512523174285889,0.16062987465738976,1.2396333603877865,-2.532955391538373,-0.038410153706488565,0.00252463555726076,-0.028135763112552815,2.8245983502689507,0.04767950144851297
8.514539003372192,0.027949551178132755,0.9689178798070462,-2.248507146430717,-0.02693408995145541,-0.003934143721095763,-0.03831375599848736,2.4485439393179873,0.04699858069179275
8.516587018966675,0.2864324183845831,0.9097609639255265,-2.2073341566973137,-0.0290584017196284,0.0017179752520349273,-0.03213645645055577,2.404585748337327,0.0433600505380745
8.51858115196228,0.03600894055730636,1.2759894976150723,-2.2605240188041753,-0.03951271517362869,0.0002869181680577584,-0.039173385412444986,2.596038266554367,0.055640732445749005
8.520534038543701,0.16625816983295552,1.363946623494877,-2.065509965995935,-0.05039180483115574,-0.007708030775085869,-0.027521749797482068,2.4807909203332326,0.057932671649822666
8.522553205490112,-0.1795903369296275,1.5074670625980706,-2.1239051529680997,-0.043106469208525774,-0.01169224703162789,-0.029802392625413492,2.610686257048326,0.053694123835606934
8.5246741771698,0.28408326858738003,1.0770617209971083,-2.0743280195533815,-0.031648651237542125,-0.0012035527278387885,-0.033100560347676285,2.3544855036786267,0.045811928137270364
8.526632070541382,-0.09447695866916918,1.1767027171449425,-2.175717896115538,-0.03907761677299066,-0.005686909939216341,-0.03554529867316364,2.475339076517213,0.05313068167337859
8.528564214706421,0.2923847869290704,1.3043004515172878,-2.0566942249820177,-0.04263059149993951,-0.0010744190528323976,-0.03127873349596042,2.4528921025047437,0.052885545067127
8.530569076538086,-0.21250093713971582,1.2942645781474396,-2.200073420934123,-0.03343229566889664,-0.008828803816610465,-0.04243877835437329,2.561366921007844,0.05474226957969813
8.532522201538086,-0.10965863262035999,0.9862672546463613,-2.273907699014759,-0.029425810255707712,0.00032590678429672635,-0.03962582605150058,2.4810087337481166,0.04935778170360521
8.534525156021118,-0.5471398876969514,1.1493863598485394,-2.3554382746770326,-0.03439562821896174,-0.015715870676716995,-0.0348065469788909,2.677413028788876,0.051395948714836166
8.536521196365356,0.8296652121263232,0.7896622237382042,-2.2297655265133574,-0.034090201646778416,0.01711294515302504,-0.029111397982730526,2.506743922908595,0.04798404143710057
8.538524150848389,0.2533745292422209,1.0848486522322758,-2.239245763451142,-0.028849646186602303,0.010029291789095385,-0.03722618567310355,2.501063141836445,0.04815264975732211
8.540523052215576,0.1645188182229533,0.8153701045837172,-2.295479050733909,-0.028750943497849932,-0.004026717410099449,-0.030439377226633396,2.4415402764149903,0.042064080770446474
8.542525053024292,0.11787908125486327,0.8637249667660508,-2.354786862148172,-0.025622138156440707,-0.00485206629020313,-0.03472978582916034,2.5109634529714167,0.04343034117678109
8.544528007507324,0.09371942400432093,1.4649213559974308,-2.0215453520267865,-0.044643289728392606,-0.008708633726993473,-0.033391741158963685,2.4982841151466655,0.05642580966890384
8.546542167663574,0.12773570383712202,1.2792908450157174,-2.1108683497101657,-0.035643662576193696,-0.0002535982424836817,-0.03386612471466461,2.471571699543412,0.04916756448211929
8.548521995544434,0.3556315289015733,1.313560678094874,-2.3414302576037294,-0.04623139041437879,-0.0026703863659826767,-0.029343462455563334,2.7081748633735234,0.05482254291686401
8.550514221191406,0.286817126592936,1.2435927504763633,-2.2953179460840474,-0.04330495193720471,0.007656661173851857,-0.05325633739106631,2.6262656885318902,0.06906649545854972
8.552520990371704,-0.168567845586174,1.0343887764319204,-2.321378021039518,-0.03366540391650369,-0.009472387942612409,-0.03798275261514694,2.5469925747711235,0.051631144190499426
8.55452013015747,0.21798661595585409,1.293469217304987,-2.549331258250573,-0.04458084939666986,0.0008337260180681823,-0.04162227715837482,2.8669967989422154,0.06099640307305287
8.556519031524658,0.580134063563283,1.5266505852624594,-2.0627176064275545,-0.05116102603562345,0.003609484225519644,-0.033823621027710804,2.6309734823929483,0.061437092223006584
8.558525085449219,0.12701936642264589,1.0356037168275753,-2.1981089602431103,-0.03955064100358503,-0.003902111654812789,-0.03335916423294094,2.4331650126644817,0.05188750829902525
8.560516119003296,0.2889502796651475,0.963052490057244,-2.241768844560085,-0.036212066998019515,0.00727566460913663,-0.03338231708402257,2.456926925076178,0.04978582313944324
8.562525033950806,-0.1267023206612003,0.604184145137698,-2.002068050358782,-0.025312377696279764,-0.013854790821592985,-0.03757578604302209,2.095081964402376,0.04737732991737918
8.564523220062256,-0.20981962468269,0.8432067135583734,-2.1070329937199506,-0.027033477092108845,-0.015968354723170156,-0.028939792904657875,2.2791686803122655,0.042700220720964084
8.566534042358398,0.20510643520492688,0.9731721620136198,-2.0032734227985904,-0.037397456267318566,-0.0012779334167809249,-0.04549366386951655,2.2365681552709087,0.05890565593689868
8.568528175354004,0.4873788347508829,0.949287233067675,-1.9747395282368512,-0.035215304359109,0.01630917340154062,-0.03364497774993716,2.2446114549760083,0.05136235319706417
8.570528030395508,0.1193405260724628,0.989549771027807,-2.2192139554399204,-0.03436188758918687,-0.0013840561885963567,-0.03301367177941472,2.4327682771944668,0.047671348361295905
8.572518110275269,0.5357640542479526,1.1483296817843307,-2.2506806251641893,-0.03324543017496557,0.01106329871301159,-0.03135506932035078,2.5828796829083176,0.04701909801363524
8.574518203735352,0.4400187443486006,0.8004164063606486,-2.0266266898329586,-0.028544647108924327,0.003830120335723571,-0.038868204916853735,2.2229481907801425,0.04837565559057239
8.57657504081726,-0.17377660259485472,0.6971894455169059,-2.114371567067354,-0.024556993660164277,-0.011765442268439832,-0.03251807563316405,2.233123049491998,0.04241340368658847
8.578552007675171,0.5918680236127098,1.212033248988268,-2.132303213572918,-0.03984825971024013,0.014229371475627653,-0.023185406473026113,2.5231031189076805,0.048248542857226205
8.580538034439087,0.3864369425981817,1.0692058467497079,-2.3643381203221963,-0.03525893430636498,-0.0008884439298772272,-0.031243510857273952,2.623476586618811,0.047118348355239405
8.58253812789917,-0.6025861125044372,1.250118920013303,-2.0085034289270873,-0.03640181078136635,-0.02697018275923719,-0.03397765922281154,2.441309763461062,0.05663006191494553
8.584532022476196,0.27605487903024084,1.087771932958474,-2.0552750780750046,-0.03740705985982831,-0.004723469793494042,-0.03098845385959833,2.341710853398607,0.04880454453076357
8.586525201797485,-0.08044978194169022,1.0881616570445813,-2.050660739765753,-0.04906947681266919,-0.012018569792037687,-0.03857564921541005,2.322881277399493,0.06356367112514448
8.588544130325317,0.02011437405749858,1.1455291163235761,-2.224452526331794,-0.03387760510398451,-0.005600558561217079,-0.022301609461990543,2.5021651796579496,0.040944110301413136
8.590551137924194,0.5535811693608372,1.1910988002492031,-1.9926037167026802,-0.04029581610679456,0.00420833066698448,-0.03786490183808968,2.386553589350832,0.0554546087708087
8.592523097991943,0.07090034500134723,1.0445278831556968,-2.2107050232027343,-0.033788899367360965,-0.01105655166555748,-0.03676591499839265,2.4460748265792756,0.05114361700994388
8.594520092010498,0.055484562668479495,1.2193469540065582,-2.1806277721279965,-0.04084156277058531,-0.006685407456728322,-0.027681172256985367,2.4990044040608437,0.049789308289300775
8.596516132354736,-0.0257056855882777,1.2380995264336743,-2.1038121782237225,-0.036927359777504984,-0.0010714426297352576,-0.029858102984774926,2.4412244675304433,0.04750036003332535
8.598528146743774,0.22312122667338458,0.9431175501212454,-2.515430326852375,-0.03274784672130248,0.0051296523839142695,-0.03343832530914033,2.695671256735061,0.047083504520602684
8.6005220413208,-0.030675882476147998,1.1045929543820874,-2.064939855047177,-0.035400104374517016,-0.003605511164199228,-0.037210000114868316,2.342016910613263,0.05148544657503093
8.60251522064209,0.5026920817743334,1.1249361509667422,-2.172199469208594,-0.03342204956994041,0.006306403730807155,-0.03055794489829022,2.497324810043856,0.04572299336087297
8.604520082473755,-0.22661450331319719,1.2392572777270536,-2.141326480091709,-0.04004191225793307,-0.011507390250724584,-0.029748839331316387,2.4844298798423154,0.05119343912275243
8.606525182723999,0.32272159772513265,0.7007049070602216,-2.2619975737530975,-0.023741030475543514,0.014734392733040575,-0.041871217988709,2.3899308818627865,0.05033823351201503
8.608529090881348,-0.05030222204860507,0.9270055672127384,-2.283617211214506,-0.028126894050278965,-0.0031236950757328372,-0.04011580743846508,2.4651120060844205,0.04909335643732037
8.610520124435425,0.0907780660399919,1.563029044669515,-2.0211449227889426,-0.048556832150443686,-0.008153134343215374,-0.03181087717834509,2.556624190347494,0.058618866032708584
8.612515211105347,0.5750965124380247,1.2288920614468517,-1.9890478028005751,-0.04179032729369902,0.011240579329772312,-0.038127507398201886,2.4077422742335335,0.05767572192338237
8.61454701423645,-0.24782858336253194,1.1559232389166105,-2.066115019691683,-0.03465354209987516,-0.0071482907237661935,-0.0367485106566428,2.3804219826733473,0.051013910610937206
8.616587162017822,0.7139522778264269,1.2902442998517647,-2.068754716862534,-0.03922827775657736,0.00992279273764188,-0.0393944882593866,2.5405126031678127,0.056473403445164605
8.618611097335815,0.22260501631876534,0.8967585066212088,-2.0013080677108257,-0.03330489302854738,0.003548775066721014,-0.029581991550879736,2.204305512938762,0.04468673100858335
8.620590209960938,-0.0706100064955616,1.0631403879875065,-2.309678692919587,-0.03677285132596864,-0.008142161025718202,-0.03077515662620604,2.5435937022477195,0.048637923950123854
8.622572183609009,0.469555953099889,1.11988792680455,-2.3707876580457845,-0.03589730569986038,0.008099135333790157,-0.02916020225459282,2.6636940292076257,0.04695242214404958
8.624581098556519,0.3769474540259731,1.1172516263297674,-2.0500866544285365,-0.03823274908421081,0.005212329306956442,-0.034891417711288154,2.3649938414928617,0.05202232702642176
8.626655101776123,0.1943293363292138,1.0686951868896457,-2.0668405977128383,-0.03428592257915308,-0.0019226441659716867,-0.03537432331243225,2.3348882949283056,0.04930074844771743
8.628594160079956,0.7172072648736575,1.2376601141348533,-2.394657861197693,-0.043113197967302716,0.0031871530891121975,-0.0332950356399764,2.7893682243661844,0.054566154180486014
8.630593061447144,0.18686733981485773,1.0564743180092897,-2.0987701047446627,-0.04331008618695982,-0.0014318225998007992,-0.032217538553024186,2.357094257740364,0.05399799507291718
8.632596015930176,0.33727770402205354,1.118717829878109,-2.2672482810519736,-0.03495661010688613,-0.0019477854013106406,-0.04233295353558429,2.5506274915108054,0.05493484698422624
8.634559154510498,-0.23566964096229873,1.0458705712693197,-2.299097413782444,-0.04195889253049625,-0.01627791504711667,-0.03576746203485972,2.5367763696431016,0.05748765537993363
8.636537075042725,0.4410390450005039,1.0537914909118842,-2.126671334452771,-0.0343454788640911,0.007359388482670634,-0.024822875771302048,2.4140677103835295,0.04301101810931808
8.638542175292969,0.6709708818001272,1.2967862552242166,-2.1863221215451816,-0.04224219396696782,0.007068519576540961,-0.029228489524015744,2.629041828332123,0.05185240129446633
8.640554189682007,0.3537076267886471,1.0763592502751331,-2.1957187019475843,-0.04123746171041423,0.004532799586381546,-0.03831201061064034,2.470797227411365,0.05647021053119953
8.642548084259033,-0.15400479480808354,1.0034731155996919,-2.1929033390810058,-0.02552185687874674,-0.010824042922618522,-0.043952261710807676,2.416505912491806,0.05196466485242882
8.644519090652466,0.106302362450056,1.0924484317760559,-2.4679615269078727,-0.03764547398108474,-0.0070198594735466245,-0.03295569768727974,2.701032740758591,0.0505226498547359
8.646542072296143,0.2597383653796748,0.9485297162136876,-2.30035582183448,-0.02901638899257434,0.004853113193913987,-0.028426508774707423,2.5017612891797474,0.04090928915246327
8.648535013198853,0.5044380416697808,0.5962469733169365,-1.9745679781112397,-0.015305289449179192,0.005159708987950748,-0.03259379834882904,2.123413970768668,0.03637623087632399
8.650516033172607,0.12393491967219948,1.130622721749241,-2.1921725185324905,-0.0313561627747763,8.110936870199921e-05,-0.03967447140567787,2.469673653392063,0.050569548188686725
8.652535200119019,0.06655212036794653,1.1361395940132302,-1.9562417014420042,-0.03461130946715259,-0.0059269297790044235,-0.035050777597532085,2.263210983596254,0.04961479869784733
8.654531002044678,0.28919864479511265,0.6547491211781684,-2.1045535515846554,-0.021034317802701298,-0.00033227977467873424,-0.037661526841614223,2.222943525895901,0.04313865481578356
8.656517028808594,0.6522904258002442,1.5605736742058876,-2.1154014806510952,-0.05737311121885025,0.0015038811601889252,-0.03887246028343487,2.7084675402441087,0.06931813412060189
8.658520221710205,0.1784080585130478,0.9468828607675688,-1.973886723492981,-0.03218303264092819,-0.003492473530789516,-0.026474276284476756,2.1965075425637917,0.04181904190816814
8.660519123077393,0.726111629085228,1.1210620083201612,-2.0759971186984982,-0.03615947321698171,0.0100550535686112,-0.04094297006242342,2.4685587214478217,0.05554222180584568
8.662578105926514,-0.07518720723319999,1.140627940408162,-2.345710150402705,-0.03811874646262991,-0.012910967355524567,-0.03651392101669624,2.609413981006765,0.054341497384146606
8.664522171020508,1.3897203505734648,1.2930596333699431,-1.949717078757192,-0.039646472447683656,0.028915178755407323,-0.03412199993243027,2.721161986256299,0.0597682291806514
8.666515111923218,0.4597128275738454,0.896565963661808,-1.993720096980558,-0.038557545144203224,0.002596900111341715,-0.02699136519740581,2.2338500925838627,0.047137691637958744
8.66851806640625,0.7454084436336238,0.8593758252012332,-2.0694917849321377,-0.029626325033550404,0.003170213533639783,-0.037386731700642925,2.361558130701467,0.04780729124410111
8.670522212982178,-0.1402951613365615,1.405348264021832,-2.1659894312582146,-0.03936621636650429,-0.005648994909707978,-0.032823128379710416,2.585768104800953,0.05156518099585502
8.672536134719849,0.4656857987502329,1.194607923152241,-2.0949112090469546,-0.041971448824569414,0.002499757456825965,-0.03484926113045146,2.456136056289701,0.054610642782472366
8.67451810836792,-0.1571215591443191,1.0535814233467908,-2.0203811487299976,-0.02989088237355199,-0.019275073349313967,-0.04069201660112539,2.284001091530592,0.05404473625393336
8.67658519744873,0.6315540774072856,1.0722242802436914,-1.816732039567475,-0.04149687451540253,0.011695324209975148,-0.033578704793113964,2.2020537603393944,0.054647054984752745
8.67856216430664,0.3252389993804292,1.0712993814180696,-2.0350135257580986,-0.03486287976586145,-0.0026627190594168894,-0.03748860192192328,2.322658567539174,0.051263103031505254
8.680556058883667,-0.42502885050058925,0.9612942342419317,-1.6199623072065572,-0.033787526532817844,-0.022965710900504758,-0.035751458117419525,1.9310655103632879,0.054288005893503175
8.68252420425415,0.6663576560771828,1.2771039107167081,-1.9700285734899008,-0.043202133733632096,0.015020931294549537,-0.03716608366547711,2.440499847356529,0.0589353078478721
8.684526205062866,0.36831758219175614,1.0820813874901645,-2.1644233736495515,-0.03089117530035782,-0.0035660053221821266,-0.0375174761654848,2.447710463045972,0.04872927378099317
8.686522006988525,-0.3185802456318856,0.9633314741662808,-1.8633088057547906,-0.03075468122729631,-0.013113973994039109,-0.025646999167843246,2.1216551575667513,0.042137813156644686
8.688518047332764,-0.33875355615567354,1.0790724549713815,-1.6842152906461845,-0.0385630612605026,-0.01037099465515411,-0.040360049911177795,2.028726812592689,0.05677676331697039
8.69052004814148,0.271869150297176,1.057287375057704,-2.1010324435403,-0.032770241871760884,-0.004761386157695097,-0.030186509791682428,2.367721849615922,0.044808313111293754
8.69251799583435,0.05043680282297259,0.6383625002386669,-1.9820840777150552,-0.01923265404323558,-0.004723097822005042,-0.03641687638080742,2.082956515129758,0.041453486221523325
8.69451117515564,0.1537306018442702,0.7766848232421065,-1.7073219869682408,-0.02345989950068087,-0.002239316931681477,-0.028340483961184354,1.881972576788303,0.03685870936504301
8.696562051773071,-0.06048617254251773,0.659626693140403,-2.3287001634033424,-0.020366181865584972,-0.007017903818757689,-0.04332578137643253,2.4210762900840073,0.048385490280349996
8.698523998260498,0.4460351759779585,0.787479396096755,-2.134361989062402,-0.025237044309236227,0.0033255735049464857,-0.029125359133252485,2.3183123771055985,0.038681447610503
8.70051622390747,0.2526429012591147,0.7506050103887804,-1.8649621833332162,-0.024920960028563935,-0.0017687271118268224,-0.03224715978944085,2.0261589923893832,0.04079291554703002
8.702522039413452,0.63085506443619,0.9084419690367452,-2.0336726525190096,-0.03344905708793861,0.0043366341125762094,-0.037150053901096686,2.314966388748626,0.050177408465891554
8.70454716682434,0.30287962140496055,1.0001632744152744,-2.136576577413065,-0.03447050430457617,0.00762402478080662,-0.03205394075096739,2.3784495184261583,0.04768434269796204
8.706514120101929,0.5618205739548721,1.3875939910022739,-2.1080707506899246,-0.03878556499757637,-0.0009311413493729434,-0.044234177789070295,2.585540897201006,0.0588374843196819
8.7085280418396,0.1421615644668561,0.9137027857473039,-2.2137949662302487,-0.030474938175179257,-0.0014548701009177271,-0.030683687538133386,2.3991562774443094,0.043270396170237965
8.710524082183838,0.33610009332652774,1.089495090458107,-2.212651117572778,-0.0372884974311617,0.004756185962808096,-0.042446630402066685,2.48913394435946,0.056698939832030525
8.712524175643921,-0.07394820114147543,0.8701308964113591,-2.188346673359417,-0.027279553829674164,-0.005867212377169131,-0.030856494296357468,2.3561530672146325,0.041601940801914976
8.714524030685425,0.12500511938099368,0.9217669008616782,-2.1571480782939347,-0.02402090816616213,0.0017920763990520467,-0.03412001379977171,2.3491633257572397,0.04176590605558373
8.716625213623047,0.585986490870528,0.7114609287854022,-2.094235396015715,-0.0209208499017994,0.004529877444584496,-0.03252919922258854,2.2880949968469495,0.038940346073698805
8.718574047088623,0.2996749487008067,1.276180468442561,-2.275486884229303,-0.042091205807545454,0.001016690839422981,-0.028413424504128842,2.626077345245697,0.05079395592634958
8.720553159713745,0.12032043699211992,1.1927614755059173,-2.1418645624145727,-0.031026158587753393,0.009130581567922435,-0.030477863507435816,2.454534731621534,0.0444397367280545
8.722519159317017,0.1015547452669703,0.898995424859017,-2.1422739073380805,-0.03130179579749772,-0.003795087672901004,-0.03193223342601132,2.325477076701736,0.04487619237598624
8.724520206451416,0.08538433508024348,0.9013674512755542,-2.0971189739388945,-0.019126505551366236,-0.007635932362553667,-0.039961362550051345,2.2842201640276723,0.04495599153070238
8.72667121887207,0.41613328350694667,0.800270089795094,-2.299786817119105,-0.02165073534539323,-0.0006951078435155883,-0.026557941539956335,2.4703478561647434,0.034271880233656786
8.728638172149658,-0.2130206230620295,0.6302411854707733,-1.9521011818487441,-0.021739602129631448,-0.002345081232929266,-0.031145582041496922,2.062348360944049,0.03805465789423587
8.730672121047974,0.2352786678241663,1.0401248294224716,-2.050709923193071,-0.032651841435462216,-5.5492646033705566e-05,-0.04062067588215521,2.311412317479677,0.05211703308596372
8.732580184936523,-0.333564912980411,0.8749106236725053,-1.9471347754196269,-0.026968957894257854,-0.018473013013261326,-0.0424769334738032,2.1605712171171496,0.05359913037567194
8.734541177749634,0.3268729097158304,1.0694603524608732,-2.1338820005918744,-0.03477503710003765,0.011835640823930065,-0.03172174665380116,2.4091583046868896,0.048535088439087236
8.736532211303711,0.7582124793731445,0.9186939673833953,-2.335544537508788,-0.02800522890198647,0.008188149881390416,-0.03476766014403397,2.6217652557524964,0.045388642150033756
8.738522052764893,0.17426070346922007,0.8371612412120476,-2.1405522304759166,-0.025351805760247835,0.0016329929583950007,-0.03796528533480527,2.305031363768551,0.04568088891276836
8.740532159805298,0.09360356109454891,0.9678002661771195,-1.948092661122948,-0.038438267357007054,0.0011579566476363125,-0.03540174499486773,2.1772606638120235,0.052269731295351056
8.742518186569214,0.1264077890051299,1.0161134086205414,-2.0348639128359367,-0.03998136771829436,-0.004883570387269665,-0.03671322407738899,2.277967631917012,0.05449972336177003
8.744523048400879,0.8048275370435923,0.9716903785857898,-2.188353675192889,-0.03710796404112972,0.008683377203718633,-0.036726251215455696,2.526028773381268,0.05292654875656071
8.746549129486084,0.3718120264604543,0.9124470175103372,-2.011428154897914,-0.0314285538410944,0.010355007237144128,-0.03050914251513329,2.2397872588931667,0.04500875413108644
8.748533010482788,0.15799088721985688,0.8284717505338272,-2.0304099170019136,-0.023027165081684967,-0.001383786218446855,-0.03352819557055751,2.1986111509170554,0.04069772836676621
8.750524997711182,-0.2739243572860117,1.429875041335736,-2.113923159396784,-0.04562118442194418,-0.02418764815750982,-0.03526553157584994,2.56675832738174,0.06252993290240923
8.752531051635742,0.35681457912111797,0.8868627777300083,-2.089749697977414,-0.02967240438055352,-0.0051111159259857155,-0.040134721138836774,2.2980200239756527,0.05017340858088224
8.754525184631348,0.048012458472520426,1.1393718556565389,-2.488837332603811,-0.03683538136653161,-0.008073757228873645,-0.032087905654860256,2.737660440922733,0.04951428647899338
8.756522178649902,0.7099907499228512,1.0962570392352324,-1.9910836847484041,-0.03801718625726737,0.0030955486407036373,-0.030135280488465803,2.381235099842116,0.048610945294503674
8.758522033691406,0.46237602445042375,1.2742752591982935,-2.416630657338233,-0.039139913737930264,-0.00022119804911552751,-0.030866724703606064,2.7708613747675064,0.04984713100989624
8.760524988174438,0.23610336120504233,0.8624439584841309,-2.245047977057324,-0.028884355978331496,-0.0014497850749310634,-0.03653674456051901,2.4165667377474347,0.046597656594801876
8.762541055679321,0.40481699316814146,0.9649187303324409,-2.1773709742466747,-0.02929659608241917,0.0030061537851821833,-0.04103633764112911,2.415758537932957,0.050510479205738416
8.764523029327393,-0.19362153933711698,0.8953503972651498,-2.3670191088743096,-0.027562800971582622,-0.01648047579051382,-0.0325958644590973,2.538093988833799,0.045758108128687205
8.766521215438843,-0.30288520486536097,1.1341521475254868,-2.3336432443273813,-0.0326055563916915,-0.019222679642831607,-0.0417595603153142,2.612265555577731,0.05636039920006841
8.768524169921875,0.3756959171295015,1.1388972273867524,-2.0680462409258746,-0.029576316807589174,0.0012798347660750921,-0.030431881803632897,2.390616985488192,0.04245581141659666
8.770516157150269,0.178144676418874,0.8961392408028627,-2.1226932481721716,-0.03402883509523983,0.0019001616489538352,-0.03770952951956172,2.310979811785218,0.05082893712067839
8.772518157958984,0.4511952628367204,0.8893415120236207,-2.104074384966154,-0.033655922818912144,0.003059014019233361,-0.026743601044318777,2.328440359486464,0.04309639085097644
8.774515151977539,-0.038929586113800776,1.5174750501199883,-2.084321512648951,-0.052308661584050974,-0.0033449053479405284,-0.036295611025949436,2.5784961137265388,0.0637554377935598
8.776591062545776,0.05076653880364508,0.9432379080888863,-2.0995169201032398,-0.03096065111052095,-0.0010836232328347677,-0.03452854579166181,2.302226376905146,0.04638918657386685
8.778554201126099,-0.15011477150138522,0.8856580002047956,-1.9641399723846724,-0.025357280083446638,-0.007265331262352423,-0.03335980056400431,2.159807947264972,0.04252826101843593
8.780559062957764,0.1563001995868922,1.0121409442813236,-2.2123658297280304,-0.03300339472348801,-0.00038641553105452076,-0.04094981237544813,2.4379133717238166,0.052595251818214554
8.782525062561035,0.48918800280238095,0.6554367941859679,-2.3690462881210235,-0.01742849266895602,0.005854263332022107,-0.03760917081376096,2.506248712422325,0.04186256663382169
8.784525156021118,0.4998455607520102,1.2206913858100563,-2.5573038814801086,-0.03970512111434094,0.0006529191467322484,-0.03068446935576835,2.8774530728106753,0.05018425655284473
8.786519050598145,0.6343105312501279,1.1874440027206181,-2.045002016089491,-0.030502217026719965,0.011359908850388475,-0.04010086481406725,2.4483476786318694,0.05164796347844082
8.7885160446167,-0.06291843326896468,0.8135891860796222,-2.4850206250792457,-0.023405337912126883,-0.006399118162927713,-0.033838694712815504,2.6155713716165283,0.04163911401448262
8.790515184402466,-0.008909171976925034,1.3009002451536653,-2.3454553937759264,-0.04598011142017525,-0.011386662876477544,-0.03900784005521682,2.6820853501294035,0.061363167482192935
8.792522192001343,-0.27532587050230994,0.7602829298499999,-2.161121861631124,-0.02707482345026242,-0.011156428129508782,-0.04566805897704151,2.30744061011527,0.05425019413976614
8.794536113739014,-0.14013022565663075,0.7821173118724989,-2.4594453636201488,-0.027954891485848166,-0.011313682077854057,-0.028696525498876985,2.584611279536226,0.041628907454460046
8.796552181243896,-0.04372207680272771,1.0504936626964327,-2.2140729519836686,-0.031723349379888466,-0.010213757602270699,-0.03246997797839068,2.4510339842750013,0.046529466041999534
8.798526048660278,-0.19918426236681075,1.0186006219820483,-2.058295435252018,-0.02845461807615675,-0.0169768108052875,-0.04255801281302774,2.3051684745927186,0.053935719607439245
8.800528049468994,-0.20522988479793924,1.3803457205146163,-2.1104993152693794,-0.040249794413324005,-0.013010795105655698,-0.03766625486415035,2.530154337883306,0.05663985783074789
8.802519083023071,0.11040675802139195,1.138801771020206,-1.8713078073990181,-0.04198976552557766,0.003916144766536824,-0.03762742625325222,2.1933654588162166,0.056518136957700575
8.804540157318115,0.25120643532126447,1.1049230915403805,-2.140492287768665,-0.03463984747071661,0.0005033367511436065,-0.037930443328829624,2.4219139013109245,0.05137013638098618
8.80652117729187,0.29584622672893013,1.2127530398047321,-1.781076451359943,-0.03507183847474987,-0.0035422947354076324,-0.036719511742582464,2.174977758740142,0.05090092581284837
8.808518171310425,0.3403523814724676,1.0442849821105644,-2.155499334970523,-0.03463426116425996,0.008460602090727829,-0.03587416546115873,2.4192040530914314,0.05057736234390231
8.810521125793457,0.1775300137361412,1.1701987505247264,-2.197039186961538,-0.029804775183350975,-0.0037786035453875586,-0.031106637432989734,2.495568714852669,0.04324610226217836
8.812516212463379,-0.022280557943715307,1.0515183262975538,-2.1959454455109317,-0.03417281854829063,-0.006534599652316245,-0.023145255067555277,2.434823117489666,0.0417873826925382
8.81453800201416,0.5379246492795732,1.196829940417209,-2.021882177577223,-0.04169040655432152,0.004779905902356714,-0.034330788197119134,2.4103469407091636,0.05421752961299006
8.81656002998352,0.22638431463732112,1.2203312847423398,-2.3470552300786727,-0.033940655818505965,-0.0016305417396468955,-0.0430172579463561,2.655019125255852,0.05481889514554585
8.818580150604248,-0.40058991318171144,0.8343867327458213,-2.2834629117913474,-0.03052169646811246,-0.020325864281647406,-0.03866172647794567,2.463914845901091,0.053286431747143884
8.820525169372559,0.021922396305500424,0.9346613867728473,-2.0218652562426946,-0.02577407966885801,0.005269237499249944,-0.039531821883053486,2.22755731997748,0.04748508174146495
8.822518110275269,0.026761097099551497,0.9442678548112459,-2.006535511187415,-0.036229834726827136,-0.007343004955767836,-0.03784735862795128,2.217778775172119,0.05290503946909404
8.824525117874146,0.46826660568370165,0.8640828573199615,-2.1068168871483337,-0.02980523595930908,0.00890830832176689,-0.03885954149234379,2.324777450485564,0.049777243924718655
8.82670521736145,0.36034665968545104,0.8610657922977818,-2.016857317625499,-0.024471319212294052,0.0035767848166264726,-0.03568436941877066,2.2223855321413954,0.043416737261449484
8.828633069992065,0.5012492493584947,1.2178018170159286,-2.367952826848321,-0.03964738859660616,0.003132154666491286,-0.03273546235226888,2.7095188993045807,0.0515105456271037
8.830562114715576,0.61760253879313,0.9469117749341526,-2.3950553596497763,-0.03522163411953726,0.006635945912858545,-0.03404320198900211,2.6484646460203667,0.04943216452749093
8.83257007598877,0.2746031811299608,0.783151083255605,-2.043619247868202,-0.02890958813374054,0.0008959883493389113,-0.04298350243845905,2.2056999244114137,0.05180876917146052
8.834525108337402,0.31753626484184716,1.0467237607146846,-2.4877515706873443,-0.03130079214163152,0.006019797577406581,-0.03634971386493277,2.717603316930518,0.04834541601464463
8.836520195007324,0.05771914629654727,1.1434213974902305,-2.29417875706522,-0.03365266135678302,-0.008975257032977307,-0.048999540158622006,2.563981310668436,0.060116651528164276
8.838519096374512,-0.4629111238340799,1.0029835734042205,-2.0973328436748604,-0.03775550366746174,-0.02034325333336841,-0.04164934228148972,2.370457300658526,0.05978288823609988
8.840524196624756,0.298504798282431,0.8128690495504156,-2.0251205053824526,-0.02535112449563845,-0.00292528543976771,-0.036780122762033934,2.202492739519273,0.04476621760309624
8.842518091201782,-0.3364241591034607,0.8572276826272822,-2.0921284949292014,-0.031089458336502767,-0.007290349992031372,-0.03207004628411407,2.285830736075123,0.04525694964675228
8.84452199935913,0.3411502379397633,1.297346630826301,-2.0053987176357855,-0.044821071998300564,0.008432954539703498,-0.03447411026244408,2.412698858551967,0.05717086229656416
8.84655213356018,-0.07718227048724075,1.1799335224811072,-1.9309331083335806,-0.027229854275341935,-0.011232814792209342,-0.028895869019567397,2.264222358605935,0.04126272335181513
8.848550081253052,-0.2775776646217919,0.9269048381005963,-1.8499218872651193,-0.02189296276383531,-0.012979651007961921,-0.03316510602852347,2.08768123231822,0.04180547113417537
8.850515127182007,0.2895735372269149,1.2001060680626994,-2.152794195650054,-0.04197483079579352,0.00016196288150887678,-0.04176253100175905,2.481658771243054,0.05921166817429964
8.852519989013672,0.29263315156276914,0.9718224777438614,-1.9143451624967733,-0.033855549844428116,0.0005541287630984797,-0.04064931029979412,2.166746522050185,0.05290436410924526
8.854520082473755,0.0426325662786442,0.9871522709131912,-2.0344277789905916,-0.03744590023315034,-0.0022988201382480727,-0.0462633828457247,2.2616771497287504,0.05956324882533825
8.856523036956787,0.15831429953404255,0.9009726733187251,-1.911211084887159,-0.02652854753955359,-0.008720133009800806,-0.037391753762019954,2.118854168294646,0.04666848833706215
8.858521223068237,-0.13397083902621904,1.130002304772778,-2.0341626359231286,-0.038195126599512005,-0.01349810373095732,-0.03569540839369705,2.330809092115206,0.05399285768207913
8.860526084899902,-0.13550516996985354,1.1243885368319857,-1.8255848496851528,-0.03731654516325439,-0.005739183450245479,-0.033525180265386104,2.14834151760089,0.050491588224410314
8.862573146820068,0.03259162170843016,1.1221804560084774,-1.94568196823755,-0.038263401694456516,-0.009433523400868487,-0.042550239761943325,2.246336909543563,0.057996570388126695
8.864534139633179,0.39742795718245877,1.0708066274919446,-2.0437571138070028,-0.03914186249516902,0.0013724595891798476,-0.03211175777534732,2.3412643923460728,0.05064715226285907
8.866515159606934,0.19227811138985196,1.197635820078839,-1.9831480441961409,-0.04246581036642602,-0.004393846345751898,-0.03909556245307776,2.3246889243196693,0.057888806684106356
8.868518114089966,-0.22957183361632155,1.1304889685820763,-2.20801962138574,-0.043820044068046675,-0.016859772681254957,-0.04021310232284329,2.4911963357592177,0.06181862013517131
8.87052607536316,0.2804048534340016,1.0546146504219682,-2.2587174420914784,-0.032119161693117834,-0.0028272147049010605,-0.03924584564971887,2.5085141869087098,0.05079242159631508
8.872552156448364,0.0753931708201839,1.0917548780077688,-2.072547000873125,-0.03617289841471477,-0.0012233545999951931,-0.04321681551843314,2.343728635036118,0.05637081088429443
8.874516010284424,-0.32070551248266865,1.031066799697101,-2.241903845164471,-0.02635400997966287,-0.014342223616252675,-0.050323589574617716,2.4883897649157847,0.05858922160211159
8.876589059829712,0.08657758651400382,1.0001182090389014,-2.0488406895485802,-0.031652821785001374,-0.002675624413659555,-0.03232749614752751,2.2815521650156656,0.0453224789715262
8.878557205200195,0.26917493082703503,0.9588064218298413,-2.06808402602079,-0.024251889439203807,-0.003884544892435201,-0.030087512799079882,2.295372831722603,0.03883944202518241
8.880563020706177,-0.10732509994539316,0.9788562393939695,-2.2809969815421542,-0.04198840333397381,-0.01209194112934023,-0.03778213163042084,2.484476895501991,0.057764439972619305
8.882519006729126,0.4252623824808143,0.6379344951977264,-2.1178908323254713,-0.026185226876444118,0.005014151985568064,-0.03835827400173193,2.252392082157259,0.04671364908778987
8.884527206420898,0.2312053206455039,0.7029962636548748,-2.214350892356553,-0.020415044684373225,-0.0006056912331030982,-0.04300237179847903,2.334739711721152,0.04760614342319106
8.886527061462402,0.40034880217595537,0.6345599805318332,-1.8233533440126086,-0.02596200069068449,0.0077990509342434474,-0.028998974774030628,1.9716903786898807,0.03969623676474749
8.888516187667847,0.31136596164917685,0.8976753746722973,-2.158876459297788,-0.03333153561525117,0.00712703562684393,-0.03746639298089348,2.358710962978915,0.05065092799047027
8.890518188476562,-0.1539963783721907,1.404797161074018,-1.8928403071202586,-0.04565228595957113,-0.004841158357230201,-0.04353616936273735,2.3622054052458026,0.06326899770310247
8.892532110214233,0.1955409536918694,1.0659150017104746,-2.1690504848790426,-0.036124664149963265,-0.006887714818736809,-0.03605713402439376,2.4247043245303495,0.05150290175732802
8.894513130187988,0.10913033362861373,0.847141257705722,-2.1236592899774447,-0.0279790478462826,-0.0006172590141838428,-0.035524606361272824,2.2889924683433605,0.04522395144388146
8.89654016494751,0.362935117197711,0.9995366882015064,-1.803830156159508,-0.029185014131014004,0.007540526491572672,-0.036671247357317756,2.0939433427451153,0.04747004289379968
8.89851713180542,-0.1037323165320013,0.7912754349215555,-1.9084020446463414,-0.027043530958355603,-0.013539154372097607,-0.034349317622747386,2.068544312170694,0.04576611070383207
8.900521993637085,0.08081662617252647,1.0065207937952851,-1.917380149188194,-0.032007450810806075,-0.005493963422094591,-0.03570821912572732,2.167016860088805,0.048267353921884325
8.90253210067749,0.18741181404153923,1.3525175213445269,-2.047770506475139,-0.050007052262500684,0.004439168274719968,-0.03633912568683862,2.4612579874478278,0.0619753462809173
8.90451717376709,-0.5802192219580691,0.7860135067475025,-2.330619976708229,-0.035874109435914604,-0.01902375030134638,-0.032467979571942904,2.5271052716795555,0.05199061935418788
8.906514167785645,0.5573067070774413,1.1416045548017364,-1.8502924006919448,-0.04163308741789014,0.009381059206779287,-0.040493611805073035,2.244422797370391,0.05883069638213312
8.908524990081787,0.12996148359720508,1.0741250857944191,-2.1054659691419753,-0.033737536669196266,-0.00536027151067674,-0.03164833676045494,2.367196999484118,0.04656791933162463
8.910531044006348,0.5051086508322904,0.7912859143300568,-1.907842683055198,-0.024956793963677795,0.006139177416909334,-0.026573088032836353,2.1262953347665574,0.036968365826779856
8.912528038024902,0.29093130467181644,0.48326887811666486,-1.8878962714232164,-0.016813583832432973,0.007130095526530743,-0.03846424850840876,1.9703659975364647,0.042579728472881676
8.914515018463135,0.019979500372723235,1.2062499034290488,-1.9214827818384166,-0.04355040063995097,-0.008288404260161992,-0.03527238024055016,2.268817773832714,0.05665223604513829
8.916555166244507,-0.24402523574668178,1.1292707684712036,-1.9431758592839143,-0.03350231225056614,-0.011034586208711282,-0.0408924658279078,2.2606930805194554,0.05400334045610995
8.918575048446655,0.6025725235133244,1.5349794500845153,-2.241569571938582,-0.04518135658114432,5.052653979600554e-05,-0.036008364381043746,2.7827845234792963,0.057775079756256134
8.920561075210571,-0.2838875194319711,1.0073591394246517,-1.9341114260984391,-0.03417366297953537,-0.012352803510177337,-0.03940523689727513,2.1991251824387237,0.0536022731880868
8.922521114349365,-0.5285029516853303,1.1654823121566633,-2.2520474777529813,-0.03603194182525666,-0.02163879191222848,-0.04024098955535897,2.5902475232965116,0.05818827534404088
8.924527168273926,0.02380966633219498,1.0262825719151822,-2.3516327465015863,-0.03270659672713862,-0.005129790003519074,-0.03607384724367835,2.565930511928623,0.04896282947208135
8.926589012145996,0.15882824278760088,1.208611704820019,-2.1973511513608894,-0.041024616772948844,-0.00010083031630786385,-0.03742516558369432,2.5128312211770165,0.055530823576523156
8.928601026535034,0.1400784608641136,0.8342258436354487,-2.4199467660224845,-0.0252044364147998,-0.002787709418573113,-0.03089403107854989,2.5635321499388333,0.039968438736989645
8.930570125579834,0.17823220372664922,0.9225577865373908,-2.0223474435994757,-0.0250841849116671,-0.0033624502539008204,-0.037911237000362474,2.2299705761689688,0.045582719261693
8.932570219039917,0.3163241601336375,1.3628376571708778,-2.5305896124466214,-0.0474927448722961,-0.000510588199629547,-0.032131967982706844,2.891586284500257,0.057343568795953974
8.934528112411499,0.010819271128719166,1.199970686597083,-2.255465582905559,-0.04359110534511343,-0.006302299244994645,-0.03850024221608956,2.5548330084354913,0.05849933411313159
8.936527013778687,0.3697444535972613,0.8448399916851347,-1.9874301829663796,-0.02832607298017158,0.00474421206405516,-0.03772448348641594,2.1909688050454426,0.04741319028396636
8.938520193099976,0.3196696094836772,0.8930080083033656,-2.151118369928284,-0.029368944056019686,0.004976951097492293,-0.04195356836577505,2.350949213310298,0.05145295730873207
8.940529108047485,0.395623199322907,1.1062451534451265,-1.9145568139940607,-0.04063177258483385,0.006730254995125142,-0.030332490519828437,2.246291131927118,0.051149753243007384
8.942524194717407,-0.4672575261051629,0.879396478291373,-2.1103387182208158,-0.029677171794634,-0.019525001705998312,-0.040800813158472074,2.333494646952305,0.05409867439910154
8.944524049758911,0.11453994068575821,1.3468260850993024,-2.1274199075684237,-0.04016300317875509,-0.00874923671691123,-0.03294913032027742,2.52051093325037,0.05268074749211389
8.946538209915161,0.08151920580346822,1.0310184240857505,-2.2277627766684343,-0.03989513278390011,0.008173806624009966,-0.04589964152893628,2.456129345296893,0.06136130561727466
8.94851803779602,0.04086075660358193,1.041784699387976,-2.1075241108004144,-0.03128145680475058,-0.0030648800069173823,-0.04405432105738378,2.351306623755011,0.05411752242214462
8.950525999069214,0.17519080913599738,0.7566919062351687,-2.1022008257783713,-0.02988072126458854,-0.003215241264006826,-0.04072896254619963,2.2410985637563567,0.050616634318843626
8.952513217926025,0.04669289304326431,0.8927512822001215,-1.813002519521564,-0.02641514239728377,0.0021569311723665585,-0.03577116610273486,2.021426034739399,0.04451952857230805
8.95451807975769,0.08572473576638043,1.0538900522878045,-2.4010990479085983,-0.034327926279961625,-0.0065411283931655195,-0.032404483533480924,2.623606222454312,0.04765756431470237
8.956521034240723,0.19317780114344144,0.7326918188218454,-2.002982905716404,-0.026143708909654048,0.00618240653557258,-0.041730764851861384,2.141517098884622,0.04963035765784047
8.958523988723755,-0.19290438140318372,0.9236882078261947,-1.9230348076977248,-0.029709729590634646,-0.008283200565529832,-0.034285173535907,2.1420725658246824,0.04611672764133079
8.960530996322632,0.7193068531566247,1.3481564147582779,-2.304395169079579,-0.03793333704207479,0.016857449686424292,-0.03394983850632068,2.7649891795320434,0.05362558348105151
8.962525129318237,-0.10628814380864648,1.2299661767132888,-2.0120622857386747,-0.03887955288497634,-0.010282802480286728,-0.03785863548511296,2.3606161498780214,0.0552325261071673
8.964529037475586,0.2901199087534147,0.6912016393387825,-2.1663537230278123,-0.02194187290883629,0.006741688418353094,-0.031282015189606126,2.292382542455812,0.038800265769713856
8.966528177261353,0.5321788820212823,0.9216295127882029,-1.9183026120997686,-0.026521898953624484,0.0035500547280408936,-0.04084283567393814,2.193741149930966,0.04882777118164076
8.968525171279907,0.02571626714466315,1.0534558559211453,-2.390206196649654,-0.035378199438120775,-0.0064838427028845085,-0.03351901177541971,2.612186101577147,0.04916483867643545
8.970518112182617,0.8056515466907258,1.1339860305751361,-1.9951290082822946,-0.03635914043670361,0.006634570924779538,-0.030816735898496664,2.4321880050510494,0.048121469596112285
8.972517013549805,0.2772903290612006,0.9897573716454285,-2.305333985594476,-0.03081492856794564,0.00260965998180971,-0.031478594352115405,2.524098723595067,0.04412790557292838
8.974518060684204,0.34484748401676046,1.0623738456302718,-2.1013244963989064,-0.03318612909646539,0.0022881362511496836,-0.034731408466228714,2.3797316265238946,0.048091844069021894
8.976603031158447,0.5992411342885723,0.9113243582796877,-2.203714322135549,-0.03286156725741096,0.012595727997025146,-0.03655843732077726,2.45885315474566,0.050744992912853844
8.97855806350708,0.27869400219192275,1.3220875438088258,-2.4565376959444394,-0.040072784905179334,-0.0068983841672544,-0.041858953870682794,2.8035982722116626,0.05835741438175397
8.980566024780273,0.4874384791548982,0.9222857113344592,-2.2726683063137583,-0.03233561806680873,-0.0015343790456615815,-0.042589823098274485,2.500645603602317,0.05349616384714522
8.982577085494995,0.6218201643378505,0.7008042505017545,-2.3170059876026348,-0.02026450502993427,0.007179771264047519,-0.031903144797806975,2.499260622841271,0.03847089714969112
8.984575033187866,0.0054049787174649255,1.4985438914893356,-2.2606724025495346,-0.053113322898697406,-0.01284117476794466,-0.04052562799826779,2.712250489937097,0.06803122344494605
8.986556053161621,0.3356962788711264,1.231347655716855,-2.3122270273491052,-0.038021960810446224,0.004784400257530086,-0.03865277226850189,2.6410798675714062,0.054429741812138256
8.988539218902588,0.18606258810618911,1.2520345072059016,-1.9780301140334533,-0.04116776450355937,-0.0007596246958810916,-0.037665833575531424,2.348363861489589,0.055803914583465786
8.990557193756104,0.09177131951770437,1.3121989014326214,-2.095002764526126,-0.035793486121255366,-0.006097813119719227,-0.03873537709136998,2.4737268473659557,0.05309224436738525
8.992530107498169,-0.03414860847781007,1.0027011672923987,-2.228009381902271,-0.022795701849649366,-0.004881319448313172,-0.0379153708682692,2.4434814433907714,0.044508950228611156
8.994542121887207,0.3977113727764623,1.3419915083680194,-1.9561351807109937,-0.04182000876849253,0.007860445928763919,-0.04263762944463952,2.4053233441229565,0.0602384195364902
8.996536016464233,-0.21938680718159498,0.7088060246443505,-2.2485597318398525,-0.020536878884137674,-0.019407719451855487,-0.04055855872742228,2.367817015605127,0.04943095846399735
8.998545169830322,-0.07513189593818045,1.3632533573894636,-2.1573710472440095,-0.04459814871258347,-0.008283141387032266,-0.039854324294948514,2.553106804210828,0.060381888549748096
9.000527143478394,0.5252348628055458,1.0555329625823406,-1.9971965975270776,-0.036374905937625025,0.010828455332521688,-0.04133096057673656,2.3192274026877895,0.056112721632934875
9.00254511833191,0.5896593776232032,0.7501503811363212,-2.419103476394999,-0.03171613980764392,0.009715894482167815,-0.03605993151530252,2.6004779186611677,0.048996232414084066
9.004534006118774,-0.2869611365345504,0.9298969258752422,-2.260215610329077,-0.024478255107935405,-0.013056057618007466,-0.04003370419012526,2.4608188864296108,0.04870670472159196
9.006530046463013,0.3403213195486966,1.2671774914127367,-2.280423242975158,-0.03431913776197224,-0.004036506916653325,-0.0331780585146322,2.630948034907527,0.047904907594251527
9.00853419303894,0.5594287505928626,1.0193918861784932,-1.991053252013946,-0.03362559804957855,0.009611046107775805,-0.03699326241855171,2.3057348930334003,0.05090731298983913
9.010531187057495,0.10170709041500339,1.1840274018821062,-2.0589850739588456,-0.03491846639624117,0.005587240503975623,-0.035420972558063944,2.377327229355204,0.05005159187152601
9.012523174285889,0.34975030858568884,1.194000283191161,-2.2891401388597044,-0.038773880683405135,0.005821048321434987,-0.0344577428997016,2.60540294963274,0.05219803130917252
9.014535188674927,-0.26170243235714635,1.2112376867307333,-2.359752967864663,-0.03825058381007714,-0.024256317267611145,-0.03255920330828887,2.6653365577736237,0.05578151852781739
9.01655912399292,0.07738039455322118,0.6972570114803394,-2.275242543851409,-0.024684095365408977,0.00511766666337998,-0.033045842498704264,2.3809417672154725,0.04156347895130104
9.018604040145874,-0.2482281481098001,0.7968368323703762,-2.2083432585396614,-0.024729876532288562,-0.014446980451834889,-0.043250797964058334,2.3607935315214768,0.05187401625096835
9.020541191101074,-0.19059563703868948,0.8521895245499637,-2.1846477255082637,-0.03729943174490162,-0.01673653601097269,-0.03659868176788894,2.352708942300196,0.054870964574047415
9.022616147994995,-0.26727015304927304,1.0707712577659678,-1.8898534525546715,-0.03690885013215501,-0.005033546350705517,-0.039543744128405084,2.1884995986523523,0.05432593769678855
9.024571180343628,0.6476103578733934,0.9145509580266625,-2.0518146431392945,-0.02995820816879045,0.0033461110097944007,-0.03232430709048063,2.3378934877904984,0.044198999134077085
9.026612043380737,-0.2894898211943513,0.7474866072042123,-2.160302499562011,-0.02311732285994365,-0.006290714802357156,-0.03509584996970072,2.30422383334143,0.04249355708847179
9.028562068939209,0.8633354429659188,1.2172223549554606,-2.28214693700673,-0.040828459376824396,0.02310520325116024,-0.031986022510648214,2.726751362074231,0.05677956629293781
9.030563116073608,-0.48724048244803253,1.0742957487675957,-2.2743576895619135,-0.033429399378096206,-0.02193813722008284,-0.033204672035426305,2.562072899748508,0.05197457890591962
9.032527208328247,0.17053518948343452,1.397912262445524,-2.293678309425915,-0.046512485619983356,-0.005044318182849827,-0.03895045755767651,2.691505365307422,0.06087688073835047
9.03453516960144,0.07006657820288777,0.979594361144724,-2.2097602709376782,-0.028482409574908885,-0.006317484642436292,-0.04008573740977182,2.41817180795372,0.049578469228945134
9.036521196365356,0.23188515549410493,1.0427101693099043,-2.307746648664616,-0.033404939602803094,-0.0026014421097955284,-0.046980784251395444,2.54297263393525,0.05770486617083265
9.038535118103027,-0.11347871332004941,1.2613850745808768,-2.2595690591200053,-0.04513618352568413,-0.01575826677207154,-0.04506357765841252,2.5902938168641496,0.06569873717431554
9.040524005889893,0.3528760298768655,0.8680389998850997,-2.107331563324957,-0.03031399320738588,0.007978292343124853,-0.04326853056063856,2.3062652743274765,0.053429926724324776
9.042542219161987,-0.03954617991893058,0.9036806191982153,-2.3569568474973868,-0.02402263363493616,-0.009658222729872266,-0.03557423848734296,2.5245689023723377,0.04399880267703361
9.044533014297485,0.4410755420227277,1.2492697738433614,-2.094597378646211,-0.03871673537960143,0.005008913324002039,-0.03173853055031485,2.4784190082068176,0.05031311094172885
9.04653811454773,0.3225199606710172,1.1358034706353533,-2.2144488362978265,-0.03146956065344678,-0.0016120201281361554,-0.03813924972073262,2.5095522105585584,0.049472560332722675
9.04852819442749,0.34667459544823376,1.1737597719749095,-2.1975008246749534,-0.038769437194088145,-0.007891532445717464,-0.04009807679830486,2.5153340040405943,0.05633117527276447
9.050530195236206,0.3264080522791102,0.9684627654110503,-2.1109953519035254,-0.028363716663069635,-0.0025685791521883007,-0.04211706707200823,2.345370699982958,0.0508423579365866
9.052523136138916,0.6960553757552292,1.2154745893280052,-1.996482977178871,-0.03641898642505121,0.006943217688565293,-0.037356100166007884,2.438814433610078,0.05263106557644149
9.054542064666748,0.1259053414755289,0.794007512057605,-2.0917500549959964,-0.020941607123406012,-0.007982401112588217,-0.028029302288150246,2.240919091978051,0.03588748282053011
9.056526184082031,0.5750755602669112,0.7865082928913456,-2.3580344866480214,-0.020995562286320803,0.00603213865149613,-0.03134239261394474,2.5513984077412446,0.03820400381107074
9.058545112609863,0.6620154583174922,1.263782782079136,-2.305978327464301,-0.03366519963549229,0.012036514594769721,-0.03399550790787218,2.711631876576549,0.049334753551648104
9.060532093048096,0.2753759774386242,1.0198482840672178,-2.2180486131253545,-0.030187590787492294,-0.0024048356438374947,-0.03113160367161485,2.4567584540716316,0.04343098685493416
9.062588214874268,0.168492035226204,1.1689924080469323,-2.113614193015565,-0.0375805944745024,-0.0031237010644353507,-0.043224035537023475,2.421218241489782,0.057361797718541066
9.064532041549683,0.15417344648625506,1.1299762545694925,-2.037248124870683,-0.036303494733785226,-0.001642020302850968,-0.0394148574632717,2.3347367538507338,0.05361129497979853
9.066537141799927,-0.2442752407309375,1.0636679780594005,-2.312946871280626,-0.031239767398992632,-0.012305786936541404,-0.035692562279317136,2.5574954917164505,0.049003208684061175
9.068528175354004,0.26976435693520806,1.1814631874655812,-2.494980096102622,-0.04072867234627239,0.0027459382626984405,-0.03037383072322312,2.7737256085556203,0.05088157349017007
9.07054615020752,0.1966443761242874,1.2103121504979786,-2.073221338408043,-0.034672117321230225,-0.0015337860115886106,-0.04590681535655976,2.4086866193705627,0.057549491007721075
9.072526216506958,0.22127075237064323,1.2607668371210128,-1.8008955995256153,-0.03530701621240187,0.0024366690393330696,-0.047613119612728357,2.209461184051333,0.059325642930237434
9.074540138244629,0.24938906832808613,1.1579031774422162,-1.8411760690354677,-0.03515761150644349,0.0038404557527100757,-0.03712897326441879,2.189261060933855,0.05127735760446765
9.07658314704895,0.0557063544907825,0.8215402629170353,-1.9555495144196986,-0.020043455240856982,-0.005489461781692632,-0.03394858077113128,2.1218401223635026,0.03980427646646684
9.078571081161499,0.14266407276379323,0.8774263159527237,-2.2561682589543013,-0.029665992756778895,-0.0031428932780999327,-0.038770327082461024,2.4249794205924315,0.048919190165862256
9.080574989318848,0.3340758791293182,1.146413276684744,-1.8586869671644348,-0.03811794629732738,0.00972209416476754,-0.04017775778478708,2.2092051366683907,0.056229433266640344
9.08253812789917,0.07288491669927319,0.8331963384716683,-1.7720105979405532,-0.026349670208982705,0.00046963095914990323,-0.04325520851729878,1.9594769477435787,0.05065114744243154
9.084524154663086,-0.1724100095713349,0.7411426422518306,-1.863460826971628,-0.030092625783007036,-0.005712151270323752,-0.02885089741564717,2.01283478736388,0.042078130665933314
9.086538076400757,0.742911278153399,0.879492882054609,-1.7209296624793426,-0.03639867697190755,0.012719292615891104,-0.027391963069935098,2.070512931617068,0.04729655093956242
9.088582992553711,0.1783428504963783,0.8482339574450527,-1.8863552228845295,-0.029851960401826593,0.0057030386335949245,-0.03839612988481712,2.0759679780261093,0.04896863260925555
9.090559005737305,0.8016891395877149,1.134060594116628,-2.1366041033554786,-0.04031929226212716,0.019991007713424536,-0.0379780108434675,2.548308458985395,0.05888645876212596
9.092562198638916,0.0688667095344778,1.0468465256952368,-1.9843230885255845,-0.028177383464032986,-0.0004689152903121483,-0.027946093791916524,2.2445864634043415,0.03968839853981568
9.094533205032349,0.03969674633386103,1.2152495006319917,-2.0411424980126873,-0.039003225017721584,-0.0025919669286126805,-0.04015728692700522,2.3758514005823836,0.056040856057700164
9.096524000167847,-0.0025409041853213486,0.7424899468061951,-1.8628171839078391,-0.02362305027184248,-0.003400290221535397,-0.028199163878038724,2.0053392825067475,0.0369432445943389
9.098531007766724,-0.028689668878941164,0.923868754706998,-1.9825015875141858,-0.03029769408787894,-0.00799164146643775,-0.041798384126158904,2.1873886525993753,0.05223908035110031
9.100520133972168,0.19279742906012232,1.0815621720106994,-2.1365475107382115,-0.040216180395282394,-0.004267773414150045,-0.035081446059982785,2.402453505526869,0.053537490725284305
9.102534055709839,0.3295146759796832,1.1923083408534338,-2.237170240095451,-0.03423993630693886,-0.0056600616899008605,-0.03405907562678698,2.5563860789253647,0.048625406622340016
9.104525089263916,-0.04090093213780683,0.9862874367590968,-1.765400680257241,-0.028571628943445886,0.0037263531458313305,-0.038221714643412744,2.022640688805429,0.04786567829386599
9.106531143188477,0.023449075023440524,1.1741999709807993,-2.1262362699688078,-0.039548869780875295,-0.005014691470076351,-0.043556731529893936,2.4290278110185635,0.059046160696966096
9.108524084091187,0.34182879500719254,1.2346283851785003,-1.9105024597312887,-0.03641885558322965,-0.0017467517578424316,-0.03585814757799839,2.3002551648075578,0.05113893752730081
9.110532999038696,0.16778201641763996,0.9389209748401844,-2.0374669889333488,-0.028657642811585848,0.008084393556298912,-0.03832602127303018,2.2496655602602664,0.04853351231170403
9.112518072128296,0.08808452989895733,0.9388262694116691,-2.1365407482252876,-0.028732783192740006,-0.009746667599312158,-0.03790510799057825,2.335371494510461,0.0485527298003921
9.114527225494385,0.5258886292724175,1.419631758232145,-2.0965304110380307,-0.04557391845261389,0.007876603264558331,-0.04644938711797262,2.585991675119355,0.06554821496995958
9.116528034210205,-0.0026125838000952,0.9407527129130855,-2.2206151806419214,-0.031208493318245045,-0.006118837440330547,-0.03486242491504655,2.4116704320749958,0.047188970085957536
9.1185941696167,0.41894963089886134,1.1506126807190311,-2.0886220704358816,-0.0405679878488943,0.0030935510615982937,-0.03536033377509021,2.421109350560936,0.05390440520926408
9.12058711051941,0.39660817921944447,0.7982342044811607,-1.8466503537545473,-0.02487015061271822,0.005347354768158776,-0.04114038411459734,2.050510527173472,0.04836992660333952
9.122529029846191,-0.0650059883402258,0.7967054026184354,-1.8518235890883392,-0.025270271408726765,-0.01474398500903384,-0.03556815859559548,2.0169818745307335,0.04605502813915936
9.124515056610107,0.13931897335142598,0.9217347208612342,-1.9585463248723587,-0.025502071352725468,-0.014516576994454322,-0.03450171730485028,2.169080076587274,0.04529299226038424
9.126607179641724,-0.2792423828475557,0.9351132772930386,-1.9754109120134848,-0.038270380465414026,-0.008725653123834574,-0.03681712975304684,2.203329621516049,0.053816912645168656
9.128635168075562,0.09629008828200317,1.0448941496762003,-2.071304115158511,-0.030866482015775368,0.0024077877845776643,-0.040936714912616474,2.3219337420782464,0.05132593673653294
9.13057017326355,0.04779603619421671,1.0382781021089287,-2.1136878961222387,-0.0313455970903498,-0.0140038371470687,-0.031469974007430644,2.35541554733097,0.0465726655434336
9.132572174072266,0.1848607276231889,1.2518996127716342,-2.0896553982817956,-0.033651634017344535,-0.001720486531848258,-0.036440195819175375,2.4429666008039064,0.04963144585122841
9.134530067443848,-0.15419137637239494,1.2725948420237816,-1.848914610699869,-0.03406636790467779,-0.011534156294359797,-0.04210434756182,2.2498350717669497,0.05537445500631242
9.13654112815857,0.274767457985272,0.917885586255924,-2.1842917418744023,-0.03136802744985728,-0.004060068872218833,-0.03905044629624027,2.3851921346182534,0.050253105986373676
9.138545989990234,-0.060083561319343184,0.782963963415582,-1.918738388322136,-0.020751274950567014,-0.007979651051244298,-0.03510997021253287,2.07320997614069,0.04155719253388756
9.140525102615356,0.6256374624257585,1.2527634423045493,-1.941405501133351,-0.037409326062580316,0.012958962031560035,-0.03701736411304441,2.3937196570601422,0.05420034704012119
9.142534017562866,0.21312555840561115,0.9487321760685596,-2.1951381419910136,-0.0313076997741217,-0.007097651686077537,-0.039421050570161244,2.4008637420681014,0.05083864625123912
9.14452314376831,-0.2313948872705078,1.092648884040329,-2.017330614230048,-0.03989495000102271,-0.017015647721522618,-0.03329662809275411,2.3058724996754028,0.05467910702740346
9.146528005599976,0.05480785921210864,0.700904339554822,-1.9652265389622507,-0.024379519599887246,0.0006581883802336418,-0.037953871911447605,2.087195760842701,0.04511419489402124
9.148532152175903,0.6148176825476867,0.7914861390541333,-2.1692087955250643,-0.024701047554549008,0.00417284087763794,-0.03173165262168587,2.389543447956414,0.04042835798527466
9.150535106658936,0.6102083557571535,0.834817602149172,-1.908570197380239,-0.024373148165256084,0.011305457959503136,-0.03276465239466302,2.1706945581131367,0.04237199756564135
9.152523040771484,0.425713826351841,1.2292901387661532,-2.2172620826552354,-0.03999729566262885,-0.0058861152683344995,-0.03721225147826808,2.5707270664921755,0.05494708066274071
9.154543161392212,-0.3579776314124191,1.179708841749755,-2.4173332498086513,-0.03603679949874653,-0.020441527859631495,-0.035343634452082856,2.713551358740912,0.054458052440675905
9.156534194946289,0.42661275619131356,0.9635114919502542,-2.0940198473852587,-0.024692986511500613,0.0020011712754183578,-0.04880333232796562,2.344199641691965,0.0547312846153328
9.158533096313477,0.018676330879358355,1.038456918766954,-1.9383594501254153,-0.029822364234942934,-0.01375676024762471,-0.03361977027581792,2.199085931781788,0.04699905120819994
9.160536050796509,0.009228314690351774,0.8774003408566877,-2.1746120581832926,-0.028273957352208313,-0.010309961507795283,-0.03204844191459467,2.344963565500247,0.043963787368695426
9.162541151046753,-0.25550328501839537,0.9571607354327911,-2.035499637491582,-0.03521127916524489,-0.014320537221942375,-0.026991101565293538,2.2637794451619606,0.04662007647447436
9.164534091949463,0.06396825383316347,1.0995665093353169,-2.2809421838269337,-0.038832524607082156,-0.0027027469081524202,-0.03938136045511421,2.532949997909848,0.05537292984396619
9.166536092758179,0.390526092600428,1.2480771880740624,-1.9274278928724349,-0.045356328146960244,-8.037527030624824e-05,-0.039368977582254445,2.329202777478872,0.06005929868913613
9.168536186218262,0.788359947479977,0.9441320882410642,-1.96748796985377,-0.03333977212839671,0.016490109923878955,-0.0405954255107211,2.3203244855744583,0.05505862968937326
9.170525074005127,0.3347869209777161,0.5984925865364279,-1.9695799266447958,-0.023811114037315135,0.002058580606557172,-0.031391699883200654,2.085550465953515,0.039454349916944
9.172532081604004,0.1888324476912576,0.7889763833265274,-2.297364513035002,-0.029470354869094266,0.002404397898639508,-0.03587433684421609,2.4363959309809706,0.04648925670923994
9.174540996551514,-0.2853568245146958,1.2876246532046525,-2.363088433401966,-0.03532186923861343,-0.012496448312782899,-0.034472882894734255,2.706213721958351,0.05091341004114557
9.17661714553833,0.23227097734536223,1.1874683337739986,-2.2268797199061328,-0.042106328338271735,-0.0030563660126749024,-0.031236183441104168,2.5343685875503947,0.05251650612236204
9.178563117980957,0.1844249754635238,1.382872444934091,-1.8835607052524534,-0.04790233774596539,-0.002680770677035928,-0.04143018195859483,2.343960260094832,0.0633899082668028
9.180567026138306,0.39890682096677077,1.4119075491371162,-2.3759393032280323,-0.04700795722161787,0.004004563607185761,-0.039204280140833124,2.792435702348024,0.0613413413057978
9.1825430393219,0.4351319331524451,1.1785442097670797,-2.200843615837522,-0.03979766778353448,0.0015837457032088944,-0.032831807091953186,2.5341702537511708,0.05161676247484182
9.184530019760132,0.09775621233116137,0.7662517468094633,-2.060191034028854,-0.028955920796339647,0.00013034347665277955,-0.02847815558770989,2.200246602822231,0.040613639140855286
9.186535120010376,0.5170684744446336,1.3563335968673964,-2.2758325053385926,-0.040575496400345724,0.0014154050049082767,-0.034694454266117405,2.6993358860303927,0.05340486341416951
9.18852710723877,0.17902511659389775,1.0553634684620576,-2.4481221721078996,-0.032866231412081254,-0.008765525544832635,-0.0316275422680608,2.6719177031678996,0.04644701320028622
9.190546035766602,0.45725379177822567,0.8117435018611179,-2.2038267554808093,-0.025567148964798735,0.00850345299918558,-0.042436693535726745,2.3926681573261233,0.05026789012225159
9.192527055740356,0.4100827746701001,0.9190442368814606,-2.377731567047872,-0.02710481468558526,0.007639087615047597,-0.03410755577679206,2.581940664764023,0.04423066809123816
9.194537162780762,0.13184214608261216,0.8602114400601308,-2.2287332972599345,-0.033616513110596255,-0.0021730196610938524,-0.044323016612540636,2.3926132540402625,0.055671552608113455
9.196528196334839,0.4365776919470861,1.0226168317670123,-2.293364701974387,-0.03245495917440007,0.00670643029723696,-0.03650794239336649,2.548699064617303,0.04930649490828809
9.198543071746826,0.10850384145517668,0.9800088487140833,-2.4330325691849506,-0.03194358511076609,-0.005480362628684393,-0.03018895374326509,2.625231020288149,0.04429221074166017
9.200545072555542,-0.017149103849188,0.7632270123253083,-2.311400948082916,-0.020791877042099113,-0.016015643346548848,-0.041331100003179806,2.434211146738189,0.048959808110433524
9.202545166015625,-0.4249075008992177,0.8616652148259496,-1.9045942986872892,-0.03300809538317662,-0.02131312477223493,-0.03444932995502297,2.133188404561021,0.05225456901297515
9.204527139663696,0.07011623767981684,1.0613096111934914,-2.3134513574248774,-0.04047083523108581,-0.0035760138518283894,-0.043494209551358895,2.5462426358792007,0.05951825471120339
9.206534147262573,-0.32290107479833924,1.0169388289602088,-2.2346770442157173,-0.03297725566948634,-0.013397278377383238,-0.03534023574779692,2.4763301835372395,0.05015893461908489
9.208535194396973,-0.004975519644283142,1.127557839403071,-2.380228102543533,-0.03596456010140103,-0.0033347927432947184,-0.034364385587255276,2.6337990160855176,0.04985460282378726
9.210543155670166,0.12422830183538808,1.3799293255587002,-2.3139288477792705,-0.044004058470098306,-0.0035429393185300393,-0.040457545986789564,2.6970176727450075,0.05988090353466461
9.212527990341187,-0.33244087756817253,1.0246114382192226,-2.4767362648020392,-0.028274562221202584,-0.012235822915878523,-0.03926981071990125,2.7008458048902972,0.04991276655532396
9.21454405784607,0.7532331217115363,1.0298184284044047,-2.5203281819795635,-0.031742846616104825,0.009611230093064652,-0.04256173060189613,2.8248788073128086,0.053958177943883266
9.21654200553894,0.3929857492404889,1.2339366625005792,-2.4192907638056673,-0.045823921996649086,-0.0056461837837699196,-0.026580164737055056,2.7440855099658585,0.053274913194899444
9.218594074249268,0.009180720907769058,1.344085250685634,-2.2458508414802383,-0.04396629664579617,-0.006640792395274682,-0.03664735683851263,2.617345114600775,0.05762086538427346
9.220575094223022,-0.08739129728545776,1.102046420338832,-2.3467582952344914,-0.045194575523246065,-0.007964109638682737,-0.03622385911361783,2.5941121887217533,0.0584649011642591
9.222552061080933,-0.103832833578442,1.229537979186287,-2.3742729820994235,-0.03857466792440008,-0.014633681039206776,-0.034398305522428285,2.6757647678967813,0.0537158547269733
9.224534034729004,-0.17032128420498593,1.045552852499014,-2.351790418473946,-0.027306588391065097,-0.007389884219078145,-0.02914774377447428,2.579361990812441,0.040618359463090524
9.226688146591187,-0.011278587843037695,1.0194687270440452,-2.363559178284436,-0.030317047986811476,-0.006454831328438343,-0.039454540811247385,2.5740737520935832,0.05017418695643811
9.228608131408691,0.4219897153506332,1.507774713492471,-2.266778968800061,-0.04778231645411504,-0.0066745333579403925,-0.04184812263041709,2.7549495095016314,0.06386677171235351
9.230571031570435,-0.27531823987271437,0.99366915677582,-2.1651744338963157,-0.03043221297538233,-0.02489868557050939,-0.03553479543533089,2.398157387564963,0.05299797936099955
9.232588052749634,0.2392801351607687,1.2937241998665228,-2.2608583818274157,-0.03164204557883199,-0.006989997848718786,-0.035940978964828625,2.615809226813399,0.048392489988511936
9.234537124633789,0.5341924639482329,1.0247308597864337,-2.247487839315306,-0.03646713139199796,-0.0005210764585445502,-0.031931665335447466,2.527179556621949,0.04847426578847698
9.236529111862183,0.17239674629779705,0.8649448498007348,-2.2705408888676777,-0.021314850049758853,0.006093864968948609,-0.036728410896121534,2.4358173493410598,0.042900281932148454
9.238535165786743,-0.2826324390185248,1.1905643269357609,-2.3715194983216468,-0.030081124386441963,-0.015235470769944946,-0.04052593325105631,2.668600615130956,0.05271949240843952
9.240547180175781,-0.30330949242372107,0.8943066689809375,-2.4117481843321253,-0.025492079113281562,-0.01255428814113206,-0.029204520327715595,2.5900406118451924,0.04074751840076066
9.242532014846802,-0.09090979363439153,0.7908494411872875,-2.329884973274703,-0.03511557721057111,-0.009135164906127622,-0.03598266141719332,2.4621274170716987,0.05110094836065276
9.24452519416809,-0.05681318465776355,1.3484170408866931,-2.2237890463682466,-0.040261315097120734,-0.0168422001963409,-0.02891162085753015,2.6012869847158306,0.05234992857122959
9.246532201766968,0.1186078309852227,1.2222168328844565,-2.0098278122650735,-0.038088201394992555,-0.015604413904228285,-0.04673083721016616,2.3552684855683315,0.06227342904612718
9.248546123504639,0.2340720258372066,1.2258176500453846,-2.1605819223107767,-0.04244373592059832,-0.004934773074252846,-0.03773938401987524,2.495101774970002,0.05700950631597746
9.250538110733032,0.6534105463262367,1.1408689529209433,-2.5049512545029673,-0.0374354782432011,0.0010799824606256478,-0.03876060483615591,2.8290118587989816,0.053897735394699796
9.252531051635742,0.05897090740005725,1.0973953068076872,-2.4624419359275405,-0.042101007843862545,-0.002062068594902929,-0.04240570309838028,2.6965485931348794,0.059791225473534486
9.254537105560303,-0.33512207545410483,0.8634513166654406,-2.523563269620393,-0.031997150071000464,-0.01381425883381559,-0.03571098240692202,2.6881641611860534,0.04989915454455387
9.256527185440063,0.3548257929532247,0.680706463981127,-2.3823471473592304,-0.016528231394671213,-0.015215068664937006,-0.04120715589125637,2.5029663529462867,0.04693304213622688
9.258532047271729,-0.0664712786758732,0.9565521238232388,-2.060284044264301,-0.029720884020079618,-0.011477034171802574,-0.03614477665644191,2.272483385974388,0.048181927523292555
9.26054310798645,-0.05820794104434149,1.057694554449888,-2.1993551068929267,-0.026600288615853233,-0.007123618062762553,-0.037036752855595205,2.4411613672859818,0.046152381854431386
9.262582063674927,0.13771961376818434,0.9949380277009235,-2.196720218515648,-0.035779799283793254,-0.002942230434404175,-0.040291751154316796,2.415460223108072,0.053965507204130445
9.264539003372192,-0.12772979772842896,0.8948588495741666,-2.2580706428828314,-0.032807814440481774,-0.005972640948454665,-0.03134349781049448,2.4322767708750233,0.04576505198573158
9.266535997390747,0.0036643155764967718,1.1233984678398645,-2.1871924637854305,-0.03391792539148336,-0.012249748635494481,-0.04009839547773086,2.4588307014500574,0.05392924368451255
9.268522024154663,0.4950179696192561,1.1916200252826754,-2.196901315614167,-0.040319453396261556,-0.00038606891908947444,-0.03538972130122614,2.547817981223916,0.05364922874713162
9.270539045333862,0.07835598753559445,0.9464315401757101,-2.5045252958205757,-0.026299602828609773,-0.004936991099374306,-0.032264800962126444,2.678529312594355,0.04191730395890885
9.272536993026733,0.3112284370035141,1.3076492735538294,-2.278337440774916,-0.03806549977507982,-0.0005812674887032013,-0.039426031072408725,2.645303622774199,0.05480631415396007
9.274556159973145,0.38363831993688147,1.2348884838661196,-2.445082401713711,-0.04474934936775086,0.010434961643694137,-0.03739141250631364,2.7659638246512275,0.05924112104408306
9.276581048965454,0.16428107907012762,1.3012037961993799,-2.177356864397521,-0.03774852415802768,-0.00015040154256184917,-0.044693613912963115,2.541850213353086,0.05850207535920597
9.278569221496582,0.369637803994785,1.0547210873719766,-2.2430873733100074,-0.03067061059278556,-0.0018221025631066081,-0.03229915427646031,2.5060944999325145,0.04457849009173992
9.280604124069214,-0.4369411015784107,1.3455425022821141,-2.227418444576667,-0.04455415770942231,-0.02712517845750755,-0.03526254857457828,2.6387108744492087,0.06296265248162755
9.282534122467041,-0.6215666007146339,0.8335611477242348,-2.07679240612152,-0.022763424374371077,-0.015116012929156883,-0.03333569466904226,2.3225494449512376,0.043103780288853574
9.284527063369751,0.37605712827790655,0.897819873915774,-2.003836585758811,-0.028178114214771774,-0.001892175188181603,-0.03487974200576137,2.227747865480358,0.04487964850610984
9.286538124084473,0.1965498615549848,1.1963117884225878,-2.2992157332085172,-0.042217029895051106,-0.004225411864214908,-0.04099539045052486,2.5992665755996853,0.05899791315608436
9.288524150848389,0.08384923642710028,0.6509531030038568,-2.0087888623517296,-0.025419593720879013,0.002506962223246998,-0.03008674996725221,2.1132920598601874,0.03946711451468539
9.290527105331421,0.6605410900514483,1.2574657494467483,-2.3119261169219443,-0.04567908928602313,0.0062393130972402296,-0.04106765324534093,2.713399530622759,0.06174188504577284
9.292554140090942,0.43718346451061746,0.8756606974707972,-2.0419012183677614,-0.03181550579821346,0.0005627233001848379,-0.03298945338856065,2.2643479468289094,0.04583499865370066
9.294539213180542,0.4384299986786,0.9630151461339377,-2.177133027949799,-0.024218445935795734,0.005979166347658978,-0.030671238122158856,2.4206460412077075,0.03953490105848514
9.296594142913818,-0.17193165026553348,0.9686762506947434,-2.2516331093519817,-0.034390270226117174,-0.0110031889365657,-0.034894890258388864,2.4571824983409614,0.05021368557618655
9.298550128936768,-0.13353083509933053,1.029130229506668,-1.9110053792069155,-0.03558874057587703,-0.020286924186227268,-0.033237583322686705,2.1745990601866216,0.052752769537222875
9.300527095794678,-0.3438112096525553,1.1694133580078114,-1.7924307624583133,-0.03474305650220375,-0.020583430467929084,-0.03738995537330299,2.1676120012531648,0.05503422887404695
9.302544116973877,0.3158039480456032,1.0491075960886624,-2.2389936914610393,-0.03226789279021931,0.0011954213601522454,-0.038225554371391225,2.4926796088094543,0.050038374717306544
9.304532051086426,0.5244596270030236,0.9348920625215933,-2.093966128313167,-0.03472547597043068,0.0061810154992743395,-0.032703684002990036,2.3523977587654823,0.04809983972262958
9.306533098220825,0.07074737695967034,0.6164499030916326,-2.071042098832748,-0.01882360537346318,-0.01196311275333564,-0.04283472297126941,2.1619970049715405,0.04829345378030328
9.30853819847107,0.2849970497050213,0.8976368291368605,-2.2133439360557383,-0.020775829588072108,-0.005931127614817116,-0.031122424204031197,2.4053828332800067,0.037886919354726184
9.310542106628418,0.21279719216163576,0.8404391957660297,-2.016627335497154,-0.025357628883027825,-0.0061307052320007435,-0.031935146795907504,2.1950868996570674,0.04123649463869607
9.312530994415283,0.09504503157358707,1.2197216131378128,-2.2223582321168958,-0.03345647936297074,-0.007316226814379427,-0.04074709882193457,2.5368544466405765,0.05322771128433791
9.314544200897217,-0.040218715213397524,0.6931438292811083,-1.988235453833397,-0.027807916729334536,-0.008207885690655834,-0.039241057166925566,2.105978663947949,0.04879047230673624
9.316534996032715,0.022877451532120004,1.5663289862220844,-2.1044466847939507,-0.052178736621137235,-0.0026521634622678927,-0.038228876253602516,2.6234720734188035,0.06473871721019696
9.318600177764893,0.06093414687855596,1.0104328237090698,-2.0837563461957127,-0.027726131818200758,-0.008592367693360125,-0.03534527784391797,2.3166199454799243,0.04573681049266446
9.320577144622803,-0.2270754060955473,1.2630794357514623,-2.028324531262759,-0.037561371967535624,-0.007305818651503147,-0.0374725059534463,2.4002152622616957,0.05355763580184707
9.322581052780151,0.27333940374398347,1.0970097592571175,-2.130594491445511,-0.03681763861632479,-0.0018750154598153913,-0.038996955123969,2.4119655322003317,0.053663923684330886
9.324537992477417,0.31481833271751636,1.2073941160018111,-2.2417902059071078,-0.04076115683961114,0.0036922332136279713,-0.03925423449565735,2.565645038050249,0.056709782391111775
9.326621055603027,0.007063120742848303,1.174683034083716,-2.56518290359211,-0.03364396155084348,-0.0064504392787027446,-0.030587079840396172,2.821363756611331,0.0459248709185517
9.328586101531982,0.5840561040926356,1.5426643732503216,-2.255991212948054,-0.04425601935761933,0.0028741520967455847,-0.03624573668726473,2.7947148788601868,0.05727660454024604
9.330579996109009,-0.08202743792590096,1.0457036380772318,-2.1539720343144544,-0.029264810279970622,-0.012813545905737751,-0.038024173381186986,2.3957921704249294,0.04966340544831467
9.332520008087158,0.37233085199936816,1.2379129024525026,-2.163171255500535,-0.04031600773670938,-0.0029734199582928285,-0.029775781704660494,2.5199937496019142,0.05020775719147769
9.334524154663086,0.08078472301571185,0.8222019043350226,-2.4180419955492924,-0.021104761333863402,0.0013007378187281276,-0.02676734216979587,2.5552826135683833,0.034111485993244824
9.336541175842285,0.1410737314497696,0.5751022491488648,-2.2895005422684656,-0.020850044687750157,-0.006480992936919987,-0.036662829421439676,2.36483765356712,0.042671895834555655
9.338527202606201,0.43044662474753126,0.8485761487061906,-2.0308051759217456,-0.020867019273635767,-0.005099455447629977,-0.04057188816242983,2.2426625781557346,0.045907679622186996
9.340557098388672,-0.36764164746120404,1.074281381713771,-2.028683098994264,-0.034336673665419884,-0.009299535122858972,-0.034102944667869256,2.3248217101940973,0.04927980668515837
9.342514038085938,0.17788872466393682,1.0258631289853848,-2.115570615054075,-0.031307281995177044,-0.005759670614264974,-0.03805871239860016,2.3578970683756584,0.04961638137701827
9.34451699256897,-0.08279422025890398,1.2277881338796177,-2.1075997343492117,-0.035037564457548305,-0.005573744044427677,-0.03529286756712485,2.4405522376775184,0.050042822131652995
9.346508026123047,0.1414333049329906,1.3068370895200867,-2.379939788706271,-0.035489727370054944,0.0015670798881078367,-0.03636617610849457,2.7188122326039457,0.05083773453774844
9.34853219985962,0.3484648044446038,1.3373365011564478,-2.446679699540031,-0.04613092714244927,-0.004529453018369417,-0.03849216037467764,2.8100067952592713,0.06025134682293403
9.350515127182007,-0.3479698535836534,0.7486367220663825,-2.487839470960815,-0.02842076370738503,-0.009908865109687182,-0.041369250907836094,2.621237340245998,0.05115994857452935
9.352522134780884,0.12897886712086554,0.7536599882876591,-2.5516171698843575,-0.025015372136120456,-0.010027658761647837,-0.029833424747294043,2.6637171598647997,0.04020393034892361
9.354510068893433,0.33657874610271465,0.9656901279338518,-2.1295601038565737,-0.03548173089368292,-0.004328449853176841,-0.03778805770704768,2.362386274819297,0.052015632367725426
9.35652208328247,0.40950718053060275,1.10058019245914,-2.3648252773980176,-0.036171920267211666,0.0026747969139805953,-0.03547664007898536,2.6403354869334565,0.050736124661255204
9.358520030975342,-0.020658341656813684,0.9432648953801144,-2.432889536598601,-0.03360384457911829,-0.011694288324697703,-0.03260336246611671,2.609430383671391,0.04825923739571199
9.360525131225586,0.44681751746854137,0.9939754540665378,-2.356822462174797,-0.02265307799390607,0.0015620855485475147,-0.03999592091137805,2.5965833734766157,0.04599212697199576
9.362523078918457,-0.013197793014298163,0.5953841315491624,-2.2885213661589217,-0.02166728337314445,-0.008104651651560579,-0.032384306012543905,2.364738143898156,0.03979823894444794
9.364520072937012,0.5755645569572656,0.6051092368101132,-2.460667823746369,-0.021650923906054532,0.01503770179781236,-0.02472897693997271,2.598522250533757,0.036144394888328046
9.366528987884521,0.27279507723230095,1.226948118874701,-2.107191714744406,-0.03727990256702488,0.004891048669799452,-0.03322580843899923,2.4535842686282074,0.05017636733485484
9.368526220321655,-0.0942996031002728,1.1513645212291603,-2.6831513072938824,-0.03899974590912264,-0.011515619937969075,-0.028785754867081733,2.921272601747908,0.04982177603016173
9.37052321434021,-0.1415254257347287,0.614687097557437,-2.257184591979623,-0.02444004774659311,-0.008728365208075769,-0.03485875251531812,2.3436620823623873,0.04345840448043964
9.372523069381714,0.05786250224207112,1.1289640393127147,-2.32689919836294,-0.034051635107565835,-0.00892267981206807,-0.04378514529749768,2.586961103412474,0.05618066408694792
9.374511003494263,0.49429785831613404,1.2323859581046008,-2.065409315760625,-0.03453446091378161,0.005352596000774149,-0.03812177563261984,2.4554065170761614,0.05171604250072526
9.376579999923706,0.21091606630717696,0.9960566990956753,-2.204790263282503,-0.028506743911462906,4.4824838810666925e-05,-0.03743207303008839,2.428521080803128,0.04705099944772451
9.378550052642822,-0.07502284607037511,1.4294647955048299,-2.299098260527248,-0.04882044501005825,-0.01646647972897858,-0.034595646833091805,2.7082929753960485,0.0620599676558488
9.380613088607788,0.049187452579819546,1.2842766212466887,-1.9769868741447012,-0.0409545965393814,-0.009119649860829328,-0.034679762647223306,2.3580209808041444,0.054434666606450154
9.382520198822021,-0.1717519222891089,0.8504890642888122,-2.449344140500515,-0.03301531667413223,-0.01632547833115163,-0.0351414241773484,2.598483613550232,0.050906306790479916
9.38452410697937,0.5186850827535275,1.0308817457546384,-1.9860358041565858,-0.027934411104472083,0.003798710630037982,-0.03259800763311452,2.296974010343404,0.04309746660597359
9.386526107788086,1.0789359799483458,1.1950601110105197,-2.386262192693664,-0.03970138439714301,0.020905449670225142,-0.03736725314338399,2.878631405726469,0.058391346588734946
9.388528108596802,0.0722465937939378,0.7330722969959899,-2.195112418110576,-0.022599569453179248,-0.0053281026505591625,-0.034350750637688686,2.315412078028674,0.0414620704583917
9.390526056289673,0.16053353565808642,1.0195145459524926,-2.1932180499687743,-0.03696992048901889,-0.0037213666659737304,-0.03686356766001408,2.4239196232937337,0.052340674541425575
9.39251708984375,-0.1039249049316621,0.8675841102302656,-2.2650340359534105,-0.025086312436513603,-0.0014494603811253672,-0.042991900941774075,2.4277318134869206,0.04979686288960524
9.394519090652466,0.3914230107034477,0.8919321457475239,-2.197919946649055,-0.02548253517042092,0.001886256395925941,-0.03782083923739182,2.4040813251227,0.045643547654882696
9.39651107788086,-0.17140029992974243,0.9970350965102005,-2.328638171888107,-0.031639972900373674,-0.014311811621539293,-0.02826219812153353,2.538899915724032,0.04477351538228399
9.39852499961853,0.11612074128005764,1.2846905418284298,-2.0368410036929756,-0.040561296463381774,-0.0066039696567962705,-0.03448635582858259,2.410940706268792,0.053648298429249786
9.400524139404297,0.19860125547672447,1.2604021002902794,-2.421358411675895,-0.039183104667875494,-0.0043731964209168216,-0.04448002174417029,2.7369750585065056,0.05943831148940444
9.402536153793335,0.5253308720923311,1.2213885312622945,-2.2215667464585747,-0.03547261424220791,0.005274727630025281,-0.03560957023193512,2.5890386784370163,0.05053880296218504
9.404515027999878,0.5881181175030995,1.1161952992753494,-2.3588802223330965,-0.03411573843741144,-0.002282462919037469,-0.04177076879743936,2.6750870583167967,0.053980462873485874
9.406511068344116,0.414467073842926,1.1937074949472566,-2.48868403052311,-0.04016268305793415,0.0037791780120527527,-0.04104075053645406,2.7911052904851017,0.05754708073789937
9.408528089523315,0.15546274358362344,1.3255252632227161,-2.030499052162437,-0.04565679201749588,-0.007471621686216935,-0.03648847657335375,2.4298379141244695,0.05892178468609898
9.410518169403076,-0.1397177922217567,1.3863093659439518,-2.2697493457417455,-0.045819765667929446,-0.012970099533687962,-0.03258400564406477,2.6632943532516875,0.057700882416044416
9.41251802444458,0.3223551450045228,0.7343955438094774,-2.1745246218918464,-0.02356291335383262,-0.008879143806193831,-0.045252396749948104,2.3177158983559614,0.05178638326882857
9.414534091949463,-0.025903393073289642,1.165554046516099,-2.248788450356836,-0.03739908970002624,-0.009818698561794919,-0.03310627203767247,2.533029158059785,0.05090308438661037
9.416567087173462,0.0794743606718005,1.2839810473583193,-2.5346997161284675,-0.03295204823436463,-0.0035554508450451835,-0.03978119744653098,2.842468320829854,0.051778590013936344
9.418570041656494,-0.0517103093746837,1.2441528775573,-2.3625634207844244,-0.029447923701197365,-0.011951902562736611,-0.03025950365965131,2.6706359272761864,0.043882408171260864
9.420607089996338,-0.1566169199513036,1.0306206448408604,-2.3292077975428067,-0.032066026153634145,-0.0063832465232336955,-0.03858293372055369,2.551845751083211,0.05057290424670669
9.42253303527832,0.34416851250037195,1.1089402122848755,-2.180465166366678,-0.041506149469150426,0.0067246285426431004,-0.040457781354364244,2.4703499147201007,0.05835077672927353
9.424523115158081,-0.1119851521748533,1.0293405048680433,-2.1931495678136583,-0.027804667010995928,-0.010361130240033272,-0.03516354199961053,2.4252809272475755,0.04601007730271349
9.426644086837769,-0.01886250947894562,1.19136907080804,-2.155614472386836,-0.03616620159780469,-0.008631741558896995,-0.04423501756223798,2.463004224662522,0.05778613916056464
9.428596019744873,0.47831503815772053,0.7151779428683377,-2.3223665482829112,-0.024731966818281697,0.002450434262365474,-0.04656882695828957,2.4766209137202835,0.05278570313111192
9.430551052093506,-0.002391810405638864,0.7376356952621199,-2.57159463706517,-0.015807974565344905,-0.008206988328466365,-0.030119149956906344,2.675296454052184,0.034991569147564475
9.432567119598389,-0.12894289522173347,1.0552140064726807,-2.3306160160117333,-0.02904959174536179,-0.006886594125659593,-0.03769164694384551,2.561615483200922,0.04808288893736794
9.434530019760132,0.21689680077418017,0.9964351971056653,-2.3520718021395357,-0.028477787203673256,-0.005745483367316555,-0.031789440286247604,2.5636242093249555,0.043064642769384605
9.436547994613647,0.3749088827583762,0.8149316104538472,-2.615570636520123,-0.028283652149137178,-0.0009498475587893737,-0.033292332226732,2.765118434120737,0.04369492618569607
9.438517093658447,0.3128591550299522,1.0913069017773858,-2.214940886832835,-0.035523392174683054,-0.0047081436730417505,-0.03105384801999007,2.4889344581400366,0.04741750188792085
9.440521001815796,0.11085911263041157,0.947403034500583,-2.1735608198470917,-0.027766014926951348,-0.0073943649603529695,-0.040709250270937504,2.3736530686282853,0.04982841835451338
9.442521095275879,0.35852655818207446,1.076414217987805,-2.1995757486945413,-0.040694521752958665,0.0007815291362443717,-0.03760415151235751,2.4749428954732133,0.055414141691964916
9.444519996643066,-0.08268627157454222,1.0603426859774991,-2.4686069214989472,-0.024118572771336527,-0.004691727809302328,-0.03700408346466622,2.6879701940470593,0.04441869038392308
9.446521043777466,-0.09628002563388743,0.9857804126550891,-2.23346691010171,-0.032694917175834795,-0.011908243907214018,-0.050469187039245855,2.4432370543665587,0.06130173506917058
9.448548078536987,-0.11097304810871284,0.8825393744452329,-2.3610946446067373,-0.027925046733405692,-0.012561624636660633,-0.02625907556682914,2.523085152277532,0.04033784449124289
9.450517177581787,0.054564302653116833,1.152896749310174,-2.1292242512487767,-0.04003114491916824,0.001963837281385343,-0.03640605019420914,2.4219298275961467,0.05414563427600127
9.452515125274658,-0.0447278183613415,0.7648105679807964,-2.1860181408133608,-0.019858676711749335,-0.00690668513692608,-0.037249276177466706,2.316378875442352,0.042773565622561786
9.454516172409058,-0.2820975237372194,1.1091471100307888,-2.342725244301583,-0.036992676849616074,-0.014926193582374904,-0.03680585133272063,2.607325812950164,0.05427633082371158
9.456561088562012,0.1547013898895821,1.295433372502955,-2.08333113910461,-0.03152784528330628,-0.0037185233046742707,-0.03920105457087053,2.4581189511069352,0.05044358356861527
9.45852017402649,0.5436767576090868,1.223145151718246,-2.343126000141792,-0.04164336373394585,-0.005230992485775453,-0.04572917101803629,2.69850105270994,0.062070041948276186
9.46054720878601,0.2647672074555485,1.1754330967192368,-2.431892100353564,-0.04158875908841457,0.0036474308071743223,-0.03122194687457232,2.7140088111074463,0.0521319345569098
9.462576150894165,-0.13199046506223966,0.9863706089036753,-2.343774849462402,-0.03162434007450056,-0.021014206692588123,-0.036986067007420534,2.546297116588883,0.053006272466038194
9.46452522277832,0.5523077626119375,1.2980352416397525,-2.5522592013616214,-0.03940454799939861,0.00610212771498281,-0.032730141740957404,2.9161560973506266,0.05158698037363722
9.466530084609985,0.16713798453322284,1.1940768726817583,-2.311254438708444,-0.042302919342379466,0.005882269983970651,-0.031721278022851365,2.6068470925999403,0.053201292883305176
9.468513011932373,0.12698557659367438,1.6776376012357788,-2.3469476817718364,-0.047552834092620386,-0.0065214093560285805,-0.039526127131018524,2.887690544140276,0.062178095308610216
9.4705171585083,0.3796630846901821,1.3050282860785893,-2.5048470038489308,-0.039057133822595805,-0.002923416897840115,-0.029800564659470764,2.8498248012873795,0.049214629154531196
9.472520112991333,0.5085685038820372,0.9926026880530869,-2.4046309167819135,-0.03095771614306006,0.0025953207519304067,-0.03283346488388807,2.650688941655443,0.045201242182944405
9.474517107009888,0.5154826837787853,0.8400297224652737,-2.410722698305591,-0.022471510438654238,0.008673012925055117,-0.03090471339994628,2.6044109238034334,0.03918279271473051
9.476603031158447,0.0009422448860791355,0.962069702208135,-2.291103442662745,-0.033741544713842574,-0.009290019117228364,-0.04169085488878397,2.4849012022036923,0.05443274452232175
9.478548049926758,0.7225672291948563,1.5874178617251427,-2.362726747140272,-0.04656771612106577,0.006765128549321686,-0.03922216836976057,2.9367459117333268,0.061259265753409606
9.480598211288452,0.1560826551124679,1.101311429751371,-2.4004173874570034,-0.040466052162427206,-0.002592779340948212,-0.03597827912028814,2.64561000423983,0.05420941293521347
9.482529163360596,-0.06856279068132788,0.9514482730984638,-2.1652026853150805,-0.0299768620269932,-0.007917178881931464,-0.03833313332770586,2.36602141603657,0.04930236393068351
9.484531164169312,-0.14409124208064272,1.5897111589441075,-2.256286890507221,-0.0516949417195451,-0.013014140652493733,-0.03462263222538455,2.763833277748588,0.06356462474147308
9.486531019210815,0.2788812584560302,1.2438900489580231,-2.3157021951271317,-0.03171348705590903,0.0036707465105776157,-0.03718566016187421,2.643390600484807,0.04901013122676399
9.48852801322937,0.20108747259719,1.2791452099616916,-2.2133101277700185,-0.03564137483091323,0.0019421964392490963,-0.04096503610809136,2.56425239816458,0.054334279328831774
9.490524053573608,-0.16903026785096942,1.0468784610980584,-2.2832038439066435,-0.03066078835782526,-0.011303328579496216,-0.0337553480624423,2.5174482192471968,0.04698162090132732
9.49252200126648,1.0647095571011311,1.3511502291846373,-2.2989755627846833,-0.04526827109992367,0.01596075705894479,-0.03227220385099152,2.8713240884806672,0.05783992803998629
9.494529008865356,-0.02667801312139654,1.2808332745033557,-2.2610190756437256,-0.03882190636978808,-0.01115599120932613,-0.03800414153552588,2.5987406284359933,0.05546089909025491
9.496525049209595,0.06410585813921284,0.8973566197718779,-2.303895950451412,-0.02615422982989362,-0.004478369737043515,-0.03869694206682923,2.473316602176638,0.04692070820885062
9.498524188995361,0.6947211083591578,1.4182827644033664,-2.382379174584449,-0.03984383815003739,0.0004131340261394614,-0.03994712318581821,2.8583026343788567,0.05642228964755741
9.500521183013916,0.5112781462782104,1.0597566691179685,-2.1055860870743417,-0.03253346277231475,0.0008489236590594092,-0.0468273117558454,2.412049400547744,0.05702581869307654
9.502524137496948,0.11516645014860732,1.2222244007327903,-2.1223359481232826,-0.03564527769482989,-0.0028813442786040037,-0.039453009437672285,2.451816810792114,0.05324873632756405
9.504525184631348,0.2716911116301772,0.8544945472586424,-2.502933254252481,-0.02662198207526371,0.0033574856335918924,-0.032727812094808684,2.6586936391161182,0.04232153498998523
9.50652003288269,0.16302035173606735,0.8697484078260438,-2.199235152387205,-0.026764798183831238,0.001565984482141381,-0.039144239183852944,2.370584987612058,0.047445528667116904
9.508532047271729,0.14102760246270057,0.9347565455650301,-2.3622429301382524,-0.025488833740015867,-0.009405260038286078,-0.034233371794104454,2.544376199605947,0.04370427102935523
9.510531187057495,0.5290084775001426,0.9811465218918329,-2.486271773135555,-0.03635064851986224,0.0017318433528962633,-0.03081952115391293,2.7247102224967112,0.04768869691415378
9.512526988983154,0.35722217406217677,1.5019318941085136,-2.1279657802225325,-0.05001370389477701,-0.002618635847628995,-0.04331081248668463,2.629000847846989,0.06621219154531648
9.514516115188599,0.6777742895958728,1.2213204075584245,-2.299460731049688,-0.037450915535237814,0.0039896345477527335,-0.03408577121811349,2.6904499956690207,0.050796929609826943
9.516523122787476,0.5420973107723281,1.1543611813798593,-2.296834597629061,-0.035761044610251105,-0.00010129815393512595,-0.038868546972382255,2.627140727157406,0.052816915062095834
9.518537044525146,-0.09351903507250103,1.1636638353769857,-2.22452638965149,-0.02671824666766946,-0.01135656029087314,-0.03302792233889999,2.512245407984869,0.043973626421516296
9.520588159561157,-0.24147790449922052,1.435571680936419,-2.4314947383387833,-0.04700254151320944,-0.0161556707143332,-0.03534014364300652,2.833962648313689,0.06098500108747457
9.522560119628906,0.20944908976806687,1.3864765072025047,-2.0988117490315052,-0.044338378112327194,-0.002015323794933761,-0.03730432278770107,2.5241229732526533,0.057979011739414076
9.524524211883545,-0.013290644890340583,1.0459934383434148,-2.5111199967456823,-0.03149999928701905,-0.006590415206385289,-0.024208821987882365,2.7202945708792488,0.04027096459877428
9.526628017425537,0.24624417015478128,0.9383380926266344,-2.562985118324993,-0.033392357764609776,-0.005096550887377787,-0.03558922540452446,2.7404392502233628,0.04906747754797851
9.528614044189453,0.3519448991664741,1.1074189251238546,-2.493168571979714,-0.03593419985987134,-0.0015660252425991929,-0.03666605409029705,2.7506601782261546,0.05136261945405651
9.530563116073608,0.628590956043051,1.424104344331006,-2.3717286847947983,-0.04910714690054528,0.009819958412273663,-0.03735759871524352,2.8369520136653747,0.06247826535443892
9.532567024230957,0.21688924579688926,1.655632270345496,-2.3899069059685702,-0.051722664087282405,-0.0007652413051381309,-0.028946728251624736,2.9154440791666696,0.05927674629240671
9.534534215927124,-0.47730973163717866,1.2280094652841118,-2.8001210231273093,-0.04414783256207612,-0.015978214239932065,-0.036047512959930396,3.0945936035128194,0.05919254717295604
9.536525011062622,0.3598735122363416,0.9860432732631205,-2.760815398253778,-0.028430307881365333,0.008364210007310226,-0.045683591543446395,2.953623527938511,0.05445395257999238
9.538524150848389,0.7417381109838689,1.00170866272664,-2.5621161220548343,-0.03153312280170245,0.01257801980898943,-0.03852344769698768,2.8492165051397573,0.05134783771888669
9.540518999099731,-0.14842684044864826,1.2857928948150368,-2.2607387548480133,-0.04148162766522714,-0.008888631004605374,-0.030877707824901884,2.6050400405740692,0.05247062068827256
9.54253101348877,-0.10483388010163719,0.8213386611997244,-2.5523813921353167,-0.02496186369372489,-0.015064243189955558,-0.04458245447929345,2.6833259417590583,0.05326932803545109
9.544522047042847,0.23941493166407496,0.9245396554303417,-2.5934010078690726,-0.026520472923727723,-0.0068537910963642834,-0.04407464605362711,2.7636609545281217,0.05189300878965572
9.546534061431885,0.39465566446798234,1.170481263015474,-2.443311602335771,-0.039032387281975,0.001282944116648622,-0.03973465468700241,2.737800406654137,0.055713696571236856
9.548537015914917,0.31682587447450883,0.8993895899463179,-2.7620911574921347,-0.03337538332343001,-0.003379125612714087,-0.045855071990953095,2.922058834372878,0.05681568735118745
9.55052900314331,-0.20337777499260506,1.2049855367209332,-2.5580338831491036,-0.04242135590071043,-0.010164558182423492,-0.037825419007865305,2.8349409183273044,0.05773778660997657
9.552537202835083,0.2147426918811859,1.1543095159220897,-2.393810673121096,-0.033383818598637316,0.0026032058668521985,-0.0354282623675159,2.6662472542907834,0.048748515868623936
9.554530143737793,0.41641042279448104,1.2042775234874465,-2.308768281832729,-0.036191450484291565,0.007368463207076808,-0.03679985314324334,2.6370614276094875,0.05213774572759403
9.556519031524658,0.2437378518858898,0.9067699649486756,-2.5760372052742944,-0.031905570336186385,0.002165080322232232,-0.03094980903516327,2.7418255948787786,0.04450329954724849
9.558531045913696,0.2750983158870416,1.286404625565086,-2.3183761787358765,-0.0349310658264018,0.0030186098903623487,-0.04482357546364568,2.6655926264545937,0.05690733065944798
9.560522079467773,0.931163615609276,0.9890903520734093,-2.2229965737175057,-0.030348680686048242,0.019258944787953917,-0.03942929163474183,2.6052023281040975,0.05335371039156224
9.562530994415283,-0.19593671277814723,0.8430362230287652,-2.67264627224122,-0.025752610311646745,-0.012281548781840424,-0.030423806963526073,2.809295172330206,0.041709008721116325
9.56453013420105,-0.09033310207815969,1.2777879234842988,-2.1643113548857307,-0.03855990987940934,-0.011169102626835969,-0.044086716161880014,2.5149842320819205,0.05962595110633571
9.566527128219604,0.2753921491386091,1.269789593868555,-2.2473968181158006,-0.03848020680482796,0.0017862541099524084,-0.034266705190366634,2.5959581866010626,0.051556998594673345
9.568522214889526,0.13140407583072755,1.4619844672656808,-2.497278821934146,-0.043114105836482924,-0.011030604595017451,-0.029919559969419647,2.8967338725108736,0.05362537112761803
9.570521116256714,0.29581186421828354,1.3652059309343951,-2.3779622100635325,-0.03971722123869509,0.0035832650249759965,-0.0444492840461958,2.757897054888196,0.059716298473549624
9.572538137435913,-0.13050285534161735,1.2067813086216925,-2.326691082424867,-0.035509245713241246,-0.008918876815411862,-0.036288042065783066,2.624279618319359,0.05154876227165764
9.574523210525513,0.12389363707738454,1.0968109218435045,-2.468306660218684,-0.021945520815158492,-0.0031149188895971108,-0.03179994432068657,2.7038641978589406,0.03876267615033938
9.57656717300415,-0.05652585240853614,1.2472416619422122,-2.291327980542024,-0.03965962693315172,-0.012464638438606053,-0.035503351392771235,2.6094043093567683,0.05466938064401809
9.578577995300293,-0.39474940524971797,0.694341375127199,-1.925489923198773,-0.026311142238972768,-0.016267754276280445,-0.03581369404263754,2.0845739330852604,0.047323743682136446
9.58056902885437,0.09390067578949748,0.9780277017965486,-2.6327793698702773,-0.02968433264593222,-0.014749731533656305,-0.03866566536093369,2.8101392728492476,0.05092885098598828
9.582537174224854,0.3181296102721168,0.9791868688563156,-2.4917427581942113,-0.030411669353550278,0.0022486305185866963,-0.030227706118681686,2.696070352584632,0.042937631388750064
9.584527015686035,0.25293076464618863,1.4765196036363981,-2.4583661497266247,-0.04372596369631106,0.0005286608868487015,-0.037614042476251004,2.878827580413388,0.05768063431438329
9.586540222167969,0.5262817443846649,1.1596620687874306,-2.1337553892019683,-0.03683400021339186,-0.0008971460170411507,-0.032652456098408375,2.4848944945822855,0.04923140595143034
9.588526010513306,0.2645275261903408,0.879969703578133,-2.0955155149874467,-0.026737665585979783,0.007012631281161324,-0.03768396065677952,2.2881229785308466,0.04673500453894187
9.590524196624756,-0.2524807071532666,1.0887785709576823,-2.1209114207536004,-0.03468989938619618,-0.023224433248655755,-0.039985643611813934,2.3973841032976595,0.05780670475123692
9.592528104782104,0.1831813101844603,0.9839693122940735,-2.6012004718481054,-0.032214401890338196,-0.013534905646460819,-0.03716614455640026,2.7871122859835005,0.05101258336134392
9.594521045684814,-0.2174066241689998,1.1895053869570074,-2.349557937514385,-0.041115376904174494,-0.019517494811856346,-0.0381051239114147,2.642463094835792,0.05935829588193577
9.59652304649353,-0.3105329590966896,1.1767170479785969,-1.9566449225827116,-0.026977284333860888,-0.013585465291632877,-0.04486941188590267,2.3042467495382337,0.05408884228939386
9.598525047302246,0.5631282366456267,1.2945950748904205,-2.1015428254633397,-0.04789514043974148,0.003683308779988146,-0.031573006250690296,2.531713266958678,0.057483614752531234
9.600534200668335,-0.23367863289356416,1.0549434737617722,-2.2454476907410426,-0.03711717581709264,-0.0058534297215053245,-0.04028836291999361,2.491896219379499,0.055091737737293096
9.602519989013672,0.31603090700829006,1.044983883696697,-2.101808933540806,-0.03301780145159479,0.0025938194416987885,-0.03561890008617165,2.36843147346134,0.048637528261022356
9.604526996612549,0.13994894520417067,0.6706971268494192,-2.3555471404535324,-0.01714232323886147,-0.008285749452645238,-0.047011412787832454,2.453165847252615,0.050720664647908524
9.606531143188477,0.2828497785142238,1.023411435058533,-2.350879928534668,-0.030196469886177996,0.0011113816962884703,-0.03895796062852546,2.5795370516821965,0.04930298833940433
9.60852313041687,0.7703493138212132,1.02493859493249,-2.3092205861405364,-0.02823145150608922,0.014020815746948394,-0.03449345847366685,2.6412945508106898,0.04672683175462598
9.610517024993896,0.19224890282142051,0.8366693480268199,-2.1343904349151304,-0.02755815843382196,-0.004693970468695933,-0.03823058887875156,2.3005646626906326,0.04736099007665216
9.612518072128296,0.3378113534991497,1.379300314698152,-2.3391253497545956,-0.03900917050148794,0.002936160254977118,-0.037655805150990075,2.736438062617882,0.054298214352098126
9.614514112472534,0.05204949360992432,1.111145101999236,-2.349688485496521,-0.040208125642645434,-0.00018581359854022628,-0.02913099319556448,2.5996900904447973,0.04965221705974657
9.616528034210205,-0.026692353706399375,1.0263300888543048,-2.347519086437073,-0.03327846264447207,-0.005895699625491711,-0.029794886919448465,2.562208382278932,0.04505497349456847
9.618552207946777,0.30465229668013893,1.0567493152145333,-2.1660177670894667,-0.03200542711772438,0.00316349061694495,-0.031691868183687355,2.4292313814097883,0.04515229281934286
9.620577096939087,0.023114706024036966,1.448364065524353,-2.3058083219750984,-0.042395518592528,0.00037475504689936346,-0.04668949733814748,2.723057982053711,0.06306686610069859
9.622572183609009,0.3523557712758478,1.1109167756699252,-2.132420122570297,-0.03374463322774692,0.0009772963175489744,-0.03812866399936817,2.4301247398351755,0.05092593050837826
9.624531030654907,0.058667442768572005,1.0116423876090928,-2.3386839092633434,-0.033453076131457475,-0.004205217144222408,-0.027807663906922037,2.5487849294704534,0.04370421405136451
9.6266770362854,0.2590288812613959,0.7155457559310805,-2.2072728002925204,-0.020675341209596607,-0.0030723946055178255,-0.03093473383242361,2.3347708463722294,0.03733452959430657
9.628594160079956,0.43837697735408276,0.9947559366532017,-2.263244838278341,-0.029814214722664503,0.007727314415538866,-0.04892358046437085,2.510774969162797,0.05781103279703199
9.630558013916016,0.20422141995913584,1.1148341433834883,-2.080244322958006,-0.03810129143639949,0.002442201667992127,-0.03373895960443503,2.3689613755447203,0.050950860182123435
9.632570028305054,0.4840255139213344,1.259662942724349,-2.206542214227944,-0.043222866243985476,0.005044848801137877,-0.04021232182343439,2.586476361881109,0.05925113916376004
9.634533166885376,0.13435274855319568,1.4482486789982583,-2.1159554339240456,-0.0496197280498328,-0.006848390238722621,-0.037930477544758555,2.567633598396916,0.06283103522443846
9.636526107788086,0.06920944409629871,1.2097255462355592,-2.09350388329674,-0.04342715793515677,0.005313693901229638,-0.034966093206393246,2.418880806022812,0.05600697334546114
9.638522148132324,0.356984616262826,1.3868360473682966,-2.1639115766556527,-0.04425895689630848,-0.002144606987792736,-0.04432713834151124,2.5948536664160446,0.06267654902935274
9.640522003173828,0.5394154333321629,1.2963686274751343,-2.3140427778327264,-0.04203165669292981,0.002226513718767629,-0.033570438602975615,2.706720267345425,0.053838572377880964
9.642518997192383,0.5867672692121109,0.9012172091198847,-2.111110909718496,-0.03214145304663067,0.011573918474861129,-0.03946058765726083,2.369235648762049,0.052193549132702806
9.64451813697815,0.5585967477696299,1.058006323917659,-2.260241152277482,-0.03486075600214482,0.003313299062142424,-0.042275939108512406,2.5573614868682926,0.054895403152021016
9.646521091461182,0.271602142216172,1.192370667068705,-2.307411038413957,-0.03848151543628571,0.0064948738277748105,-0.039608823269709284,2.6114481100601745,0.05560457982147579
9.648550033569336,-0.04053052799627308,0.8985960492568072,-2.2256804981493334,-0.025131823716623165,-0.0025601676191500077,-0.03858117251202781,2.4005772770902136,0.04611583127261632
9.650549173355103,0.932675100543624,1.3813614445625158,-2.426990239922341,-0.0411273066219257,0.014302174277236467,-0.03606230028189494,2.9442017438307793,0.056537571938065204
9.652541160583496,0.23415220621702526,0.9028980706697265,-1.936121183431118,-0.03118401865860085,0.004069137683158029,-0.04065040029645328,2.149096884420553,0.051395096511694105
9.654543161392212,0.33752870267890034,0.8354782758521921,-2.177272684323822,-0.02928242481147269,0.006850556238905573,-0.036178411698765726,2.356367101377821,0.0470453823097161
9.656522989273071,0.45402125161950574,0.9073556494864436,-2.2539964241204755,-0.01977102671991025,0.005335177052143978,-0.03378794526537304,2.4718271483914482,0.03950927558172857
9.658526182174683,0.21414274695129643,1.0688838781171501,-2.170351196571271,-0.0354697323836614,-0.00046899135316171475,-0.03082048150433145,2.4287433329664445,0.046991743406866016
9.660537004470825,0.598137703840516,1.1370356288674544,-2.112743115585747,-0.0349390657133735,0.014177886318387489,-0.02785068992089935,2.472711508956227,0.04687655813357713
9.66257619857788,0.44916316244340804,0.8119575223720151,-2.298532923835226,-0.032487155371876554,0.002783930135971342,-0.030404276366133583,2.4787650486859736,0.044582345749260954
9.66452407836914,0.4791813205441148,1.1875476322991143,-2.2097501206167225,-0.038234104974029556,0.010139861881826232,-0.03501262988885211,2.5539928959382903,0.052825636142704094
9.666522026062012,0.40373714881115835,1.456711172270859,-1.9282690956702102,-0.04201957623054736,0.00332833462588952,-0.0368559691488989,2.450149552591783,0.055991830295867843
9.66852617263794,-0.0072418780946992,0.6522154129466753,-2.021790019971693,-0.024087796372575958,-0.0031160594165725508,-0.036596585208362765,2.124399273804404,0.043923135239725894
9.670521020889282,0.07552631202953808,1.319781799829136,-2.026068795180365,-0.04261020694917487,-0.00146774925419391,-0.04193510347879999,2.419190564170717,0.0598024826232353
9.672520160675049,0.10511025038578084,0.8089674754623012,-2.4501573281145905,-0.02685536708486758,-0.005509244453139975,-0.04218174311485641,2.5823918125655605,0.05030767305208201
9.674513101577759,0.39016236732542225,1.1034636097702915,-2.1656700101477258,-0.03727327122433247,0.002928186880665726,-0.04484731025809039,2.4617037197472627,0.05838794621800097
9.676563024520874,0.13747537514262248,0.9408953127309517,-2.1727819294688486,-0.03623307806837882,0.004275618778171756,-0.037873178152397116,2.3717429838235113,0.052587969019621775
9.678548097610474,0.4304560326101313,1.2371796615399515,-2.0869316134635225,-0.035565936348498944,-0.002442278529558493,-0.03293544894974269,2.463978382659236,0.048534980686949156
9.680580139160156,-0.026152140881408277,0.7423977047291607,-2.116483423083466,-0.02748992736832798,-0.01778728177263469,-0.036862211083383445,2.2430649492707326,0.04930421995662205
9.68252420425415,0.24529214999815246,1.0287489523252988,-2.1693141476721687,-0.033044174095561,-0.003780502398778992,-0.03770998621603026,2.413382795383224,0.05028173326823679
9.6845121383667,0.48812395936094394,1.0441855038771433,-2.4142044150327258,-0.030474078012069902,0.0075584707512361396,-0.03995243018846945,2.6752516374675626,0.05081335049716305
9.686511993408203,0.532630274867223,1.0368191973454501,-2.3253435717220006,-0.04020935179021578,0.00832758516928053,-0.04041280669588571,2.60113663313522,0.05761367538336688
9.688510179519653,-0.08732711559374212,0.5450641793015699,-2.1341935130443925,-0.019136994525571004,-0.0005425287693954801,-0.03437158936137239,2.204428029171373,0.03934367868113205
9.690521001815796,0.015802148527976793,0.9077892639756838,-2.142755129369711,-0.03129743918910992,-0.005018960280109564,-0.04016126740883537,2.327172232587829,0.05116294618152216
9.69251012802124,0.22407239423863878,0.8623275878734694,-2.1337300484020574,-0.02640324639806438,0.0019626137178449703,-0.0362739584515359,2.312276200223788,0.04490861091935628
9.694512128829956,0.5891714800975181,1.0872429497629106,-2.090655809785065,-0.04045089968374829,0.003988926597676846,-0.03882645824523007,2.4290043185958936,0.05621103699892856
9.69652009010315,-0.20131078393142104,0.7177093050675886,-2.5064201049362698,-0.021154693500596147,-0.015558195228146951,-0.042786210529032524,2.6149138457579104,0.050201975133414754
9.69851803779602,0.49533989360531805,0.8792203356907254,-2.397345180143179,-0.025945855810537672,0.012489456018329693,-0.030150775321399134,2.6010870653718556,0.0416922438572991
9.70051622390747,0.28182918453356176,0.8497347909020548,-2.3697401532007345,-0.03255371949811197,-0.00015370013991198545,-0.03878207710639793,2.533208498686212,0.050634156274014866
9.702519178390503,0.06085618178752106,1.2507333698991854,-2.5259913845868636,-0.03706436315200975,-0.014032572358870949,-0.04002664140948498,2.8193385593873233,0.05632772075447847
9.70451021194458,0.28675675475052775,0.9233153367334802,-2.4667991046431235,-0.03258395786281089,0.008793907334893852,-0.027521094831955452,2.649497776958952,0.0435483383950481
9.706512212753296,0.3658171624556621,0.9504228629378654,-2.3634469001517346,-0.032515945514977246,0.0005377758229937145,-0.02572913466861979,2.5735203641275044,0.04146762937961053
9.708507061004639,-0.04310312340007067,0.6938830784179676,-2.246009213986647,-0.022475038265886423,-0.006350699680201029,-0.031095662146562095,2.3511463151140877,0.038889573613171684
9.710517168045044,0.2753335966071324,0.8271128923185295,-2.4407767666005693,-0.03609419866676146,0.00577555723001809,-0.030752708226341536,2.591778453193342,0.04776899938210297
9.712516069412231,0.23141338142089712,1.310207663001605,-2.3447116249743627,-0.04414000950989762,0.00176610222187607,-0.033677459899767316,2.695898528798645,0.05554845508105877
9.714515209197998,0.5579435335437094,0.8908419370971186,-2.2792864997161653,-0.027063407599619223,-0.000760545001108489,-0.03400122527997787,2.509989500237512,0.04346366045493229
9.716519117355347,0.09166497187610201,1.159590542948951,-2.324107640971366,-0.04064156864074684,-0.006924073235598484,-0.030654552251734694,2.598947675730925,0.051374910856436536
9.718522071838379,0.39366081137238235,1.2029610669768396,-2.3778798919247954,-0.03534510230864731,0.009842971915934999,-0.03214420628619825,2.6937700242397633,0.04877919998438164
9.72057819366455,0.24437651094630813,1.13544833610555,-2.112406013289777,-0.037220688210296164,-0.0007454540815515951,-0.033157461511944826,2.410647624197689,0.04985331068797622
9.72257399559021,0.5591969881111034,1.0420258314118473,-2.295738854713816,-0.030090981145633865,0.01090791129923247,-0.03838177376326619,2.5824283134067407,0.04997609661061341
9.724520206451416,0.08026226941090886,0.875293912853134,-2.2767446360311894,-0.03184403733033617,-0.008357051467196251,-0.0400540600038475,2.440521994054864,0.051847957968593386
9.726577043533325,0.3107161813533266,0.8197976959649114,-2.201464808574778,-0.023683965985039516,0.0036841825152429068,-0.039752929119600135,2.3696118059837046,0.04641981063268228
9.728561162948608,0.07723706060408816,0.8651721849367864,-2.254794629743613,-0.024516701719966873,-0.01209443383881133,-0.03714345226459539,2.41631688638715,0.04611919382686006
9.73056411743164,0.06209244549808135,1.5927909197713168,-2.1362338918396553,-0.04807594200984523,-0.0061318452823211755,-0.043247103772344656,2.6653955853753284,0.06495542865224024
9.732582092285156,0.053276488988938886,0.768499937172532,-2.484298313649226,-0.02560207996217144,0.005484232601787163,-0.039412409395470256,2.6009937810217005,0.04731681857411884
9.734530210494995,-0.39822446817846535,0.8460602433981113,-2.207525484662096,-0.03620862693293512,-0.017632995604018556,-0.03571280190351042,2.3974088987795796,0.05382742254779797
9.73652720451355,0.006973481373722938,0.7624574367783246,-2.253878122166874,-0.022167647033411047,-0.010127975199211773,-0.03246268748985976,2.379360536346587,0.040593183364920314
9.738525152206421,0.3469046568418547,1.1528404943974022,-2.2491213711080236,-0.03468236081445532,0.007700974178678124,-0.03888164696430204,2.551064677430944,0.05266833608176122
9.740523099899292,0.43140677318437076,0.952927221456351,-2.267807716253372,-0.03275960876243497,0.004740287676117463,-0.035863724150348684,2.497425460597414,0.0488043953292371
9.742534160614014,0.44418122355557493,1.573279847903642,-2.2861769186163485,-0.05236103544729403,-8.835478506861538e-05,-0.04028494077168784,2.810535774971238,0.06606483400917029
9.744515180587769,0.010869858257899503,1.388499142533549,-2.278708658548121,-0.05076065768144345,-0.0018503544767851697,-0.039092031796575555,2.6684379650231937,0.06409567169417071
9.746514081954956,0.1025452511411607,0.9679245947286994,-2.216471529827851,-0.026088495430002162,0.0011884782046904462,-0.04592314617443687,2.420772519703108,0.052829512857899455
9.748522996902466,0.32116854474093226,1.0785590709633364,-2.455121058773367,-0.036303872597340726,0.0018677734779679587,-0.03852505911318071,2.7007514356046842,0.05296829167533172
9.750522136688232,0.33978678957614067,0.9455753468240162,-2.3642602522412144,-0.02865496923043911,-0.001500220942431215,-0.042958739181568006,2.568909173018678,0.05166053809769608
9.752515077590942,0.0882575387783818,0.974468552402374,-2.2923199329072412,-0.031843552781092896,-0.0074832627444111855,-0.035802676596829605,2.4924102847597656,0.04849580112258495
9.75452709197998,0.2558491863774695,1.0913776474019565,-2.3602603478364568,-0.039577319771324844,0.001565129203071548,-0.035287258837517606,2.6129280290485832,0.05304719131085049
9.756510019302368,0.480850447902081,0.7016571106621563,-2.211401200440177,-0.021505162874627812,0.015228874390674807,-0.043690752332116015,2.3693533133533826,0.05102227439871259
9.758527040481567,-0.03328099486068047,1.2302923715130762,-1.9712922724488602,-0.03499670174267069,0.00019226906051790304,-0.03931775941933235,2.323944957919352,0.052637366062651535
9.7605140209198,0.12625507763635285,1.3004004837265917,-2.1627241938772315,-0.041331864009496545,-0.013385385638140847,-0.04006964532317896,2.526728656086212,0.05910218276431608
9.762518167495728,-0.2015446394954178,1.1375319482895097,-2.2021163404405093,-0.03465566772006968,-0.005531613394563836,-0.03659864821544824,2.4867479872161886,0.05070576991890499
9.764527082443237,0.34887496354158737,0.8956038198451143,-2.4851197684534574,-0.02872100143081926,-0.004442212079333633,-0.032775182638243715,2.664515003873213,0.04380458615621351
9.766521215438843,0.2215355951187784,1.2031562225195762,-2.2384891133382125,-0.04037921913918369,-0.006489486630240458,-0.036908092893380054,2.550979503293961,0.055089037893583326
9.768524169921875,-0.021248235288525756,1.375084651562999,-2.2814974720008685,-0.04809147936244688,-0.01049949679221161,-0.03515965403036107,2.6639331825729724,0.060491578684086285
9.770514011383057,0.02577977341886891,1.0527937528336857,-2.445940764282928,-0.039317636299461375,-0.0193226183365289,-0.03245722744461706,2.6630181195598572,0.05452257988161867
9.772510051727295,0.4502326606474133,1.051839454084208,-2.3037138522580687,-0.03653891940369101,-0.0011240195056696873,-0.03200659678690916,2.572192294321621,0.048587840957572265
9.774509191513062,0.2615436416034867,1.2560758051015857,-2.2967166247448056,-0.037168012576003925,0.007540851346355419,-0.046700817721691316,2.630786718645961,0.06016055164102515
9.776571035385132,-0.048414356671674263,1.1011577045553735,-2.484844842091406,-0.03443355302852191,-0.00928633377484196,-0.03509514590569182,2.7183351760777876,0.050035735582557375
9.778563022613525,0.14540385527595115,0.8659882355381638,-2.308771701725792,-0.03258678167942297,-0.0020971297609555335,-0.034771873616391696,2.470122400997453,0.04770093802275778
9.780565023422241,0.286273188324595,1.3701779650856016,-2.1420333273419527,-0.044316167664615526,0.0002996231110675729,-0.03891115846502967,2.5588369955515504,0.05897534013108912
9.782536029815674,0.2586970971635446,1.0073965460286165,-2.1772440030244065,-0.0315073424218699,-0.0077694153178698355,-0.03195394612254643,2.4129159615985327,0.04554262963063412
9.784510135650635,-0.26166698907519087,1.1183247665692913,-2.191798437678177,-0.037697465264808716,-0.015985602143966528,-0.04048912104172707,2.474489904627302,0.057584783459072524
9.7865149974823,0.33109949587970866,0.9470873974901949,-2.3003014356741573,-0.0344897205934967,-0.000872684556392428,-0.031769109747256906,2.5095792694436128,0.04689966672680831
9.788511991500854,0.35830802208840884,0.8783003719678308,-2.1181160772141223,-0.024592565290654348,0.004321530361381269,-0.03477453455501744,2.3208213844767718,0.04281049107120285
9.790520191192627,-0.05649940419699741,0.7898313647293502,-2.3026839755892596,-0.022638177346496872,-0.005623989129882636,-0.040576602103723304,2.4350316751164454,0.04680359992124927
9.792515993118286,0.1400105895291335,1.4297262118725569,-2.345571374953922,-0.043912862779624695,-0.00392707432453476,-0.03985834461457808,2.7505317815104373,0.05943440977806572
9.79451322555542,0.27947395178947154,1.2048363260363786,-2.2689887079524644,-0.03956923372344557,-0.0030556357903857396,-0.0393943056310481,2.5841915600592493,0.0559193390849407
9.796512126922607,0.21909223760319793,0.9239892801759854,-2.34790046011121,-0.027177204670279526,-0.009010882378745417,-0.04100559525993618,2.5326654277753593,0.050012551400179024
9.798519134521484,-0.04597297341077483,1.1027080112136183,-1.88342030523333,-0.03673172402049424,-0.018205651245994985,-0.03028071882667409,2.1829682815936957,0.05096653038483831
9.800517082214355,0.32468812184444207,1.5118650508394709,-2.2472150050812782,-0.05043689846598944,-0.008944509907733093,-0.03719702447190644,2.7278441281493992,0.0633048466858713
9.802520990371704,0.07754592493823126,0.798860133302854,-2.1431185622507956,-0.025806173039761803,0.00216606284888203,-0.022728311194947812,2.2884816046713365,0.03445615365936578
9.804512023925781,0.5783510609342003,0.9471224566334455,-2.4839546609217082,-0.03337432733951695,0.005661221393529783,-0.028868501325114128,2.7205811245132474,0.04448916184634078
9.806512117385864,0.10263952810914448,0.8132681100507074,-2.3908643769540805,-0.031958921696770705,-0.002789988070782394,-0.038603722609640234,2.527483404603073,0.050193666022492096
9.80851411819458,0.10136876159310058,1.28881169269486,-2.303135243756365,-0.041122810795082204,0.001960314452876648,-0.041952675576395246,2.641163220266139,0.05877886855376307
9.810525178909302,-0.172599123882557,0.9333499531920492,-2.5188052742133316,-0.03560995815340424,-0.009276415520276367,-0.03145884003854031,2.6917118348912323,0.04841259775267686
9.812512159347534,0.6512926263267338,1.502046767868554,-2.0143019975529945,-0.045229687109490296,0.008558709297230927,-0.03757697729137193,2.5957155305075186,0.059422262858403345
9.814524173736572,0.1717020823990061,0.7527476188233719,-2.1123010682520116,-0.026941257936562227,0.00300449863171236,-0.02972690910945309,2.248983411606898,0.04023117592656252
9.816534996032715,-0.24976098456247398,1.127260792518944,-2.1252595392064317,-0.036300846500522274,-0.01781814643144769,-0.037436672044311246,2.4186412616897095,0.055106643997437435
9.818523168563843,0.3277738039100974,1.3318479465273818,-2.190932650492037,-0.04320173860999266,-0.00483664723343881,-0.03630995002353495,2.5848482543837963,0.056640937899177374
9.820598125457764,-0.09644346414521099,1.2145993605852214,-2.235917710644761,-0.04262752498065312,-0.011310944982042293,-0.03570477801411812,2.546346590172922,0.0567439383141534
9.822593212127686,-0.15231696354949237,0.8081987877889768,-2.2171450092617095,-0.018919522659262906,-0.020128454734426506,-0.03317624898723538,2.364765893288935,0.04317136231940401
9.824558019638062,-0.13492731655221352,1.1228887092843676,-2.5205737636018006,-0.0386218440377123,-0.0057819420314211365,-0.041642724348340966,2.7626756110604154,0.05708935261219904
9.826632022857666,0.020444613023289128,1.1782216782050732,-2.236599462343559,-0.03326323796204292,-0.007398052086220709,-0.040325054296900496,2.528043009948515,0.05279473627586277
9.828613042831421,-0.037301671507553216,1.1007407329616719,-2.464206873605537,-0.03610219886100018,-0.014237125499134879,-0.039577294804434116,2.699136360361038,0.055429475634488974
9.830559015274048,0.344896431027072,1.4003689725028374,-2.181670312779844,-0.043964348623348,0.001997254925188428,-0.046471826299021794,2.615276689176265,0.06400377814377776
9.832581043243408,0.43642698219829673,1.1477794416996947,-2.4126700144803968,-0.037707264330000316,0.00783104293868593,-0.032400455841996585,2.707183546853078,0.050328446782403564
9.83455204963684,-0.2463137174827739,1.08092664855554,-2.2025524007498363,-0.03248067771876148,-0.008873463571388377,-0.03576540191126882,2.4658284500399783,0.04912124545140724
9.83653712272644,0.3067377991871006,1.363633187769525,-2.210228510751002,-0.038959057008864977,-0.002717714711707323,-0.033787189920251676,2.6150896003718906,0.051640761990712124
9.838534116744995,0.5811744533569313,0.9146540878873112,-2.3524116841346654,-0.031266547596097934,-1.681687626983448e-05,-0.03932857447497544,2.5900186442141666,0.050242751234581835
9.840540170669556,0.304746431547711,1.0323956317883842,-2.145413079992968,-0.039136058465872633,0.0009910910970454938,-0.029323826116561882,2.4003142319041717,0.048913189549662374
9.842530012130737,-0.2758074947425394,1.3568078935805181,-2.1669372028907397,-0.03851493913538194,-0.025056978811500784,-0.030407129169329333,2.571500393838294,0.055098513846404726
9.844523191452026,0.04983996257550362,1.2263516629241724,-2.578364384531769,-0.04099233666328126,-0.008666024749122899,-0.045989327671678314,2.855588437161122,0.06221326152647199
9.846529006958008,0.25729003769219677,1.4534781868832198,-2.2211521931294294,-0.04635763592135029,-0.005755513289216773,-0.041015472781617573,2.6668922115984848,0.06216450232197174
9.848544120788574,0.1509408074379133,0.8727630460086465,-2.162919782922583,-0.025626094132298594,-0.007766837828320548,-0.03932425151916869,2.3372463390036944,0.04757538468443215
9.8505220413208,-0.038918650876319225,1.0170009854651245,-2.2377637858546846,-0.028753375964054854,-0.012531701598293171,-0.037679222702285776,2.458331228111004,0.04902574831379322
9.852540016174316,0.07164237583906566,0.9802839734448509,-2.3906558242943774,-0.039444255583256156,-0.007007344002511255,-0.029445875860934896,2.584825829498251,0.04971932998044476
9.85452914237976,0.8392262163262535,1.0228574776636508,-2.1702724240450015,-0.03606376868337045,0.013028111522129225,-0.03495759147120654,2.541775060140431,0.051887959132620155
9.85653018951416,0.16291565554862925,0.9815358649245558,-2.585782215627915,-0.030901542455150494,-0.0030683511328646394,-0.03195027095086292,2.7705999046440546,0.04455490902937156
9.858525037765503,0.3553215464507544,1.0238864191559534,-2.163800875032939,-0.03741468703830824,-0.00033791677574722726,-0.030408621592684863,2.420047732483281,0.048214699637029595
9.860518217086792,0.12395623500545429,1.0663625362325975,-1.9799656406972352,-0.03139446256542515,-0.007533208524963379,-0.037160159540577754,2.2522784342125104,0.049226405185973654
9.86258316040039,0.13028124176761272,1.1868757510506758,-2.3114455257682835,-0.03413006940097343,-0.006456287197866851,-0.04003448078811137,2.6016202007562197,0.053002876654670926
9.864540100097656,0.42403124097760986,0.9234602069426789,-2.010173408714698,-0.03322543179742399,0.01585461092641492,-0.03552767001160382,2.252416120577034,0.051161639361993486
9.866530179977417,0.24768803428140995,0.9817878044253341,-2.1621354054788178,-0.024129410556379297,-0.003034975010242398,-0.03500428448569104,2.3874853228595057,0.04262322676037438
9.868532180786133,0.035730681755868604,1.1290638706446003,-2.244073948396516,-0.036265032941288605,-0.012625447601006836,-0.03339103917777354,2.512355426981946,0.05088728759454688
9.87054705619812,0.23008732866955164,1.1992712518170277,-2.27729615161836,-0.04119462716803774,0.0028963070410828436,-0.042588065745658106,2.5840413070275914,0.05932224916459554
9.872542142868042,0.17004852853167945,0.8094387831358093,-2.2444527641084755,-0.033932983430522826,0.00034586026693172447,-0.043619930001113326,2.3920024782625844,0.055265407599351016
9.874523162841797,0.016440733584872115,1.1268866629735634,-2.1899172817774955,-0.03655495648121322,-0.016028880127056482,-0.02744679938217312,2.462901043472156,0.04844085711252638
9.876572132110596,0.12189792356168072,1.4503190627584939,-2.2045821313980993,-0.04564991342117312,-0.008079989960914658,-0.04526515832156398,2.6416787960781893,0.06479301961635478
9.878574132919312,-0.04970022265925446,1.047144676580566,-2.087260453304391,-0.02971042762905969,-0.006508467013967451,-0.033589476393932886,2.335730781950662,0.0453136025624985
9.880563020706177,0.6340261226931859,1.0720445968131844,-2.2317290804720935,-0.03896517549153592,0.010889600604363201,-0.04178585064623287,2.5557549629098864,0.058162923040696805
9.882564067840576,-0.16150416240119653,0.6763822076394603,-2.4129269011319256,-0.021656323358424934,-0.0042448443147281795,-0.030826287526267794,2.511133751015716,0.037911410516005266
9.884522199630737,0.0962285080450758,1.2260064468151035,-2.4246615246783674,-0.04213255292462213,-0.00663740997460268,-0.03003459213064609,2.718701021195306,0.05216592711311962
9.886543989181519,0.6580187315815639,0.7898635817571125,-2.1893271362600437,-0.023944714846262437,0.0038916179678905234,-0.03153155397734925,2.418682789962956,0.03978357645691647
9.888528108596802,-0.06183272000554314,0.6100039593827947,-2.236005351976035,-0.0189405850438132,-0.01170563969933004,-0.033146874221430936,2.3185443816738642,0.03993097836547227
9.890541076660156,0.6724607056962352,1.17459602241621,-2.203960079147449,-0.04421785751533384,0.009344560469871645,-0.04482406087259046,2.5863718307809282,0.06365324945932571
9.89251708984375,0.18137285844489126,1.0356513890134822,-2.590248287459358,-0.04214896878546597,0.002764744754701113,-0.03679804250725779,2.795506412804693,0.056020311634288354
9.894528150558472,0.35692402318421956,0.9397876515990318,-2.1784103479115413,-0.024048749258528793,0.0014143177638121268,-0.04433054590332669,2.3991805334972427,0.050453344148069894
9.896533012390137,0.1814208100665914,1.12361411698415,-2.303807137425845,-0.038170925370201614,-0.011282469453339456,-0.045915152208548346,2.569620501293052,0.060766066705993084
9.89853310585022,-0.053657167186788444,1.07201245400382,-2.3530313849638347,-0.03202956325600482,-0.014632165818237673,-0.03336447563552612,2.58628043563621,0.04850960145513909
9.900520086288452,-0.4034034812318761,1.0668593832686473,-2.1366398524824586,-0.03219322442885034,-0.01434891241953268,-0.03840061928555706,2.422014279799898,0.052123915319784275
9.90254020690918,-0.30347862568466616,1.0564401587333616,-2.2796061060700263,-0.03286705002295666,-0.01544653798518872,-0.03104654866873734,2.530764525605607,0.04777788920808128
9.904519081115723,-0.1700572701328713,0.7797135253021619,-2.1591737723284914,-0.025586663988412,-0.007833933479603442,-0.03985521655132577,2.301934846118677,0.04800506404715884
9.906527996063232,-0.11498088490879813,1.0231467831729655,-2.312910901689024,-0.026349923986048497,-0.01455836460775831,-0.03831577388516606,2.531720123347668,0.04872743582974726
9.908517122268677,-0.4527998048582365,1.004752982571409,-2.511431293265394,-0.03508616226034274,-0.021523137782203217,-0.03560008602543985,2.742597921690033,0.054421047097327334
9.910528182983398,0.22588855636936067,1.0854163072666914,-2.283770029969871,-0.033253241827015834,0.006112457431156997,-0.037393521543858776,2.538653136954255,0.05041245561668993
9.912530183792114,0.6345943558993699,0.7932059385298291,-2.2061246840151774,-0.0326234090486274,0.010430578688766243,-0.041227553820366164,2.428759308552288,0.05359846064718461
9.914529085159302,-0.5755683613045256,1.030714576264314,-2.2438811201255495,-0.03442931223538562,-0.012268908586084364,-0.03592112731703266,2.535479039060349,0.05124676620648213
9.916539192199707,-0.06831091278889714,1.2337919109399433,-2.3354132935059346,-0.04088641469627711,-0.006514142480199846,-0.043384693744726796,2.642170341176194,0.05996969743372085
9.918534994125366,0.08851585554324443,1.1027552664151943,-2.5733592071758324,-0.03709965943980183,-0.0061361245806693596,-0.04175681283141505,2.801085832930799,0.056193132794466985
9.920578002929688,0.19891180666002803,1.0095029502280741,-2.5200225104248033,-0.03543544025806937,-0.006163628684795863,-0.041558213850704816,2.7219800819248605,0.054961312605396856
9.922569990158081,0.41313136933810574,1.312424390426041,-2.3937705635164566,-0.0476187939038082,0.009087524099311413,-0.03972988853866306,2.761027493465836,0.06267851841263894
9.92456316947937,0.4530646585515046,0.8098281887080983,-2.3357060060231216,-0.026115897490308217,0.005822674003218667,-0.034214943116885534,2.513287056153179,0.043435077607433356
9.92654013633728,0.17618345938247082,0.7500971551306,-2.1167382872663376,-0.027284511416789458,-0.0035303511596609396,-0.036136260015919144,2.2526134444849215,0.0454173670582251
9.928598165512085,0.3385713511408465,1.1173599501478861,-2.430103580000238,-0.03223561102030041,0.0029179396201412275,-0.040921411676840366,2.696020628173642,0.05217481119375853
9.930557012557983,0.24323313399782892,0.8738848707995771,-2.799850385129714,-0.031068180926727508,-0.004809259704878125,-0.0337226313733961,2.9431274698860403,0.046103977179315005
9.932568073272705,0.04867310267225371,0.9770441728071723,-2.263961594723035,-0.03399316515840795,0.0009267794282414893,-0.04031663363234473,2.466273806559414,0.05274301039038369
9.934543132781982,-0.31196139544351886,1.2297717360232556,-2.180843180542076,-0.040732781423675174,-0.015360900084164056,-0.02909761317434343,2.5230409059477408,0.05236208386178202
9.936541080474854,-0.08923268803085424,0.9558779096131979,-2.3700571344202,-0.026000039077264437,-0.010011335808993866,-0.04233749423744252,2.5571147551714994,0.05068226805308933
9.938523054122925,0.361190230407998,1.1120362200930423,-2.5034687624074548,-0.03393607489328752,-0.006269075447619541,-0.03918470641978683,2.7630488199977425,0.052214937549858745
9.940530061721802,0.18302124675846196,1.2754764609841855,-2.363803114773248,-0.04078189903921583,-0.0017639181291131685,-0.036856138840987096,2.6921928134332194,0.05499681505939344
9.94255805015564,-0.043067223621154595,1.4609758248417979,-2.0926243727784786,-0.043072232913969076,-0.005495858142206917,-0.03523160206437762,2.5525246153698746,0.05591679076035319
9.944561004638672,-0.2613798613673192,1.0586413295451145,-1.875419852841104,-0.03395477915196771,-0.01451853200832927,-0.036041664268440764,2.169387130269744,0.05160151511510861
9.946524143218994,-0.03168941527638341,1.1661676215379966,-2.241218967968422,-0.03493212924980929,-0.018954631561735547,-0.035176452019823945,2.5266605634603128,0.05307461246461908
9.94857907295227,-0.35564558295467136,0.732659175502488,-2.298504897978042,-0.021215709377684112,-0.02025912820766353,-0.03620887055277417,2.438523736639076,0.046600653502289625
9.950549125671387,-0.2990646186411853,1.0824450765515792,-2.13620736860967,-0.030451636185174227,-0.01849836991377139,-0.0342495121852083,2.413401937426918,0.04942186682780879
9.952547073364258,0.18967615818413902,1.381546316227472,-2.0663096033915465,-0.04534083166455093,0.0007112080869163183,-0.0422536467506583,2.492846294085001,0.06198118663518355
9.954539060592651,0.2435516982718292,1.0350962461912343,-2.26179744143036,-0.03197366907200495,-0.000592810851737878,-0.03860694726462424,2.499293767181281,0.050131460339047584
9.956547021865845,0.1757628858927561,0.9207780715772539,-2.2858716394658485,-0.025831943968458223,-0.003886499111761342,-0.03503174468430197,2.470614093959063,0.04369916864382441
9.958546161651611,-0.15017300799361133,0.9560798159096111,-2.3071773615733937,-0.03285514342189455,-0.015588486107190448,-0.029897167069399863,2.501940831529869,0.047077616200939254
9.96055817604065,0.4776972298097035,1.3443828206660184,-2.679862155819908,-0.039372145135445506,0.009963727027374091,-0.03849188597972448,3.0359876459013315,0.055955937621656564
9.962536096572876,0.22785499817770555,1.1518960414728971,-2.283508507026774,-0.04047088633698713,0.005200140809027933,-0.04370336675973256,2.5677214592356274,0.05979062109955663
9.964552164077759,0.266285035524263,1.0722136319306081,-2.116799048739292,-0.03376138416838234,0.00538407328616812,-0.03828152276497424,2.3877579453088527,0.05132537667977867
9.966541051864624,-0.6345106903243078,1.1334540862898408,-2.133465273007709,-0.030751422593621222,-0.01962781200325643,-0.042202707012746844,2.4977982410500705,0.055785029127628914
9.968548059463501,-0.1827368674316984,1.2971843817698876,-2.0406013083375085,-0.03509265873238061,-0.0032960874113284458,-0.03473241914870271,2.424898715949849,0.04948433923022129
9.970542192459106,-0.3588509069344342,0.8448287971432847,-2.221710641032084,-0.0323967674331087,-0.01550724364632395,-0.04346500717388405,2.403852708126151,0.05638467871902064
9.972549200057983,-0.05848713396998119,1.0206999924134361,-2.0605399346659916,-0.03334803689670992,-0.0027343918009130243,-0.03209428004102167,2.300233475477248,0.046363900555677455
9.974513053894043,-0.46538450869927966,1.2778348050709485,-2.319177565394479,-0.046205784001316,-0.016629327664026236,-0.03521713301106596,2.6884994159971547,0.06042975650499453
9.976509094238281,-0.027369396851361156,0.6424858585111114,-2.3134335612992247,-0.020598772283733666,-0.009823851638560074,-0.033672564479978385,2.401148059744834,0.040677500897570586
9.978564023971558,0.3525938823416062,1.081147938326266,-2.265733731436695,-0.034572357560743054,-0.005722770574316715,-0.0367831089736213,2.535104071272403,0.050803495117161306
9.980542182922363,-0.31378406516257973,0.9884877578303293,-2.3922127308542436,-0.034425850741755325,-0.010491948788166252,-0.037536995370634124,2.607345438677335,0.05200236735113246
9.982531070709229,0.29259004799162214,1.031791958482931,-2.348884900480966,-0.026714662063657284,-0.0026265558578466176,-0.03672473508009013,2.582143268194323,0.0454893188732542
9.984520196914673,-0.10055581070560836,1.0577270470108084,-2.2402840793861607,-0.02906908038801669,-0.004211494316121668,-0.03987339036888349,2.479469849261322,0.04952408887086235
9.986506223678589,-0.03467266328181132,0.7050664154856865,-2.3467351868926305,-0.027754650843216915,-0.006896237885615094,-0.034686120214722754,2.450609491784621,0.04495559671447008
9.988508224487305,0.30915067709754984,1.056484701089839,-2.218844003016188,-0.03180395755409328,0.00330777897305154,-0.043340465313355704,2.4768937753782785,0.053859345070426896
9.990509033203125,0.23691990345650768,0.7809843557285232,-2.435779230713871,-0.0264047858355262,-0.0008221657080879149,-0.0318261252723182,2.5688690245560584,0.041361708394611216
9.99250602722168,0.2473820432967994,0.5419404685252769,-2.0981577815162624,-0.023015355747064377,0.008089901712488275,-0.03471345267209669,2.18109225456154,0.04242849168070374
9.994509220123291,0.11721809848663775,1.256927230868609,-2.1115565296661356,-0.0379305213878544,-0.006441177092117826,-0.04150584698151113,2.460137623038099,0.056594598229328566
9.996507167816162,0.31705471003279406,0.946728311383837,-2.3050464067795073,-0.027915330528609273,-0.001295956687301749,-0.038911410321492625,2.511982707372164,0.04790660743012836
9.998542070388794,-0.17255522419693903,0.9787339621941447,-2.3074070778630285,-0.02636972672385799,-0.007679918555682585,-0.036238906441630976,2.5123341531576378,0.045470891530716116
10.000515222549438,0.38881493699015923,1.025834806180165,-2.3296987631568955,-0.03411243560372839,-0.0017766259996323157,-0.031426557374816595,2.575074840048756,0.046415979696584286
